abrasives	Abrasives remove material from a workpiece.
sanding-abrasives	Sanding abrasives smooth surfaces (such as metal, composites, wood, stone, and plastic) and prepare them for finishing and polishing.
sanding-discs	Sanding discs smooth surfaces made of metal, wood, composites, and other materials.
sanding-belts	Sanding belts fit compatible grinding or sanding tools to smooth wood and metal surfaces.
hand-sanding-pads-sponges-steel-wool	Hand sanding pads, sanding sponges, and steel wool smooth and finish metal, composite, wood, and stone surfaces.
sandpaper-sheets	Sandpaper sheets shape, smooth, and finish metal and wood surfaces.
sanding-rolls	Sanding rolls have an abrasive material for removing surface imperfections and finishing wood, metal, ceramic, and other surfaces.
flap-wheels	Flap wheels install in bench grinders, pedestal grinders, die grinders, or other rotary tool to debur, smooth, and polish surfaces.
surface-conditioning-wheels	Surface-conditioning wheels are made of nonwoven material with an integrated abrasive to clean and prepare surfaces for finishing.
cartridge-rolls	Cartridge rolls quickly remove material, smooth surface imperfections, and ease sharp edges.
spiral-bands	Spiral bands clean, smooth, blend, and polish contours.
specialty-abrasives	Specialty abrasives fit rotary tools to deburr, clean, smooth, and finish metal, composites, and stone.
abrasive-cord	Abrasive cords smooth hard-to-reach surfaces in narrow crevices and grooves and inside small through-bores.
cut-off-grinding-abrasives	Cut-off and grinding abrasives are used in metalworking and machining applications to cut workpieces to size and smooth metal, stone, and concrete surfaces.
cut-off-wheels	Cut-off wheels install in angle grinders, power saws, and other rotary tools to cut and notch metal workpieces.
grinding-wheels	Grinding wheels smooth and finish metal and sharpen tools.
combination-cut-off-grinding-wheels	Combination wheels install on angle grinders to cut, notch, and grind metal workpieces.
grinding-cones-plugs	Grinding cones and plugs install on die grinders for offhand snagging and grinding metal workpieces, including cleaning castings, smoothing welds, cleaning interior weld seams, and beveling.
rubbing-bricks	Rubbing bricks are made of extra-coarse abrasive to remove marks on stone and concrete, clean castings, and smooth floors.
dressing-truing-tools	Dressing and truing tools keep grinding wheels square, sharp, and clean.
abrasive-brushes	Abrasive brushes are made with coarse strands of material and are used with power tools to polish, deburr, clean, smooth, finish, or buff surfaces, as well as remove rust, scale, paint, and welding spatter.
wire-wheel-brushes	Wire wheel brushes install on rotary power tools to debur, clean, and finish metal, wood, masonry, and plastic.
cup-brushes	Cup brushes install on power tools, such as angle, drill, and die grinders, to debur and clean surfaces of rust, paint, slag, and other surface contaminants from large and contoured surfaces.
end-brushes	End brushes are used for fine-tuned deburring and cleaning, removing slag and rust from narrow passages, tubes, and tight corners.
wire-brush-kits	These kits contain several types of wire brushes, including cup, wheel, and end.
disc-brushes	Disc brushes remove surface contaminants such as rust, paint, and coatings from large areas.
power-tube-brushes	Power tube brushes connect to handheld power tools or are mounted onto automated machines to clean and debur blind, through, smooth and threaded holes.
honing-brushes	Honing brushes have nylon bristles with abrasive-embedded spheres at the ends to finish and clean bores of oxidation and other surface contaminants.
abrasive-blasting	Abrasive blasting uses high pressure to apply abrasive media to a workpiece to remove rust and surface contaminants, smooth and debur parts, and prepare surfaces for finishing.
abrasive-blasting-media	Abrasive blasting media is used in abrasive blasters to debur, clean, finish, etch, and polish metal, wood, and composite workpieces.
blasting-cabinets	Blasting cabinets have an airtight, enclosed space to contain blast media, dust, and debris created when removing rust and surface contaminants from workpieces.
blasting-cabinet-parts-accessories	Blasting cabinet parts and accessories connect to, repair, or replace worn components on abrasive blasting cabinets.
portable-abrasive-blasters	Portable abrasive blasters connect to an air compressor to clean and etch large surfaces.
blasting-guns-nozzles	Blasting guns and nozzles connect work with an abrasive blaster or compressed air source to clean surfaces, remove paint and rust, and debur parts.
abrasive-blasting-dust-collectors-accessories	Abrasive blasting dust collectors attach to blast cabinets to remove airborne dust and blast media to maintain good visibility.
abrasive-blasting-hoods	Abrasive blasting hoods protect the face, head, and neck from blast media debris encountered during abrasive blasting operations.
deburring	Deburring tools remove rough edges, unwanted projections, and surface imperfections from workpieces.
carbide-burs	Carbide burs attach to rotary tools to remove sharp edges, smooth, and shape machined workpieces.
mounted-points-kits	Mounted points debur, blend, smooth, finish, and polish metal, plastic, and composite workpieces.
hand-deburring-tools-blades	Hand deburring tools and blades smooth sharp edges on metal workpieces.
sharpening	Sharpening supplies clean and hone cutting edges to keep blades, chisels, and tools in good condition.
sharpening-stones	Sharpening stones are composed of abrasive material to clean, hone, polish, and sharpen cutting edges.
abrasive-sharpening-files	Abrasive sharpening files are often used in tool and die making to debur, smooth, hone, and chamfer parts, and sharpen cutting edges.
sharpening-machines	Sharpening machines renew cutting edges so tools can make clean, accurate cuts.
hand-sharpening-tools	Hand sharpening tools are used for the manual sharpening of cutting tools, including scissors and knives.
buffing-polishing	Buffing and polishing uses fine abrasives and soft buffing wheels to remove light scratches and create a fine, polished finish on metal, plastic, composites, and glass.
buffing-wheels	Buffing wheels attach to bench grinders to remove scratches, buff, polish, and finish workpieces.
buffing-polishing-compounds	Buffing and polishing compounds are applied to buffing wheels to remove surface contaminants and imperfections.
buffing-polishing-kits	Buffing and polishing kits include buffs and abrasive polishing compounds that work together to create a fine finish on metal.
lapping-compounds	Lapping compounds create flat surfaces in high-precision machining applications.
diamond-polishing-pads	Diamond polishing pads create a fine final finish on engineered and natural stone surfaces, such as granite countertops.
felt-bobs	Felt bobs are used with polishing compounds to create a final finish on metal and plastic surfaces.
vibratory-tumbling-finishing	Vibratory tumbling and finishing removes burs and creates a smooth surface on metal, plastic, glass, and stone.
tumbling-media	Tumbling media deburs, smooths, and polishes metal, plastic, stone, and glass.
tumbling-media-finishing-compounds	Tumbling media finishing compounds are added with tumbling media to vibratory and centrifugal magnetic finishers to enhance finishes that would be achieved using media alone.
vibratory-tumblers	Vibratory tumblers debur, smooth, and polish small parts made from a variety of materials such as metal, plastic, glass, and stone.
vibratory-tumbler-bowls-lids	Vibratory tumbler bowls and lids attach to vibratory tumblers to hold and secure parts and media.
vibratory-tumbler-replacement-parts	Vibratory tumbler replacement parts keep tumblers in good working order.
manual-separating-screens	Manual separating screens ensure undersized tumbling media isn't used in a vibratory tumbler.
abrasive-accessories	Abrasive accessories support the use of sandpaper, surface-conditioning pads, flap wheels, and other abrasives that smooth and finish metal, wood, composites, and concrete and stone.
backing-pads-fasteners	Backing pads install on an angle grinder, orbital sander, or rotary tool and have a flat, stable surface that supports an abrasive disc to provide a smooth, even finish.
mandrels-arbors-adapters-for-abrasives	Mandrels, arbors, and adapters connect abrasive wheels, discs, and sanding abrasives to a compatible rotary tool.
expanding-drums-wheels	Expanding drums and drum wheels hold inline drum sanding belts and abrasive spiral bands so they can be used in a drum sander, drill press, or handheld rotary tool.
sanding-blocks	Sanding blocks grip and stabilize sandpaper to make hand sanding easier.
adhesives-sealants-and-tape	Adhesives, sealants, and tape are used to bond, repair, seal, and protect a wide range of materials and surfaces.
adhesives-glues	Adhesives and glues hold materials together and prevent separation after drying, and are often used to reinforce or provide an alternative to mechanical fasteners.
load-bearing-structural-adhesives	Load-bearing structural adhesives are the only adhesives able to create load-bearing bonds and provide an alternative to screws and other mechanical fastening.
construction-adhesives	Construction adhesives hold non-load-bearing building materials together and prevent separation after drying, providing a substitute when mechanical fasteners are not suitable or additional support when used with fasteners.
spray-adhesives	Spray adhesives, also known as aerosol adhesives, apply evenly and quickly without mixing or spreading, are useful for bonding larger surface areas, and typically have a short drying time.
contact-adhesives	Contact adhesives, also known as contact cement or rubber cement, stick to surfaces and form a strong bond in applications where other glues won't suffice.
instant-adhesives	Instant adhesives, also known as superglues, are one-part adhesives that bond and cure the fastest among all adhesives and require minimal clamping time.
hot-melt-adhesives	Hot melt adhesives join and seal light- to medium-weight materials using hot-melt glue sticks that are inserted in a glue gun applicator.
wood-glues	Wood glues bond wooden parts together or wood to other materials in a variety of environments and perform well on hard and soft wood, as well as particleboard and composites.
general-purpose-glues	General purpose glues, also known as white glues, are for everyday bonding and repair tasks when a specialized glue isn't required.
shoe-fabric-repair-glues	Shoe and fabric glues repair damaged shoes, fabrics, gloves, and other flexible materials with an abrasion-resistant bond that is waterproof so repaired items can be worn outdoors.
hybrid-adhesive-sealants	Hybrid adhesive sealants combine the properties of an adhesive and a sealant to bond materials while preventing moisture and contaminant intrusion.
adhesive-sealant-surface-preparation	Adhesive and sealant surface preparation chemicals and solvents ensure that materials bond properly.
caulks-sealants-gasket-makers	Caulks, sealants, and gasket makers are compounds that fill gaps and seal mating components to keep out contaminants and prevent leaks.
caulks-sealants	Caulks and sealants fill small gaps, seams, and joints around building and fixture components to form a strong, flexible bond that provides a finished look, seals out moisture and pests, and protects against the elements to improve energy…
spray-foam-sealants	Spray foam sealants fill gaps around doors, windows, ductwork, and plumbing fixtures to provide a barrier against air flow, dust, and pests.
gasket-sealants-makers	Gasket sealants and makers join two mating surfaces together, such as flanged components, to seal the bond and prevent leaks.
pipe-sealants	Pipe sealants prevent leaks and loosening in pipe joints due to vibration, and seal out contaminants to prevent corrosion.
valve-sealants	Valve sealants protect valves from outside contaminants and prevent corrosion on internal components by filling in gaps, seams, and joints to seal out media flowing through the pipe.
threadlockers-retaining-compounds	Threadlockers and retaining compounds are adhesives that hold mechanical parts together to resist vibration.
threadlockers-for-plastics	These threadlockers work with plastic fasteners to fill the space between the threads of plastic bolts and screws to hold them in place and form a barrier to prevent leaks.
reusable-threadlockers-for-metals-plastics	Reusable threadlockers remain soft and flexible for metal and plastic fasteners that require removal, adjustment, and reuse.
retaining-compounds-for-metals	Retaining compounds fill the space between unthreaded metal parts to hold them in place and dampen vibration.
potting-compounds-protective-coatings	Potting compounds and protective coatings adhere to parts and components to cover and protect them from abrasion, corrosion, and wear.
concrete-asphalt-repair	Concrete and asphalt repair compounds patch holes and cracks, clean, resurface, and protect paved areas to improve the performance and extend the life of concrete and asphalt surfaces.
patching-compounds-for-concrete-asphalt-repair	Patching compounds repair cracks, level floors, and resurface paved areas to improve the performance and working life of concrete and asphalt surfaces.
joint-sealants-crack-fillers-for-concrete-asphalt-repair	Joint sealants and crack fillers flow smoothly into cracks and expansion joints in concrete or asphalt.
cleaners-sealcoatings-for-concrete-asphalt	Concrete and asphalt cleaners and sealcoatings help maintain the function and appearance of paved surfaces.
concrete-mix-cement	Concrete is a widely-used building material for pouring driveways, sidewalks, foundations, columns, and anchoring posts and pilings.
patching-repairing-compounds	Patching and repairing compounds fill small cracks and holes to smooth over imperfections or to quickly repair a damaged surface and stop leaks.
wall-repair-patching	Wall repair patching products fill and conceal panel joints, nail and screw heads, cracks, and holes to smooth the surface of a wall in preparation for painting.
wood-fillers-hardeners	Wood fillers and hardeners disguise minor holes, dents, and cracks in finished wood, repair damaged wood, or restore, strengthen and protect weathered wood.
surface-repair-patches-fillers	Surface repair patches and fillers provide a quick solution to patch holes and cracks in damaged surfaces, or fill cavities to seal or anchor parts.
adhesive-sealant-dispensing-equipment	Adhesive and sealant dispensing equipment is refilled with compatible cartridges or bulk material to mix, measure, and consistently distribute adhesives and sealants.
caulk-gun-applicators-accessories	Caulk gun applicators dispense single-component sealants and adhesives that bond materials and fill gaps or joints between surfaces.
two-part-applicators-nozzles	Two-part applicators and nozzles dispense two-part adhesives that bond materials together.
hot-melt-applicators	Hot melt applicators, also known as hot glue guns, melt adhesives to produce a controlled flow of glue that bonds materials.
dispensing-syringes-bottles-tips	Dispensing syringes, bottles, and tips help apply adhesives and sealants for bonding.
tape	Tape seals, repairs, wraps, joins, mounts, masks, and protects equipment and surfaces.
sealing-repair-tape	Sealing and repair tape is used to patch, wrap, and seal surfaces, as well as hang materials and bundle items.
masking-tape-painter-s-tape-dispensers	Masking tape is designed for temporary holding, wrapping, marking, and labeling applications.
electrical-tape	Electrical tape wraps around wires, cables, and components to either insulate the flow of electricity or conduct electricity between circuits and contacts.
mounting-bonding-tape-dispensers	Mounting and bonding tape is used to display items and adhere surfaces together when pressure is applied.
adhesive-transfer-tape-dispensers	Adhesive transfer tape mounts and bonds material and components in applications where a very thin layer of adhesive is needed.
surface-protection-tape	Surface protection tape covers, reinforces, and protects surfaces from impact damage, light, heat, and chemicals.
specialty-application-tape	Specialty application tape is used in specific settings that require tape with unique properties.
residue-free-gaffer-s-tape	Gaffer's tape secures lighting components and cables to surfaces without leaving adhesive residue.
cleaning-and-janitorial	Cleaning and janitorial products keep commercial and industrial facilities clean and well-maintained.
waste-recycling-trash-supplies	Waste, recycling, and trash supplies collect, sort, and transport trash and recycling materials for proper disposal.
trash-bags	Trash bags contain waste for disposal.
trash-recycling-containers	Trash and recycling containers collect, contain, sort, and support trash and recycling operations.
prepaid-recycling-kits	Prepaid recycling kits simplify compliance with regulations concerning hazardous material recycling and disposal.
cigarette-disposal	Cigarette disposal products keep smoking areas clean while reducing fire hazards and minimizing litter.
pet-waste-disposal	Pet waste disposal products provide pet owners with convenient access to pet waste bags and disposal stations.
sanitary-napkin-disposal	Sanitary napkin disposal products help keep restrooms clean and reduce plumbing issues by providing a convenient and clean way to dispose of feminine hygiene, personal care, and incontinence products.
trash-pickers-grabbers	Trash pickers and grabbers are used by workers to pick up trash in parks, building grounds, highways, and other areas where trash and litter accumulate.
trash-compactors-balers-can-crushers	Trash compactors, balers, and can crushers reduce the volume of waste, allowing more trash to fit in receptacles and lowering disposal costs.
paper-products-dispensers	Paper products are disposable, sanitary items typically used in hotels, restaurants, medical facilities, and workplaces to encourage cleanliness.
paper-towels-dispensers	Paper towels are often used instead of cloth rags to reduce the chances of cross-contamination and eliminate the need for laundering.
bathroom-tissue-dispensers	Bathroom tissue is paper tissue supplied on a roll that is provided near toilets to facilitate personal hygiene and cleanliness.
facial-tissues-dispensers	Facial tissues are soft, absorbent paper sheets designed for cleansing the face or blowing the nose.
toilet-seat-covers-dispensers	Toilet seat covers are disposable paper tissues shaped like a toilet seat that provide a hygienic barrier between the user and the toilet.
door-handle-tissues-dispensers	Door handle tissues and dispensers provide single-use paper sheets to encourage hygiene and avoid exposure to germs.
hand-personal-care	Hand and personal care products encourage germ control and cleanliness in correctional facilities, hospitals, and workplaces.
hand-soap-cleaners-dispensers	Hand soap cleanses hands of dirt during general handwashing operations.
hand-cleaning-wipes	Hand cleaning wipes combine textured material with cleaning solution to effectively scrub stubborn industrial soils from hands without rinsing or damaging the skin.
hand-sanitizer-dispensers	Hand sanitizer and sanitizing wipes contain alcohol or alcohol-free agents that kill bacteria and germs.
hand-body-lotion	Hand and body lotions keep skin moisturized to prevent dryness, flaking, and cracking that can cause itching and pain.
facial-body-hair-care	Facial, body, and hair care products promote healthy hair and skin.
hand-dryers	Hand dryers blow streams of air to dry hands in restrooms, significantly reducing waste and eliminating the need to stock paper towels.
sanitary-napkins-tampons-dispensers	Individually wrapped sanitary napkins and tampons conveniently restock sanitary napkin and tampon dispensers to provide access to feminine hygiene products in commercial restrooms.
oral-care	Oral care products clean mouths and teeth to help prevent tooth decay, gum disease, and bad breath.
cleaning-chemicals	Cleaning chemicals help clean, degrease, sanitize, and disinfect surfaces.
surface-disinfectants-sanitizers	Surface disinfectants and sanitizers reduce the number of germs on hard, nonporous surfaces to help prevent the spread of germs.
degreasers	Degreasers are cleaning agents that remove water-insoluble substances such as grease and oils from hard surfaces like floors, machinery, parts, and tools.
cleaners	Chemicals clean and degrease multiple surfaces.
dilution-control-systems	Dilution control systems help eliminate waste by accurately diluting and mixing cleaning chemicals to fill bottles, buckets, sinks, and floor care machines quickly from a central or remote location.
dishwashing	Dishwashing chemicals help remove grease and food residue from dishes, pots, and pans in various applications, including commercial, residential, food service, and hospitality settings.
floor-care-chemicals	Regular floor maintenance extends the life of flooring materials in residential, commercial, and industrial applications.
laundry	Laundry chemicals remove dirt and stains from clothing and linens.
drain-cleaners-openers	Drain cleaners and openers ensure a long-lasting life for indoor pipes, drains, garbage disposals, grease traps, sewer lines, septic systems, and holding tanks.
calcium-lime-rust-removers	Calcium, lime, and rust removers clean oxidation and mineral deposits from hard surfaces.
adhesive-removers	Adhesive removers remove the sticky substances that decals, tape, stickers, labels, and gum leave behind on hard surfaces, including walls, furniture, and vehicles.
mold-mildew-removers	Mold and mildew removers kill mold and mildew and dissolve deep-seated stains and odors on a variety of indoor and outdoor surfaces including tile, grout, tubs, toilets, fiberglass, counters, and sinks.
graffiti-removers	Graffiti removers clean up inks, markers, paints, and most common graffiti marks from hard surfaces including concrete walls, store fronts, and inside schools.
water-repellent-fabric-protectors	Water-repellent fabric protectors resist moisture on contact to keep clothing, shoes, and outdoor items dry.
pool-chemicals	Pool chemicals balance and maintain water quality in swimming pools, hot tubs, and whirlpools in health clubs, hotels, and spas.
odor-control-chemicals-supplies	Odor control products mask or eliminate odors in the air or on surfaces to keep facilities smelling fresh and clean.
air-fresheners-odor-eliminators	Air fresheners and odor eliminators neutralize and remove odors in the air or on surfaces to keep facilities smelling fresh and clean.
air-freshener-systems	Air freshener systems mount on walls in bathrooms, locker rooms, and other small rooms to counteract foul odors.
toilet-urinal-mats	Toilet and urinal mats are placed near urinals and around toilets to absorb drips and splashes.
urinal-cakes-urinal-screens-toilet-rim-hangers	Urinal cakes, urinal screens, and toilet rim hangers are used in urinals and toilets to absorb odors and provide a fresh scent in public and workplace restrooms.
floor-cleaning-machines	Floor cleaning machines clean and beautify resilient floor surfaces.
vacuum-cleaners	Vacuum cleaners clean surfaces in commercial and industrial workplaces.
floor-scrubbers	Floor scrubbers use compatible pads or brushes to prepare and polish flooring surfaces.
burnishers-polishers	Burnishers and polishers clean and maintain hard floors.
pads-brushes	Pads and brushes clean, strip, buff, and maintain flooring.
carpet-floor-sweepers	Carpet and floor sweepers remove dust and debris from bare floors and low-pile carpets.
carpet-cleaners	Carpet cleaners remove embedded soils and stains exceeding the capabilities of conventional vacuums.
multi-surface-cleaning-machines	Multi-surface cleaning machines are powered units that wash, scrub, and dry non-porous horizontal and vertical surfaces.
steam-cleaners	Steam cleaners remove stubborn soils and grime from surfaces.
dry-wipes-rags-towels	Dry wipes, rags, and towels clean off grime, wipe away dust, and soak up spills.
dry-wipes	Dry wipes absorb spills, clean messes, and dust surfaces.
shop-towels-rags	Shop towels and rags clean up paint spills, apply stains and varnishes, and polish and dust surfaces.
microfiber-cloths	Microfiber cloths are made from highly absorbent synthetic material with extremely fine fibers that trap debris, dust, and bacteria, whether used with or without chemicals.
controlled-environment-wipes	Controlled environment wipes are used to wipe away surface contamination in sensitive environments.
add-your-own-solution-bucket-system	Add-your-own solution bucket systems hold dry wipes, while cleaning solvents of choice can be added to create wet wipes for appropriate cleaning tasks.
personal-care-dry-wipes	Personal-care dry wipes provide a sanitary, durable alternative to paper towels in extended care, healthcare, and assisted living environments.
dry-wipe-dispensers	Dry wipe dispensers store dry wipes and keep them located close to work locations.
mops-brooms-brushes	Mops, brooms, and brushes keep facilities clean and in working order.
brushes-brooms-dust-pans	Brushes, brooms, and dust pans are used to sweep up, collect, and remove debris from counters, tables, floors, and equipment.
mops-floor-finish-applicators	Mops and floor finish applicators clear dirt and dust from floors and baseboards and apply finishes or protective coatings to wood, stone, concrete, and synthetic flooring.
squeegees-window-cleaning	Window washing squeegees and equipment wash, scrub, and remove liquids and deposits from building and automotive windows.
dusters	Dusters, including dusting sheets or dusters with handles, remove dust and light debris from ceiling fans, cabinets, bookcases, tables, and countertops.
buckets-spray-bottles	Buckets and spray bottles hold and carry water, cleaning solutions, and other liquids wherever they are needed.
cleaning-buckets	Cleaning buckets and pails hold and carry water, cleaning solutions, and other liquids wherever they are needed.
spray-bottles-trigger-sprayers	Combine spray bottles with trigger sprayers to apply cleaners, degreasers, disinfectants, and other liquids.
cleaning-dispenser-containers-accessories	Cleaning dispensing containers and accessories refill cleaning chemicals and solutions in bottles and mop handles used in floor cleaning systems.
electrostatic-sprayers	Electrostatic sprayers dispense a charged mist that penetrates hard-to reach areas, sticks to surfaces, and suspends in the air to provide thorough coverage.
sponges-scouring-pads	Sponges are absorbent cleaning tools made from natural or synthetic materials used for wiping, washing, and cleaning.
cleaning-carts-caddies	Cleaning carts and caddies keep cleaning supplies, linens, and tools organized and within reach, avoiding repeated trips to a supply closet.
cleaning-carts	Cleaning carts keep cleaning supplies, linens, and tools at hand to avoid repeated trips to a supply closet.
cleaning-supplies-holders	Cleaning supplies holders organize cleaning tools including spray bottles, brushes, gloves, and other equipment.
plungers	Plungers mechanically open clogged or obstructed pipes or drains.
cleaning-janitorial-equipment-parts	Cleaning and janitorial equipment parts are used for the maintenance and repair of compatible janitorial equipment.
electrical	Electrical equipment facilitates and supplies power to devices, machines, and systems.
wire-cable-cordsets	Wire, cable, and cordsets are products that carry electrical current from a power source to devices and equipment.
automotive-electric-vehicle-ev-wire-cable	Automotive and electric vehicle wires and cables connect various electrical systems within a vehicle.
bonding-grounding-wire	Bonding and grounding wire and accessories help prevent the unsafe buildup of static electricity, reducing the risk of electric shock to workers and damage to equipment through explosions or fires.
building-wire-cable	Building wires and cables carry electrical current from power sources to devices in buildings, such as outlets or light fixtures.
bus-drop-tray-cable	Bus drop cables and tray cables are service cords that connect power supplies to machines or devices.
continuous-flexing-automation-robotics-cable	Continuous flexing automation and robotics cables are designed to withstand repeated bending, flexing, and twisting without damage.
diesel-locomotive-dlo-cable	Diesel locomotive cables, also called DLO cables, are specialty heavy-duty electric cables that are designed to withstand the demanding conditions found in locomotives and other types of trains.
direct-burial-submersible-wire-cable	Direct burial wires and submersible cables are electrical service wires placed directly in the ground without requiring conduit for protection.
fire-alarm-cables	Fire alarm cables consist of a collection of solid wire conductors encased by a protective layer of outer insulation.
hvac-control-wire-cable	HVAC control wires and cables are essential for connecting and controlling heating, ventilation, and air conditioning systems.
industrial-power-communication-cordsets	Industrial power and communication cordsets supply power to equipment and enable communication between devices.
machine-tool-specialty-wire	Machine tool and specialty wires are specially designed cables with unique or niche applications that other cable types cannot meet.
portable-cord	Portable cord is flexible and consists of one or more insulated conductors enclosed in a protective jacket.
voice-data-cables-patch-cords	Voice and data cables and patch cords transmit signals between equipment, devices, and services.
communication-control-cables	Communication and control cable transmits electric and digital signals to connect and regulate equipment and devices.
computer-cables	Computer cable transmits electric and digital signals to electronic equipment and computers.
electrical-boxes-enclosures	Electrical boxes and enclosures shield electrical components like wiring junctions, switches, and outlets from damage and protect them from inclement weather, moist environments, dust, and other hazardous surroundings.
electrical-boxes-covers	Electrical boxes and covers, also known as outlet boxes, house and shield wiring junctions from inclement weather or moist environments, hazardous locations around chemicals or gases, in bare or finished walls, or on the ground.
electrical-enclosures-accessories	Electrical enclosures and accessories protect vital electrical junctions and switches from damage.
server-rack-enclosures-accessories	Server rack enclosures and accessories house and organize servers, networking equipment, and supporting infrastructure in data centers and network installations.
conduit-fittings-strut-channel-framing	Conduit, fittings, and strut channel framing organize, route, and protect wire and cable.
conduit-fittings	Conduit and fittings form systems to route and protect wire and cable.
beam-clamps-conduit-pipe-cable-mounting-supports	Beam clamps, and conduit, pipe, and cable mounting supports provide support for conduit runs.
strut-channel-components	Strut channel products provide light support in wiring, plumbing, and mechanical applications.
electrical-connectors-wiring-devices	Electrical connectors and wiring devices facilitate the transmission of electrical and data/signal connections.
wire-connectors-terminals-lugs	Wire connectors, terminals, lugs, and power blocks facilitate the grounding or transfer of a power source between conductors and circuit points.
plugs-receptacles-wiring-devices	Plugs, receptacles, and wiring devices make and maintain electrical connections that distribute power from a source to equipment.
circular-connectors	Circular connectors facilitate the transfer of data, power, and signals between cables and equipment.
rectangular-connectors	Rectangular connectors have modular bodies that accommodate different types of connections, including data, power, pneumatic air, and electric signals.
modular-industrial-power-battery-connectors	Modular industrial power and battery connectors provide power connections in demanding industrial and commercial environments.
data-network-interface-connectors	Data and network interface connectors install on enclosures and surfaces to transfer data, signal, and power connections.
voice-data-connectors-jacks-housings	Ethernet switches have many ports that accommodate multiple devices and connect them with local area network service.
power-data-distribution-blocks	Power and data distribution boxes have terminals for attaching input and output cables to distribute electric power and signal connections.
wire-cable-management	Wire and cable management products organize and protect electrical wire and cables in high-traffic areas.
wireways	Wireways are troughs with hinged or removable covers for routing and protecting electric wire and cable in permanent, whole-facility wiring installations.
cable-ladder-wire-mesh-trays	Cable ladder and wire mesh trays are cable support systems that run large quantities of power or data cable overhead or under floors.
surface-raceways-cable-concealers	Surface raceways and cable concealers are cable management systems that mount on walls, ceilings, or floors.
wiring-ducts	Wiring ducts are troughs that guide and separate short runs of wire and cable.
cable-hangers-clips-organizers	Cable hangers, clips, and organizers organize, support, and route cable, wire, and hose.
cable-hose-carriers	Cable and hose carriers are flexible structures made of links that guide and organize moving cable and hose.
corrugated-loom-tubing	Corrugated loom tubing is flexible with alternate ridges and grooves.
cable-sleeving-wraps	Cable sleeving and wraps fit over wire, cable, and hose to bundle and protect them.
cable-ramps-cable-floor-covers	Cable ramps and cable floor covers shield cable and hose to reduce tripping hazards and prevent incidental damage due to pedestrian or vehicle traffic.
cable-ties-mounts	Cable ties and mounts bundle and support cable and wire to keep it organized and secure.
cable-grips-mesh-grips-safety-springs	Cable grips, mesh grips, and safety springs join cable to enclosures or facilitate pulling cable in trenches and conduit.
heat-shrink-cold-shrink-tubing	Heat shrink and cold shrink tubing are sleeves that form a tight seal around wire, cable, and connectors and are used for protection, insulation, and repairs.
cable-reels-for-teaching-pendants	Cable reels for teach pendants contain cables for robotic systems, keeping them organized and out of the way to prevent damage or tripping hazards.
power-strips-extension-cords-cord-reels	Power strips, extension cords, and cord reels organize cords, extend their reach, expand their capabilities, or adapt them to fit a specific receptacle.
power-strips-surge-protectors-accessories	Power strips and surge protectors supply power to multiple devices simultaneously from a single power outlet, while their accessories support, protect, or aid in installation.
extension-cords	Extension cords feature a molded outlet to accept a device's plug, extending the reach to a nearby power source.
extension-cord-reels	These cord reels hold extension cords on a spool, extending to the desired length and winding back up when not in use to keep the area organized, protect from damage, and eliminate tripping hazards.
extension-cords-with-outlet-boxes	Extension cords with outlet boxes feature a flexible electrical cable and supply temporary power to multiple devices from the same cord, such as a power tool and a light.
gfci-elci-cords-plugs-panels	GFCI (ground fault circuit interrupter) cords, plugs, and panels bring power to devices like power tools or lights in spaces that may come in contact with water, shutting them off if a ground fault is detected to prevent damage or injury…
extension-cord-adapters	Extension cord adapters create compatibility between a device's power cord plug and a power outlet receptacle when they are of different types.
grounding-rods-braids-connectors	Grounding and bonding products help prevent the unsafe buildup of static electricity, reducing the risk of electric shock to workers and damage to equipment through explosions or fires.
grounding-braids	Grounding braids ensure positive ground throughout an electrical panel or from machine and equipment components.
grounding-rods	Grounding rods and accessories connect electrical systems to the ground to safely dissipate electricity to the earth, preventing shorts to connected equipment.
isolated-ground-bars	Isolated ground bars connect multiple grounding wires in tight spaces such as cabinets and enclosures.
grounding-crimping-connectors	Grounding crimping connectors join multiple wires to rods or rebar.
fuses-circuit-breakers-safety-switches	Circuit breakers, fuses, and safety switches open circuits to stop current from flowing to protect electrical equipment and operators.
fuses-accessories	Fuses and accessories are used in electrical installations and equipment to provide overcurrent protection.
circuit-breakers-panelboards-load-centers	Circuit breakers, panelboards, and load centers protect electrical circuits from current overloads.
safety-disconnect-switches	Safety and disconnect switches provide manual control of electrical circuits to connect and disconnect power from industrial machinery, electrical systems, and motors for maintenance or in an emergency.
solar-panels-accessories	Solar panels and accessories convert sunlight to electricity.
solar-panels-kits	Solar panels and kits convert sunlight to electricity.
solar-charge-controllers	Charge controllers protect batteries from overheating or overcharging by regulating the current, or delivering the appropriate voltage to a battery to fully charge it.
pv-solar-wire	PV (Photovoltaic) solar wires connect solar panels to their power processing and distribution systems and transfer the generated power between them.
temporary-power-distribution	Temporary power distribution products provide electricity in locations where permanent electrical connections are inaccessible or unavailable.
temporary-power-distribution-boxes-carts	Temporary power distribution boxes and carts serve as hubs to connect electrical loads and have multiple outlets to distribute power.
power-centers-portable-power-stations	Power centers and portable power stations act as a combination transformer and distribution panel to regulate and distribute power from a generator, temporary power pole, or other 480V AC power source.
temporary-power-distribution-cords-accessories	These accessories help provide temporary power where needed, such as large events or construction.
industrial-controls-automation-and-machine-safety	Industrial controls, automation, and machine safety products monitor and regulate machinery and automated processes.
control-stations-control-pendants-tumbler-switches	Control stations, control pendants, and tumbler switches turn circuits on and off to industrial machinery, equipment, and systems to power them or switch between functionalities.
operator-switches-pilot-lights	Operator switches and pilot lights connect with industrial equipment, machinery, and systems to control or indicate their status.
limit-switches	Limit switches react to physical contact to detect whether objects are present, absent, or at their preset destination.
snap-action-switches	Snap-action switches are small electromagnetic devices that react to physical contact to quickly open or close circuits in low-voltage systems and devices that need fast and reliable responses.
liquid-level-control-switches	Liquid-level control sensors and switches monitor fluid levels inside tanks, containers, and vessels and turn circuits on and off when levels reach a preset threshold.
pressure-vacuum-switches	Pressure, vacuum, and vibration switches monitor conditions in industrial systems and equipment to prevent damage and downtime.
proximity-motion-vision-sensors	Proximity, motion, and vision sensors observe the presence of a target object or read a series of shapes.
machine-safety	Machine safety sensors and interlock switches shut off power to industrial machinery and systems to help prevent accidents and damage.
industrial-automation	Industrial automation devices control equipment used to help facilities save energy and reduce costs.
relays	Relays are electrically-operated switches that regulate power to downstream circuits when energized to control low-current equipment, devices, machinery, and electrical systems.
robotics	Robotics equipment includes standalone devices and other units that integrate into existing systems to automate repetitive jobs such as sorting, assembling, and picking and placing items on conveyors.
tower-lights	Tower lights are vertically stacked light arrays that communicate the status of a piece of equipment or system.
motor-controls	Motor controls start, stop, regulate the speed, and change the rotation of electric motors.
contactors-overload-relays	Contactors and overload relays combine to create motor starter assemblies.
motor-starters-combination-starters	Motor starters and combination starters provide control of motors and help protect them against damage.
motor-monitoring-management-systems	Motor monitoring and management systems provide comprehensive control of electrical motors for real-time performance monitoring and diagnostics, detecting abnormal loads and other conditions that might lead to motor system damage and…
drum-motor-switches	Drum and motor starter switches are manually operated controls that stop, start, or reverse the direction of motors.
motor-emc-suppressors	Motor EMC suppressors install near the source of interference to help eliminate short circuits caused by voltage peaks and surges during motor shutdowns.
contactor-motor-starter-replacement-parts-accessories	Contactor and motor starter replacement parts and accessories maintain, modify, or build contactors and motor starter assemblies.
transformers-ups-power-supplies	Transformers, UPS, and power supplies keep sensitive electronic equipment safe by adapting power to suit their needs or keeping equipment online during outages.
transformers-phase-converters	Transformers and phase converters adapt power supplies, protecting equipment from damage.
ups-ups-batteries	Uninterruptible Power Supply and UPS batteries provide backup power to sensitive electronic equipment like computers and servers to protect against damage or data loss during an outage.
power-supplies	Power supplies adapt alternating AC power to cleaner DC power and step the voltage down to protect electrical equipment.
power-conditioners	Power conditioners stabilize incoming AC power to protect sensitive electrical equipment like computers, TVs, and sound systems.
micro-data-center-systems	Micro data center systems provide in-house data storage and protection for IT assets.
electronics-batteries	Electronics and batteries facilitate communication in offices, industrial facilities, and other work areas.
batteries-battery-chargers	Batteries and battery chargers provide power and portability to electrical devices and equipment.
battery-storage-organizers	Battery storage cases and organizers hold spare batteries to prevent them from getting lost within a toolbox or office drawer and to shield their terminals from contact with materials that can cause short circuits or leaks.
disposable-batteries	Disposable batteries are single-use power sources that are replaced after they run out of charge.
sump-pump-batteries-battery-acid	Sump pump batteries supply power to operate a backup sump pump when the primary sump pump fails.
portable-device-chargers	Portable device chargers provide a charging station or external battery for recharging mobile devices when users are away from their factory-supplied chargers.
rechargeable-batteries-chargers	Rechargeable batteries and chargers provide a reusable alternative to disposable batteries.
sealed-lead-acid-lithium-batteries-chargers	Sealed lead acid and lithium batteries and chargers power large devices and supply backup or reserve power for industrial systems.
electronic-communication-equipment	Electronic communication equipment includes devices and accessories for connecting audio-video equipment to network services and playing visual content on external devices like monitors and televisions, or audio on speakers.
video-equipment	Video equipment includes televisions, monitors, cameras, camcorders, and DVD players that record and play visual content with compatible systems.
audio-equipment	Audio equipment transmits, receives, and reproduces audio signals to communicate between locations over a distance.
audio-video-accessories	Audio-video accessories connect cables to devices and provide space to store equipment.
antenna-and-satellite-dish-mounts-accessories	Antenna and satellite dish mounts secure and position antennas, satellite dishes, or surveillance equipment.
data-entry-devices-accessories	Data entry devices include keyboards and keypads used in industrial areas for security to allow people entrance to facilities or to enter codes to control equipment and devices.
communications	Communication equipment includes AV equipment, TV monitors, phones, and accessories for use in commercial and hospitality environments.
message-display-sign-accessories	When you need sign letters and other sign accessories, such as protective sign covers and trays for plastic letters, numbers and symbols, shop Grainger.
fasteners	Fasteners are pieces of hardware that mechanically join multiple materials or objects together.
bolts-screws	Bolts and screws are externally threaded male fasteners used with female-threaded fasteners or holes to provide secure, reliable fastening.
hex-head-bolts	Hex head bolts have hexagonal heads that are tightened with a wrench to provide secure and reliable fastening that requires high-tensile strength.
socket-drive-cap-screws	Socket head cap screws feature a hexagonal recess for tightening and loosening with an Allen wrench or hex key, providing a flush fit with the fastening surface.
drilling-tapping-screws	Drilling and tapping screws allow users to fasten materials together.
machine-screws	Machine screws are small-diameter fasteners that fit most high-volume machining applications and can be used on almost any type of surface.
eye-bolts	Eye bolts have a shank for anchoring to structures or equipment and a ring (or loop) at the top for attaching rope, hooks, or other hardware.
u-bolts	U-bolts support heavy objects from ceilings, walls, and poles.
round-head-bolts	Round bolts include carriage and step bolts, elevator bolts, plow bolts, and freight car bolts.
shoulder-screws	Shoulder screws allow the rotation of pulleys, linkages, and other moving parts in engines and mechanical applications.
set-screws	Set screws typically have no heads and are fastened into a threaded hole on a component to hold it in place against another component.
hanger-bolts-dowel-screws	Hanger bolts and dowel screws join wood-to-wood or wood-to-hardware where two different fastening surfaces need to be connected.
binding-posts	These binding posts feed through electrical panels, thick documents, or several metal layers to create connections.
thumb-screws	Thumb screws have large heads with wings, ridges, or protruding tips that make them easy to grip and turn with one hand.
captive-panel-screws	Captive panel screws pair with retainers to stay fixed onto frequently used access panels of machinery or electronics when removed.
square-head-bolts	Square-head bolts have large, flat sides and tighten easily with a wrench.
bolt-screw-caps	Bolt and screw caps enhance and protect bolt and screw heads.
nuts	Nuts screw onto male-threaded fasteners using matching female threads and tighten towards a mounting surface.
hex-nuts	Hex nuts screw onto male-threaded fasteners in non-locking applications.
lock-nuts	Lock nuts resist unwanted rotation by engaging the male fastener or the mounting surface.
cap-nuts	Cap nuts screw onto exposed male fasteners to protect their threads and provide a finished look.
coupling-nuts	Coupling nuts act as a junction to connect two male-threaded fasteners.
flange-nuts	Flange nuts spread their fastening force over a wider area than traditional nuts.
square-nuts	Square nuts fit into square-shaped openings, channels, or slots.
wing-nuts	Wing nuts feature two integrated wings to allow fastening by hand with greater torque than thumb nuts, and are commonly used when a fastener is repeatedly tightened and loosened.
thumb-nuts	Thumb nuts provide a tool-free method of securing a fastener in place.
handle-nuts	Handle nuts provide a tool-free, high-leverage fastener that is designed for repeated tightening and loosening.
eye-nuts	Eye nuts screw onto male-threaded fasteners and provide a metal loop as a mounting point.
weld-nuts	Weld nuts combine a welding flange with a female threaded nut.
clinch-nuts	Clinch nuts have an annual recess in the shank.
cage-nuts-spring-nuts	Cage nuts and spring nuts provide mounting points on panels where tapping threads would be impossible.
t-nuts-for-wood	T-nuts for wood embed into wood surfaces to provide metallic, female-threaded mounting points.
push-nuts-retainers	Push nuts and retainers provide a fast method of securing components to a male-threaded fastener.
sealing-nuts	Sealing nuts eliminate fluid and air leakage by creating an airtight seal between fasteners and surfaces.
washers	Washers distribute the pressure of a fastener head evenly over a surface to reduce loosening over time and ensure the fastener is pressed against a smooth surface.
flat-washers	Flat washers evenly distribute pressure when a bolt or screw is tightened.
lock-washers	Lock washers create tension by locking the bolt or screw into the workpiece’s threaded hole.
insulator-washers	Insulator washers are highly-durable and corrosion-resistant to insulate screws and other fasteners from mounting surfaces, moisture, dirt, and electricity.
countersunk-washers	Countersunk washers are bowl-shaped to allow flat or oval countersunk head screws to lie flush with the work surface and to create a more professional finish.
spherical-washers	Spherical washers are designed to compensate for misaligned surfaces, making them suitable for fixture applications.
structural-washers	Structural washers are thick and heavy-duty for mechanical and structural use with high-strength fasteners.
ogee-washers	Ogee washers have an outside diameter that is four times larger than the diameter of the paired bolt to provide additional reinforcement in harsh environments.
retaining-washers	Retaining washers create a tight fit that prevents turning and loosening.
threaded-rods-studs	Threaded rods and studs are cylindrical fasteners that mount, brace, and reinforce components into place.
fully-threaded-rods-studs	Fully-threaded rods and studs have threads from one end to the other for full engagement of nuts or other female-threaded components.
double-end-threaded-rods-studs	Double-end threaded rods and studs are threaded on both ends and may be cut to specific lengths for tight fits into concrete, metal, or wood substrates.
single-end-threaded-studs	Single-end threaded rods and studs have threads on one end and an unthreaded end on the other.
mounted-studs	Mounted studs bond to the surface of a workpiece to provide a permanent, stationary male thread.
clinch-studs	Clinch studs are designed with notches, cuts, or serrations that bite into and displace material during installation to ensure a strong and secure hold.
anchors	Anchors create a secure mounting point to attach an item or equipment to a mounting surface.
anchors-for-concrete-block-brick	Anchors for concrete, block, and brick install into masonry surfaces and provide a threaded connection point to secure items into place.
adhesive-anchors	Adhesive anchors, also called adhesive anchoring systems or chemical anchors, attach to the mounting surface using adhesives.
rod-hangers	Rod hangers install into ceilings and other flat surfaces and provide a female-threaded anchoring point for male-threaded rods and fasteners.
spring-anchors	Spring anchors screw into female-threaded holes and fasteners to provide a solid anchoring point for springs and other tensioned loads.
threaded-inserts	Threaded inserts repair stripped threads or create new permanent threads in a mounting surface.
self-locking-inserts	Self-locking inserts install into a mounting surface and provide a female-threaded hole for installing male-threaded fasteners.
key-locking-inserts	Key-locking inserts fasten into threaded holes and provide new female threads for fasteners to engage with.
rivet-nuts	Rivet nuts, also known as blind nuts, install into thin or weak materials and provide a female-threaded mounting point.
heat-set-inserts	Heat-set threaded inserts, also known as ultrasonic inserts, install into plastics and other thermally deformable materials using heat to secure themselves in place.
threaded-inserts-socket-nuts	Socket nuts, also known as Allen nuts, are female-threaded fasteners that can function as either an insert or female-threaded nut.
rivets	Rivets create permanent connections between two or more materials by inserting through them and clamping the materials together from the front and back.
blind-rivets	Blind rivets install into holes in materials to secure them together.
solid-rivets	Solid rivets install through holes in the mounting surface to secure materials together.
tubular-rivets	Tubular rivets are used to fasten duct work or assemble mechanical products and electronics.
push-in-rivets	Push-in rivets fasten wood, metal, and plastic panels that are only accessible from one side.
drive-pin-rivets	Drive pin rivets, also known as drive rivets, install through holes in the mounting surface and provide strong holding power.
rivet-washers	Rivet washers sit between the mounting surface and the head of a rivet to spread its fastening force over a larger area.
lock-bolts-lock-bolt-collars	Lock bolts and lock bolt collars combine to create a permanent, vibration-resistant joint between two materials.
nails-spikes	Nails and spikes are fasteners that are driven into a surface and provide holding power to attach one item to another.
nails	Nails are loose-pack, non-threaded fasteners that secure two items together using friction.
collated-nails	Collated nails are connected in strips or rolls using plastic and other flexible materials that can easily feed through a powered nail gun.
spikes	Spikes are large, durable nails that secure loads that are exposed to the elements.
staples	Staple products are U-shaped fasteners featuring two short legs and a long middle section called the crown.
spacers	Spacers, also known as unthreaded sleeves or separators, keep components in an assembly spaced apart by preventing them from sliding along the rod or fastener that connects them.
standard-spacers	Standard spacers are unthreaded sleeves or separators designed to maintain a specific distance between components in an assembly.
retaining-spacers	Retaining spacers are unthreaded fasteners with retaining ribs that grip onto the shank of a male-threaded fastener and keep it aligned vertically through the spacer.
compression-limiters	Compression limiters serve as a barrier between fasteners and mounting surfaces to help prevent over-compression and potential damage to plastic assemblies, such as plastic panels.
standoffs	Standoffs are threaded fasteners that connect two components at a set distance from each other.
male-x-female-standoffs	Male x female standoffs are threaded components that create space between objects and provide a secure connection.
female-x-female-standoffs	Female x female standoffs are threaded components that create space between objects and provide a secure connection.
clinch-standoffs	Clinch standoffs install into sheets by being pressed or squeezed around the material, creating a permanent bond.
panel-mount-standoffs	Panel-mount standoffs provide a way to install a panel of glass, plastic, or other material above a wall or other mounting surface.
thread-adapters	Thread adapters have threads on both ends and connect two components with different thread sizes at a specified distance apart.
male-x-female-thread-adapters	Male x female thread adapters are used to convert thread sizes.
male-x-male-thread-adapters	Male x male thread adapters are used to convert thread sizes.
female-x-female-thread-adapters	Female x female thread adapters are used to convert thread sizes.
pins	Pins insert through holes in assemblies to secure components in place and create removable connection points between them.
dowel-pins	Dowel pins insert into holes to help secure or align components together.
clevis-pins	Clevis pins install into holes on the end of a clevis and are secured in place using a cotter pin or other similar pin. They allow for rapid assembly and disassembly and are able to secure much higher tension loads than bolts, rivets, or…
cotter-pins	Cotter pins, also called split pins, insert into holes in clevis pins, shafts, and other components to lock components in place.
industrial-safety-pins	Industrial safety pins install into clevis hitches, trailer hitches, and other loaded rotating joints that must remain connected to prevent injury or damage.
grooved-pins	Grooved pins feature several straight grooves that run along their length.
hitch-pins	Hitch pins, also called trailer pins, are three-point pins that feature a ring-shaped head and a cotter pin inserted into their tips to lock them in place.
lynch-pins	Lynch pins, sometimes called quick pins, feature a self-locking ring that snaps over the pin after it is installed and locks around the end of the mounting shaft.
taper-pins	Taper pins insert into straight or tapered holes and wedge themselves into place using friction.
snap-buttons	Snap buttons, also called press studs or snap fasteners, are spring-loaded v-shaped clips that sit inside a tube or pipe to lock telescopic tubing into place when their holes align.
quick-release-pins-receptacles	Quick-release pins and receptacles work together to hold components together temporarily.
retaining-rings	Retaining rings install into an assembly to restrict the movement of rotating or moving components.
external-retaining-rings	External retaining rings, also called snap rings or circlips, fit into grooves cut into shafts to help retain components and keep the shaft inside the assembly.
internal-retaining-rings	Internal retaining rings install into grooves on the inner wall of a housing or bore to help retain components with the assembly.
keys-key-stock	Keys and key stock are small metal bars or wedges that fit between an output shaft and the hub of a pulley, gear, sprocket, or other rotating component.
shims-shim-stock	Shims and shim stock fit into joints or between surfaces for spacing, leveling, alignment, and insulation applications.
round-arbor-spacers	Round arbor spacers, also called keyed spacers, are thick washers that help align components on a motorized shaft. They have a square or rectangular keyway cut into their inner surface so they can fit over the shaft and key during…
slotted-shims	Slotted shims, also called horseshoe shims, are rectangular, U-shaped shims that slide around a bolt or rod to space components from mounting surfaces and each other.
shim-stock	Shim stock consists of rolls or sheets of thin material from which custom shims can be cut or stamped.
wedge-shims	Wedge shims are tapered or stepped shims made with flexible or rigid materials, depending on whether vibration damping is needed.
safety-lockwire	Safety lockwire, or safety wire, prevents fasteners from loosening and falling out due to equipment vibration or movement.
fleet-vehicle-maintenance	Fleet and vehicle maintenance products include equipment, tools, lubricants, cleaning fluids, and replacement parts to keep fleets in service and vehicles on the road.
garage-equipment	Garage equipment supports and facilitates maintenance and repairs on fleet vehicles.
vehicle-lifting-support-equipment	Equipment to lift and support vehicles includes vehicle lifting jacks, support stands, lifting cranes and slings, loading and repair ramps, and outrigger pads and cribbing blocks.
creepers-accessories	Creepers consist of a metal frame, a creeper seat on which the mechanic sits, and a set of casters to move the creeper under vehicles.
garage-dollies	Garage dollies move equipment around the shop floor to limit lifting and moving heavy equipment during fleet maintenance and repair.
tire-wheel-equipment	Tire and wheel equipment helps maintain and store tires, wheel assemblies, and components.
oil-filter-crushers	Oil filter crushers and industrial oil filter crushers reduce old oil filters to about 20% of their original size and force up to 95% of the old oil and sludge out.
fuel-cans-tanks-caddies	Fuel cans, tanks, and caddies are dedicated storage containers for temporarily transferring, transporting, and dispensing fuels and other flammable liquids.
vehicle-protection-covers	Vehicle covers protect entire vehicles or parts from dust, dirt, and damage during storage or transport.
tire-brake-maintenance	Tire and brake maintenance products help repair and replace tires, wheel assemblies, brakes, and components.
tire-repair	Tire inflators and deflators equipment fill or release air from tires to achieve the correct pressure levels.
tire-wheel-performance	Tire and wheel performance products improve the operation of tire and wheel assemblies.
tire-wheel-replacement	Trailer and equipment tires replace old or worn tires on trailers, sporting vehicles, tractors, and lawnmowers.
brake-service	Brake service products support the repair and maintenance of braking systems.
vehicle-tools	Vehicle tools ease fleet maintenance by speeding up repairs and inspections and diagnosing issues.
vehicle-diagnostic-tools	Diagnostic tools test vehicle systems and highlight areas needing repair.
vehicle-electrical-lighting-tools	Vehicle electrical tools repair batteries and electrical circuits.
vehicle-engine-tools	Vehicle engine tools help keep fleet vehicles running smoothly.
general-fleet-shop-tools	General fleet shop tools assist with vehicle maintenance and repair tasks.
vehicle-heating-cooling-tools	AC refrigerant machines and accessories support the maintenance and repair of vehicle air conditioning systems and enhance their performance.
vehicle-lubricant-tools	Vehicle lubricant tools help transfer and dispose of fluids and prevent oily messes on shop floors.
steering-suspension-tools	Steering and suspension maintenance is done to ensure a vehicle has proper control on the road.
transmission-clutch-tools	Having the necessary transmission and clutch tools on hand to perform regular engine maintenance speeds repairs and helps keep vehicles running smoothly.
wheel-brake-tools	These tools repair, maintain, and replace tires and wheel assemblies.
vehicle-lubricants-fluids	Antifreeze and coolants protect vehicles from extreme temperatures and prohibit corrosion in radiators.
antifreeze-coolants	Antifreeze and coolants protect vehicles from extreme temperatures, prevent engine damage, and prohibit corrosion buildup in radiators.
brake-fluids	Brake fluids protect the metal components of a vehicle's braking system and ensure braking performance.
diesel-exhaust-fluids-def	Diesel exhaust fluids (DEF) help selective catalytic reduction (SCR) diesel engines meet the EPA’s near-zero emissions standards by lowering toxic nitrogen oxide exhaust levels as a vehicle is operated.
engine-motor-oils	Engine and motor oils improve performance and extend the life of engines and motors by lubricating the many moving parts to reduce friction and prevent corrosion.
fuel-engine-oil-additives	Fuel and engine oil additives help clean, improve efficiency, and protect moving parts against wear.
fuel-stabilizers-fogging-oils	Stabilizers and fogging oils help keep fuel from degrading in vehicles or equipment that are stored or not used frequently.
power-steering-fluids	Power steering fluids protect power steering systems from damage and corrosion.
starting-fluids	Starting fluids are added to engines to improve vehicle starting in extreme temperatures.
transmission-fluids-gear-oils	Transmission fluids extend the working life of vehicle and heavy equipment transmissions.
2-cycle-4-cycle-fuels	2-cycle and 4-cycle fuels are engineered fuels with added lubricants and additives that help equipment use less gasoline and reduce emissions.
vehicle-flushes	Flushes penetrate vehicle systems to remove oils and contaminants blocking lines.
vehicle-grease-lubricants	Grease and lubricants are used at all major vehicle connection points to reduce friction and extend the life of parts.
vehicle-uv-leak-detection-dyes-ac-oils-coolant-additives	Vehicle UV leak detection dyes, oils, and coolant additives help detect or deter fluid leaks in oil, fuel, air conditioning systems, automatic transmission, and power steering systems.
vehicle-equipment-filters	Vehicle and equipment filters cleanse air and fluid to improve performance and protect components from contaminants.
engine-air-filters	Vehicle engine air filters prevent airborne contaminants from entering the engine's combustion chamber.
cabin-air-filters	Cabin air filters remove dust, pollen, and smog from a vehicle's heating and air conditioning system to prevent pollutants from entering the driver and passenger area.
crankcase-ventilation-ccv-filters	Crankcase ventilation (CCV) filters reduce diesel engine emissions (blow-by) from venting into the atmosphere.
vehicle-coolant-filters	Vehicle coolant filters remove contaminants such as wear particles and corrosive deposits from coolant fluids to improve the performance of engine cooling systems.
diesel-exhaust-fluid-def-filters	DEF filters remove contaminants from diesel exhaust fluid to improve the performance of Selective Catalytic Reduction (SCR) systems.
vehicle-fuel-filters	Vehicle fuel filters remove contaminants from fuel to help engines run efficiently and reduce maintenance.
vehicle-equipment-hydraulic-filters	Vehicle and equipment hydraulic filters cleanse fluid to improve the performance of precise moving components in high pressure hydraulic systems.
oil-filters	Oil filters remove sediment, dirt, water, and other contaminants from oil to prevent wear on the engine's moving parts and ensure effective lubrication.
power-steering-filters	Power steering filters cleanse sediment, dirt, water, and other contaminants from the power steering fluid that lubricates and drives the hydraulic connection between the steering wheel and the front wheels of a vehicle.
transmission-filters	Transmission filters remove sediment, dirt, water, and other contaminants to prevent wear on moving parts and ensure effective lubrication in a transmission system.
vehicle-filter-service-kits	Vehicle filter service kits include multiple components for performing a filter change on a compatible vehicle make or type of equipment.
vehicle-filter-parts-accessories	Vehicle filter parts and accessories support the maintenance and repair of air and fluid filtering in automobiles, trucks, tractors, and equipment.
vehicle-engine-radiator-exhaust-maintenance	Vehicle engine, radiator, and exhaust maintenance products help keep fleet vehicles running.
vehicle-engine-maintenance	Vehicle engine maintenance products repair and replace worn parts in the engine assembly.
vehicle-exhaust-maintenance	Vehicle exhaust maintenance products maintain and repair emission systems.
vehicle-a-c-radiator-maintenance	Vehicle A/C and radiator maintenance requires specialized tools to keep these systems running effectively.
vehicle-transmission-maintenance	Vehicle transmission maintenance products support the repair of automotive transmission systems.
vehicle-electrical-battery-power-maintenance	Electrical system maintenance helps prolong the life of fleet vehicles' batteries and circuits.
vehicle-battery-power-charging	Battery power and charging equipment helps connect, recharge, maintain, and jump-start vehicle batteries.
vehicle-equipment-spark-plugs	Spark plugs deliver electrical current from a vehicle's ignition system to the combustion chamber to start the vehicle.
vehicle-wiring	Vehicle wiring systems transfer electrical current from one automotive component to another.
vehicle-lighting	Vehicle lighting improves safety and conveys information inside and outside of the vehicle.
exterior-vehicle-lighting	Exterior vehicle lighting illuminates the road for drivers and alerts other motorists and pedestrians to moving work trucks, construction equipment, and emergency vehicles.
interior-vehicle-lighting	Interior vehicle lighting helps with passenger safety, task lighting, and added emergency lighting.
towing-trailer-equipment	Towing equipment includes hitches, chains, and other commercial towing products for making vehicle to trailer connections.
trailer-locking	Trailer locking products help secure vehicle-to-trailer connections and prevent the unauthorized decoupling and theft of trailers.
towing-recovery	Towing and recovery equipment and accessories assist with moving disabled, illegally parked, or impounded vehicles.
vehicle-to-trailer-connection	Depending on the type of trailer used, common connections include a variety of hitches, receiver tubes, hitch pins, ball mounts, couplers and chains.
trailer-lifting	Raising and lowering trailers requires heavy-duty jacks and accessories.
trailer-electrical-braking	Trailer electrical wiring and harness plugs replace worn parts in vehicle electrical connections.
vehicle-accessories	Accessories aid in the performance and maintenance of vehicles.
vehicle-backup-alarms-horns-sirens	Backup alarms, horns, and sirens help prevent collisions by alerting pedestrians and other motorists of a vehicle's movement.
vehicle-camera-systems	Vehicle camera systems enhance driver visibility to increase safety in situations where sight is limited.
gps-units-accessories	A GPS tracking system uses the Global Navigation Satellite System (GNSS) network.
vehicle-storage	Vehicle storage products organize and secure equipment and supplies for trucks, vans, and trailers.
vehicle-safety-accessories	These products aid in maintaining safety around a vehicle.
interior-vehicle-accessories	Interior vehicle accessories provide comfort, organization, convenience, and information while on the road.
exterior-vehicle-accessories	Exterior parts and accessories help protect vehicles from damage and call attention to vehicles to reduce the risk of collisions.
vehicle-inspection-documentation	Inspection forms and documentation help companies track driver activity and comply with commercial vehicle driver hours and service regulations.
snow-plows-pushers-equipment	Snow plows, pushers, and equipment attach to vehicles to clear snow from walkways and streets.
vehicle-snow-brushes-brooms-ice-scrapers	Snow and ice removal tools for vehicles get drivers safely on the road in bad weather.
vehicle-cleaning-supplies	Vehicle cleaning supplies clean and degrease internal and external parts of vehicles.
vehicle-parts-cleaners-degreasers	Cleaners and degreasers dissolve dirt, grease, and oil from vehicle parts to improve performance, detect problems, and extend part life.
parts-washer-equipment	Parts washing equipment keeps tools and vehicle parts clean, so they work more efficiently and last longer.
vehicle-interior-care-detailing	Vehicle interior care and detailing products clean, sanitize, maintain, and preserve surfaces within the automobile's cabin. Interior vehicle cleaners wash surfaces of grime, impacted debris, and dirt.
vehicle-exterior-care-detailing	Vehicle exterior care and detailing restores and protects automobiles to like-new condition.
vehicle-cleaning-applicators-equipment	Vehicle cleaning applicators and equipment maintain a vehicle's interior or exterior surfaces, wash away impacted dirt, eliminate superficial scratches, polish body paint, and remove debris.
vehicle-windshield-maintenance	Vehicle windshield maintenance involves adding washer fluid regularly, replacing blades frequently, and repairing or replacing the motor if heavily used.
vehicle-windshield-washer-fluids-parts	Vehicle washer fluid and parts help keep windshield components operating smoothly to maintain clear visibility through front and back windows.
windshield-wiper-blades-parts	Windshield wiper blades work through rain, snow, sleet, and other debris that can dangerously obstruct views while driving.
auto-body-repair	Auto body repair products aid in the repair and renovation of vehicle exteriors to remove dents, fill gouges, and restore surfaces to their original condition.
auto-body-sealants-fillers	Auto body sealants and fillers repair and reconstruct exterior vehicle parts.
auto-body-tools	Auto body tools help repair and renovate interior and exterior parts of a vehicle with devices that ease removal, assembly, and reconstruction.
auto-body-equipment	This equipment moves, supports, and stores auto body parts for repair, paint prep, painting, and reconstruction of vehicles in a shop.
auto-body-tapes	Auto body tapes have a high-strength adhesive for mounting permanent details to a vehicle or reducing squeaking caused by friction.
auto-body-masking-machines	Masking machines dispense rolls of tape, plastic, or paper to mask vehicles before painting or to keep vehicles clean during repair.
body-clips	Body clips keep upholstery and trim safely intact in a vehicle.
door-hinge-pin-brushing-kits	Hinge and bushing kits aid in the replacement of worn-out vehicle door parts.
fleet-vehicle-maintenance-replacement-parts	Automotive replacement parts replace worn or broken parts to keep vehicles in good repair.
food-service-food-processing	Food service and food processing equipment assist with cooking, preparing, and serving food in professional kitchens, banquet halls, and cafeterias.
refrigerators-freezers-blast-chillers	Refrigerators, freezers, and blast chillers preserve perishables in both commercial and non-commercial settings, including professional kitchens, office break rooms, and restaurants.
combination-refrigerator-microwaves	Combination refrigerator-microwaves store, chill, and cook food.
commercial-refrigerators	Commercial refrigerators chill food and provide precision temperature controls.
walk-in-refrigerators	Walk-in refrigerators are larger than consumer-grade refrigerators and help keep perishables fresh for long periods in commercial kitchens, healthcare facilities, and educational facilities.
walk-in-freezers	Walk-in freezers are larger than other freezers and keep perishable items at freezing temperatures for long-term preservation in commercial kitchens, healthcare facilities, and educational facilities.
freezers	Freezers reach colder temperatures than standard refrigerator freezers and preserve perishable food to prevent spoilage.
commercial-freezers	Commercial refrigerators chill food, offer precise temperature control, have more storage space, are better insulated, and are more durable than traditional refrigerators.
blast-chillers	Blast chillers circulate cold air over hot food to quickly cool it, ensuring food safety, preserving nutritional value, maintaining texture, and extending shelf life.
refrigerated-merchandisers-display-cases	Refrigerated merchandisers and display cases chill perishables such as food, beverages, and flowers in various commercial and educational settings, such as delis and cafeterias.
kegerators	Kegerators store, chill, tap, and dispense kegged beverages such as beer, wine, cold brew coffee, and soft beverages.
replacement-parts-for-refrigerators-freezers	These replacement parts support the maintenance and repair of refrigerators and freezers in commercial kitchens.
ice-machines-accessories	Ice machines and accessories make, store, and dispense ice, and they replace worn parts to keep equipment in working condition or supplement its function.
ice-machines	Ice machines use air- or water-cooled condensers to make ice in different shapes.
ice-bins	Ice bins store ice and keep it at optimal temperatures.
manual-fill-ice-dispensers	Manual-fill ice dispensers hold and dispense ice.
ice-machine-cleaners-disinfectants	Ice machine cleaners and disinfectants sanitize ice makers, improving ice taste and machine efficiency.
ice-caddies-totes	Ice caddies and totes transport ice from an ice machine or bin to wherever it is needed.
ice-bags-picks-scoops-holders	Ice bags, picks, scoops, and holders help handle and transport ice around hotels, athletic facilities, or wherever ice is needed.
ice-machine-pumps	Ice machine pumps circulate water in ice machines and replace OEM pumps.
ice-machine-dispenser-replacement-parts	Ice machine and dispenser replacement parts keep ice machines and dispensers in working condition.
coffee-snacks-condiments	Coffee, tea, and beverage mixes are combined with or brewed in water, creating refreshing or caffeinated beverages.
coffee-tea-beverage-mixes	Coffee, tea, and beverage mixes combine into or brew with water.
snack-foods	Snack foods provide employees, customers, and guests with a quick bite to eat.
juices-energy-drinks	Juices and energy drinks provide customers, employees, and guests with a refreshing drink or a quick pick-me-up.
condiments	Condiments make food more flavorful or appetizing.
pet-treats	Pet treats are suited for dog-friendly businesses or places attending to clients with service dogs.
breakroom-food-service-disposables	Breakroom and food service disposables are single- or limited-use products that are discarded after use, reducing washing costs compared to reusable equivalents and limiting the spread of germs.
disposable-drinking-cups-sleeves	Disposable drinking cups hold beverages such as coffee, tea, soda, or water.
disposable-plates	Disposable plates hold food items such as snacks, entrees, sides, and desserts.
disposable-bowls	Disposable bowls typically hold food with high volumes of liquid such as soups, stews, or puddings.
disposable-cutlery	Disposable cutlery provides customers and employees convenient access to flatware when eating meals on-site or on the go.
dispensers-for-food-service-disposables	Dispensers for food service disposables organize and distribute single-use products such as cups, lids, cutlery, and napkins.
disposable-carry-out-containers-lids	Disposable carry-out containers and lids hold food for serving, taking meals on the go, or storing leftovers.
disposable-portion-dessert-cups	Disposable portion and dessert cups hold food items such as toppings, sauces, food samples, or desserts.
disposable-placemats-tray-table-covers	Disposable placemats, tray and table covers protect surfaces from stains and spills.
disposable-food-wrap-dispensers-safety-labeling	Disposable food wraps, liners, and dispensers hold food fresh, prevent food from burning on pans, and organize sheets or rolls of food wraps.
disposable-coffee-filters	Disposable coffee filters hold ground coffee beans during the brewing process.
disposables-for-serving-heated-cart-systems	Disposables for serving hold food and provide insulation to keep food warm.
kitchen-equipment	Kitchen equipment cooks, roasts, steams, brews, heats, and displays food, and assists with other tasks in a professional kitchen.
kitchen-prepware-cutlery-cookware	Kitchen prepware, cutlery, and cookware assist in processing ingredients and making meals.
beverage-frozen-food-appliances	Beverage and frozen food appliances make, serve, and store drinks and frozen food.
toasters	Toasters use heated coils to brown bread, bagels, and buns in professional kitchens, breakfast nooks, and cafeterias.
ovens-microwaves	Ovens and microwaves cook food using electromagnetic waves, circulated hot air, or radiant heat.
fryers	Fryers cook battered, breaded, or dry food.
food-warming-display	Food warming and displays keep food at safe temperatures and showcase items in buffets, catering events, cafeterias, and near check-out counters.
ranges-stoves	Ranges and stoves are all-in-one kitchen appliances that combine a stove top and an oven to cook food using various preparation methods.
grills-griddles	Grills and griddles feature open metal grates or a solid, flat metal surface for cooking burgers, hot dogs, pancakes, bacon, or eggs.
food-preparation-appliances	Food preparation appliances enhance, simplify, and automate the functions of mixers, blenders, and other appliances.
steam-cooking	Steam cooking equipment uses hot water vapor to cook food while maintaining moisture, preventing food from drying, and helping retain nutrients.
waterbath-cooking	Water bath cooking uses precise, low temperatures to gently and thoroughly cook food over extended periods.
warewashing-equipment	Warewashing appliances clean and sanitize cutlery, glassware, pots, pans, and tableware.
food-service-worktables-stations-storage	Food service worktables, stations, and storage help food service workers to hygienically organize, prepare, and store food in professional kitchens.
food-kitchen-storage	Food and kitchen storage products hold ingredients, prepared food, and baked goods for meal service or purchase.
food-service-worktables	Food service worktables are commercial-grade stations used to prepare food in kitchens, at catering events, and in bakeries.
tableware-service-supplies	Tableware and service supplies provide guests and employees with everything they need for meals.
tableware	Tableware and service supplies provides guests and employees with everything they need for meals.
buffet-service-serving-line-equipment	Beverage pitchers and servers hold drinks for meal service.
bartending-supplies	Bartending supplies assist in storing, serving, and making drinks, chilling and organizing bottles, and creating cocktail garnishes.
food-service-apparel	Foodservice apparel protects the wearer from spills, splash back, and other minor kitchen-related hazards that occur during meal service and preparation.
food-service-transportation	Food service storage containers safely and hygienically handle, hold, and move food, equipment, and supplies around kitchens, cafeterias, and restaurants.
meal-delivery-service-equipment-for-institutions	Meal delivery carts hold and transport food trays.
vending-kiosk-carts	Vending and kiosk carts organize, transport, and display food, snacks, and beverages.
merchandising-carryout-shelving	Merchandising and carryout shelving promote, display, and hold food items in cafeterias, professional kitchens, and lunchrooms.
meal-service-bussing-transport	Meal service and bussing transport carts, carriers, and equipment are used in food service environments to assist in food preparation, delivery, and clean up.
food-beverage-processing-supplies	Food and beverage processing supplies assist with transferring, cutting, dragging, breaking down, and preparing items.
hygienic-shovels	Hygienic shovels transfer large quantities of food products and waste material from one area to another.
hygienic-hand-bowl-scoops	Hygienic hand and bowl scoops transfer food and beverage products from one area to another, such as moving grains between containers, collecting liquids from small vats or pots for inspection, or introducing ingredients into…
hygienic-scrapers-hoes	Hygienic scrapers and hoes push, cut, or move food products and waste material from one area to another, such as scraping dough from the side of a mixer.
hygienic-mixing-paddles	Hygienic mixing paddles combine, mix, or push food products and waste materials stored in vats or other containers.
hygienic-rakes-forks	Hygienic rakes and forks pierce, lift, drag, and move products in various food processing applications, such as transferring processed grapes from a tipper or relocating fibrous material like hay.
hygienic-dairy-pails	Hygienic pails carry liquids and dairy products such as milk.
food-processing-cutlery-shears	Food processing cutlery breaks down large quantities of food for meal preparation or for carcass processing.
furnishings-hospitality-building-materials	Furnishings, appliances, and hospitality supplies enhance the overall functionality of a restaurant, office, or hotel and improve the experience and comfort of guests, residents, and employees.
furniture	Furniture provides guests, residents, and employees a place to sit, work, and relax in office spaces, hospitality settings, and healthcare facilities.
office-task-drafting-chairs-accessories	Office chairs provide comfort and support while working at desks and tables.
conference-tables	Conference tables have a large surface area and are used in offices and administrative buildings for meetings and coworking sessions.
seminar-training-tables	Seminar and training tables provide students, guests, attendees, and employees with a work surface for writing, taking notes, working, and checking in seminar attendees for events in auditoriums, lobbies, or conference rooms.
folding-tables	Folding tables provide employees, guests, students, and faculty with indoor and outdoor work or eating surfaces in auditoriums, picnic areas, conference rooms, and convention halls for various activities, such as workshops, seminars, and…
folding-table-chair-sets	Folding table and chair sets include surface and seating furniture pieces with corresponding designs and colors.
filing-storage-furniture	Filing and storage furniture hold and organize files, personal belongings, office supplies, and electronics in healthcare, commercial, industrial, and education settings.
office-desks-workstations	Office desks and workstations are mobile or stationary dedicated work surfaces used in commercial, healthcare, education, and industrial facilities.
reception-lounge-furniture	Reception furniture is placed in waiting rooms or lobbies of office buildings and healthcare facilities.
utility-tables	Utility tables are surfaces used for writing, drawing, or working on a laptop or tablet.
cafeteria-dining-breakroom-furniture	Cafeteria, dining, and breakroom furniture provide guests and staff a place to congregate or enjoy a meal.
classroom-furniture	Classroom furniture provides students and faculty a place to work, take notes, and store classroom items.
room-dividers	Room dividers help segment large rooms, dampen ambient noise, and provide patients, students, staff, or guests privacy in hospitals, classrooms, gymnasiums, auditoriums, and offices.
media-furniture	Media furniture holds, stores, organizes, or works with electronic devices like laptops, monitors, computers, and printers.
lecterns	Lecterns have angled surfaces to display printed notes or hold laptops and tablets to aid with speaking arrangements such as lectures or speeches in auditoriums, lecture halls, and convention rooms.
stages	Stages elevate people and equipment off the ground for presentations, performances, ceremonies, and work activities.
mail-literature-organizers-sorting-tables-risers	Mail and literature organizers, sorting tables, and risers help keep printed documents grouped and in order, like addressed envelopes, magazines, flyers, and brochures.
literature-displays	Literature displays hold and display printed content like brochures, flyers, and pamphlets in lobbies, reception areas, offices, and waiting rooms.
mattresses-bed-frames-bases	Mattresses, bed frames, and bases provide guests with an elevated sleeping place.
institutional-furniture	Institutional furniture is lightweight, resistant to tampering and ligature, and made from durable materials that withstand repetitive and heavy use in healthcare and correctional facilities.
furniture-glides-tips-repair-kits	Furniture glides, tips, and other items attach to the base of furniture to help move and reposition items without scratching hard flooring.
outdoor-furniture	Outdoor furniture is highly durable and resistant to sun, wind, rain, and snow exposure.
picnic-tables	Picnic tables withstand outdoor conditions, such as prolonged exposure to the sun, rain, and snow.
outdoor-benches	Outdoor benches are made of durable, weather-resistant materials and provide a place for people to sit and rest in retail areas, office parks, and school campuses.
bike-racks	Bike racks secure to the ground to provide a single location to secure bikes and prevent theft.
bleachers-stadium-chairs	Bleachers provide tiered seating for spectators during an event, maximizing occupancy.
patio-umbrellas-bases	Patio umbrellas and bases protect individuals and groups from the sun with targeted shade in designated locations.
exterior-sun-shades	Exterior sunshades provide a layer of enhanced protection from the sun on the outside of a building.
patio-furniture	Patio furniture is designed with durable materials suitable for use outdoors with resistance to environmental factors.
planters	Planters provide an above-ground container for cultivating organic plants and flowers.
hospitality-supplies	Housekeeping supplies hold and organize equipment and cleaners for staff during room service.
housekeeping-supplies	Housekeeping supplies replenish guestroom items, such as soap, shampoo, linens, and trays, to facilitate an optimal and pleasant staying experience.
hospitality-uniforms	Hospitality uniforms include shirts, pants, and shorts that establish a hotel's brand identity and create a sense of team camaraderie while allowing guests to distinguish staff when assistance is required.
bellman-carts	Bellman carts have wheels to help easily transport heavy luggage around hotel lobbies, hallways, elevators, and guestrooms.
garment-racks-coat-racks-hooks	Garment racks, coat racks, and hooks provide a place for customers, guests, and employees to hang their coats, jackets, bags, and other personal items.
shoe-racks	Shoe racks organize closet and entry spaces while keeping pairs of shoes together so they are easily located.
umbrella-stands-bags	Umbrella stands and bags hold wet umbrellas and prevent puddles in aisles, hallways, and lobbies in hotels and office buildings.
fitness-sports-recreation	Fitness, sports, and recreation products promote healthy activities, to improve physical and mental well-being.
exercise-equipment	Exercise equipment positively influences the effects and gains created by physical activity.
pool-spa-equipment	Pool and spa equipment products monitor, maintain, treat, and enhance the use of pools, spas, and related equipment.
recreational-games	Recreational games encourage fun activity and movement for all ages and skill levels.
team-sports-physical-education-equipment	Team sports and physical education equipment provide the sporting equipment and structural materials needed for competitive or educational group activities at schools, recreational departments, and sports clubs.
dog-park-equipment	Dog park equipment provides stimulating physical exercise for dogs, and also accommodates seating and amenities for animal owners or caregivers.
furnishings-building-supplies	Furnishings and building supplies outfit the foundation of a building with tiles, window treatments, and wall bases.
ceiling-tiles-hanging-hardware	Ceiling tiles and hanging hardware are used together to create suspended ceilings for indoor spaces.
window-treatments	Window treatments help insulate rooms and reduce energy costs by diffusing, blocking, or reflecting incoming light.
flooring-tiles-wall-bases	Carpet tile covers floors with interchangeable, square carpet sections.
doors	Doors separate spaces to provide privacy, limit noise, and contain conditioned air.
noise-control-products	Noise control products reduce equipment volume in loud environments by absorbing the sound or blocking it from spreading in specific directions.
mobility-products	Mobility products help people navigate a facility.
wheelchair-ramps	Wheelchair ramps install over or next to stairs, curbs, and thresholds to allow site visitors with wheelchairs, scooters, and walkers to freely navigate the building.
mobility-scooters	Mobility scooters transport people across large facilities without requiring them to walk or pedal.
hvac-and-refrigeration	HVAC and refrigeration products include equipment and supplies used to heat, cool, and ventilate spaces while maintaining air quality and temperature control in residential, commercial, and industrial environments.
air-filters	Air filters capture and remove contaminants from the air flowing through the HVAC system to improve indoor air quality.
panel-and-pleated-air-filters	Panel and pleated air filters install into HVAC systems to remove contaminants from the air stream.
box-air-filters	Box air filters are rigid filters with more capacity for capturing contaminants than panel filters.
bag-air-filters	Bag air filters are high-performance air filters installed in HVAC systems to capture contaminants in the air stream, which increases indoor air quality and helps prevent contaminants from accumulating on equipment or surfaces, thereby…
air-filters-pads-and-rolls	Air filter pads and rolls are lengths of filter media that install into a compatible air filter holding frame to create an air filter for removing contaminants from the air stream in ventilation systems.
fan-shroud-air-filters	Fan shroud air filters, also known as circular fan filters, wrap around the protective guards on fans to filter the air and trap large airborne particles, preventing them from damaging the fan.
air-filter-gasketing-holding-clips-pullers	Air filter gasketing, holding clips, and pullers help prevent air from leaking between the filter and its frame or housing, help users keep air filters in place in HVAC systems, and help users retrieve and install air filters from…
air-treatment	Air treatment products control indoor air quality.
air-purifiers-cleaners	Air purifiers and cleaners reduce or deactivate airborne contaminants to help improve indoor air quality and neutralize odors in homes and offices.
air-scrubbers-negative-air-machines	Air scrubbers and negative air machines clean the air and help stop the spread of airborne contaminants indoors.
dehumidifiers	Dehumidifiers remove moisture from the air to dry indoor spaces and help prevent the growth of mold, mildew, and odors.
humidifiers	Humidifiers add moisture to indoor air to ease breathing, make the space feel warmer, minimize static shocks, and help prevent wood surfaces and furniture from drying out.
cooling-fans	Cooling fans generate controlled airflow to manage heat, moisture, and air circulation around people, equipment, and surfaces in a wide range of indoor and outdoor environments.
industrial-cooling-fans	Industrial cooling fans move air to control heat in production, commercial, and industrial spaces, with ceiling and HVLS fans covering large areas, floor and pedestal fans handling spot cooling, dock fans serving loading zones, and misting…
office-desk-fans	Office and desk fans circulate air in offices and other low-dust environments, with personal and desk models for individual cooling and ceiling, floor, pedestal, wall-mount, and window fans used to move air across rooms or open areas.
equipment-cooling-axial-fans	Equipment-cooling and axial fans, also called enclosure or cabinet-cooling fans, move cool air in or hot air out of machinery enclosures when passive ventilation isn’t sufficient, helping regulate temperatures, reduce component wear, and…
portable-air-movers	Portable air movers, also known as carpet blowers or dryers, are high-velocity fans that move large volumes of air to accelerate drying in interior spaces after water-related incidents, helping reduce the risk of mold and related damage.
ventilation-equipment	Ventilation equipment maintains indoor air quality through the intake of fresh air and exhausting of stale air.
ventilation-fans	Ventilation fans help maintain indoor air quality and regulate air temperatures by pulling in fresh air, circulating it through the indoor space, and exhausting stale air.
blowers-air-movers	Blowers and air movers are used in applications where a targeted airstream is required.
draft-inducers-combustion-air-systems	Draft inducers and combustion air systems move air through a combustion system to increase the intake and exhaust airflow.
energy-heat-recovery-ventilators	Energy-recovery ventilators (ERVs) and heat-recovery ventilators (HRVs) refresh and condition the air in indoor spaces.
air-curtains	Air curtains create air barriers that reduce heat transfer between spaces and help block the passage of airborne contaminants or pests.
duct-venting	Duct and venting products help direct airflow through a building's HVAC system and the intake and exhaust vents.
dampers-louvers	Dampers and louvers regulate airflow passing through them to balance HVAC intake and exhaust airflow.
air-conditioners-evaporative-coolers	Air conditioners and evaporative coolers provide climate control to keep spaces comfortable in industrial, commercial, residential, and outdoor settings.
air-conditioners	Air conditioners moderate the temperature of a space by transferring heat into and out of the space using pressurized refrigerants and phase change technology.
evaporative-coolers	Evaporative coolers use water to reduce air temperatures and cool people and equipment.
central-equipment	Central heating and cooling equipment is used to maintain, repair, and replace components of HVAC systems that use ductwork to distribute heat and air conditioning from a single furnace or cooling unit to multiple rooms.
whole-house-gas-furnaces	Whole-house gas furnaces connect to natural gas lines to produce heat for multifamily homes.
air-handlers	Air handlers integrate into central HVAC systems and help to condition the interior air.
evaporator-coils-for-air-conditioners	Evaporator coils for air conditioners condition the air passing through an HVAC system by transferring heat into or out of the conditioned space.
replacement-compressors-condensing-units	Replacement refrigeration compressors and condensing units are the main components of an HVAC system that compress and expand the refrigerant to transfer heat into and out of the system.
heaters	Heaters are devices that generate and transfer heat to warm spaces, air, or materials, helping maintain comfortable or controlled temperatures.
electric-heaters	Electric heaters generate heat using electricity to warm air, materials, or processes in residential, commercial, and industrial applications.
electric-process-heaters	Electric process heaters use resistive heating elements to deliver controlled heat for industrial equipment, materials, and processing applications.
gas-oil-kerosene-heaters	Gas, oil, and kerosene heaters burn fuels to generate heat and warm the surrounding space.
hydronic-boilers-heaters	Hydronic boilers and heaters use hot water or steam to provide the primary source of heat in cold weather.
heat-exchangers	Heat exchangers transfer heat between a source fluid (liquid or gas) and a working fluid using heat pipes, fins, and heat plates.
shell-tube-heat-exchangers	Shell and tube heat exchangers transfer heat between fluids using a series of heat tubes surrounded by an outer shell.
heat-exchanger-replacement-parts	Heat exchanger replacement parts change out worn or damaged heat exchanger components.
hvac-controls-and-thermostats	HVAC controls and thermostats regulate the HVAC system and help ensure occupant comfort through efficient operation.
thermostats	Thermostats connect to the HVAC system and control its functions to maintain a specific temperature or temperature range in a space or process system.
hvac-sensors-switches	HVAC sensors and switches help automate the control of an HVAC system by responding to environmental changes and sending signals to the HVAC control system.
hvac-hydronic-valves	Hydronic HVAC valves control the flow of water and steam through the hydronic heating systems.
steam-system-traps-vents	Steam system traps and vents, also known as steam system flow controls, remove air and water from hydronic heating systems to improve their efficiency and help prevent unsafe conditions.
hvac-equipment-controls-components	HVAC equipment controls regulate specific components of the HVAC system.
actuators-for-hvac-dampers-valves	Actuators for dampers and valves connect to infrastructure components and provide the force needed to open or close the connected valve or damper.
pneumatic-controls	Pneumatic controls regulate compressed air signals to operate various HVAC system components.
refrigerants-heat-transfer-fluids-lubricants	Refrigerants, heat-transfer fluids, and lubricants are the main working fluids of air conditioning and hydronic heating systems.
refrigerants	Refrigerants are the working fluids that transfer heat in HVAC systems to heat or cool spaces.
heat-transfer-fluids	Heat-transfer fluids are used in heating and cooling systems to move heat from a source and dissipate it to control the temperature in a space.
refrigeration-oils	Refrigeration oils are specialty lubricants used in refrigerators, air conditioners, heat pumps, and other similar phase-change heat transfer systems.
pumps-for-refrigeration-oils	Pumps for refrigerant oils connect to HVAC systems and transfer specific amounts of refrigerant oil into the system.
heaters-for-refrigerant-cylinders	Heaters for refrigerant cylinders keep them at the optimal temperature to ensure they maintain the correct pressure to charge an HVAC system.
hvac-diagnostics-recovery-evacuation	HVAC diagnostics, recovery, and evacuation equipment install, maintain, and repair refrigerant-based HVAC systems.
refrigerant-evacuation-recovery	Refrigerant evacuation and recovery products help prepare refrigerant systems for charging and remove refrigerant from the system for maintenance or conversion.
hvac-manifold-gauge-sets-gauges-hoses	HVAC manifold gauge sets, gauges, and hoses connect HVAC systems to cylinders, pumps, and other accessories to help users operate and maintain the system.
refrigeration-access-valves-tools-accessories	Refrigeration access valves, tools, and accessories help HVAC technicians install, modify, and repair access points on the HVAC system.
hvacr-leak-detection	HVACR (Heating, Ventilation, Air Conditioning, Refrigeration) leak detection equipment helps identify and locate leaks in HVAC and refrigeration systems.
hvac-cleaning-chemicals-equipment-kits	HVAC cleaning chemicals, equipment, and kits help keep HVAC equipment operating correctly by removing dirt, debris, and other contaminants.
coil-cleaning-chemicals-sprayers	Coil cleaning chemicals and sprayers remove dust, debris, and other contaminants that clog the fins of an HVAC coil and reduce its effectiveness.
descaling-systems	Descaling systems spread solutions that chemically break down scale, calcium, rust, and other deposits that reduce the performance of HVAC coils.
ultraviolet-disinfection-cleaning-systems	Ultraviolet disinfection cleaning systems eradicate microorganisms such as mold and bacteria using ultraviolet (UV) light.
hvac-brushes-combs	HVAC brushes and combs clean and maintain HVAC systems to ensure optimal performance.
heat-exchanger-cleaning-equipment	Heat exchanger cleaning equipment fits into the tubes, piping, and other parts of a heat exchanger system to remove dirt and debris and keep systems running efficiently.
disinfectants-odor-neutralizers	Disinfectants and odor neutralizers remove microorganisms and organic compounds that cause unpleasant odors.
flushing-equipment-accessories	Flushing equipment and accessories clears HVAC plumbing blockages, prepares HVAC systems for refrigerants, and helps remove clogs or buildups.
heating-fuel-treatments	Heating fuel treatments are added to heating fuels such as diesel and heating oil to enhance performance and efficiency.
hvac-installation-repair-mounting-equipment	HVAC installation, repair, and mounting equipment help technicians install, maintain, and connect HVAC systems more efficiently by reducing installation time.
refrigeration-valves	Refrigeration valves control refrigerant flow in HVAC systems to provide control and assist with diagnostics and repairs.
condensate-management	Condensate management products help users treat and control condensation in HVAC systems.
hvac-tapes-sealants-cements	HVAC tapes, sealants, and cements seal joints and leaks in HVAC systems.
air-conditioning-installation-mounting-equipment	Air conditioning installation and mounting equipment help users set up and operate their air conditioning systems efficiently and safely.
air-conditioning-theft-protection	Air conditioning theft protection products help prevent unauthorized access or theft of air conditioning system parts and components.
filter-driers-sight-glasses-suction-line-accumulators	Filter driers, sight glasses, and suction line accumulators help process and monitor refrigerant flow in an HVAC system.
fan-blades-and-propellers	Fan blades and propellers replace bent or pitted blades and propellers that can reduce performance and cause unwanted noise in HVAC systems.
condenser-propeller-hubs	Condenser propeller hubs connect the fan blade to the motor drive shaft in an HVAC condenser unit.
plastic-fan-blades	Grainger carries an extensive plastic fan blade inventory with more than 50 styles in clockwise and counterclockwise configurations.
tubeaxial-fan-blades	For durable and reliable tubeaxial fan blades, shop Grainger! Find four-, five- and six-blade propellers with hub bores that make them compatible with specific Dayton tubeaxial fans.
hvac-refrigeration-replacement-parts	Replacement HVAC parts are used to replace worn, lost, or damaged parts in refrigerators, freezers, and HVAC systems to keep systems functioning.
replacement-motor-accessories-for-hvacr-equipment	Replacement motors and accessories extend the life of HVACR components such as blowers, fans, and condensers without replacing the entire HVACR unit.
bearings-bushings-sheaves-for-hvacr-equipment	These parts replace worn or lost bearings, bushings, and sheaves (pulleys) in HVACR motor drive assemblies found in condensers, heat pumps, heat exchangers, unit heaters, and power roof ventilators.
replacement-hvacr-controls-switches-thermostats	Replacement controls, switches, and thermostats replace nonfunctioning parts in HVACR equipment that help regulate temperatures and send signals to control components for efficient operation.
replacement-hvacr-fans-filters-ventilation-parts	Replacement fans, filters, and ventilation parts support the maintenance of HVACR equipment to ensure indoor air quality and temperature.
replacement-hvacr-pumps-valves-tubing	These parts replace worn or nonfunctioning pumps, valves, and tubing in HVACR equipment.
hvacr-bases-housings-mounting-kits	These bases, housings, and mounting kits support the installation, maintenance, and repair of HVACR systems.
seals-fittings-fasteners-for-hvacr-equipment	Replacement seals, fittings, and fasteners replace worn, lost, or nonfunctioning parts in HVACR equipment to ensure leak-tight connections.
replacement-parts-for-hvacr-heaters-heat-exchangers	These parts replace heaters, heat exchangers, and their components in HVACR systems.
power-sources-cables-for-hvacr-equipment	These parts replace worn or nonfunctioning power source components such as cords, cables, plugs, and other electrical wiring parts in HVACR equipment.
knobs-handles-wheels-for-hvacr-equipment	These parts replace worn or lost thermostat knobs, equipment handles and wheels, and other components on HVACR systems.
hardware	Hardware is used for installations, repairs, or maintenance tasks in industrial and commercial facilities.
wire-hangers-suspension-kits	Wire hangers and suspension kits are used to suspend mechanical, electrical, and plumbing components of building services from ceilings or overhead structures.
door-hardware	Door hardware allows doors to open and close so people can pass through an entryway.
locksets-exit-devices	Locksets and exit devices have latches, locking mechanisms, and different handles that open and close doors.
door-locks-strike-plates	Door locks and strike plates secure doors and locks and keep occupants safe.
door-closers-operators	Door closers and operators work in tandem with compatible doors and access control systems to automatically close doors when they’ve been opened and released.
door-guards-sweeps-and-weatherstripping	Door guards, sweeps, and weatherstripping install onto doors to protect them from break-ins and vandalism and to block out unwanted elements from entering a room or building.
door-stops-holders	Door stops protect walls from contact with doorknobs, levers, and other parts which may produce scuff marks or holes in the walls.
door-thresholds	Door thresholds install underneath doors to cover gaps where the door meets the floor.
door-ramps	Door ramps create a smooth transition through a doorway when the threshold or door frame is uneven with the walking surface.
door-knockers-viewers	Door viewers allow occupants to see who’s at the door before opening for increased security.
sliding-door-hardware	Sliding door hardware includes items such as locks, handles, track kits, and rollers to keep doors secure and operational.
glass-door-hardware	Glass door hardware includes parts and components that are used to attach, secure, and operate glass doors.
screen-door-hardware	Screen door hardware includes parts and components required to install screens and enhance their functionality.
window-hardware	Window hardware helps protect buildings from intruders, pests, and weather.
door-window-replacement-screen	Door and window replacement screen repairs, refreshes, and renovates worn or damaged existing screens.
rubber-locking-gaskets	Rubber locking gaskets mount and seal stationary panes of glass and windshields into panels and frames.
window-door-seals	Window and door seals help protect indoor spaces against pests, weather elements, dirt, dust, water leaking, and noise.
window-insulation-kits	Window insulation kits prevent loss of heat during colder months.
window-locks-hardware	Window locks and hardware control and limit access to the opening and closing actions of windows.
window-security-bars	Window security bars prevent unwanted passage through windows and other openings.
window-opening-control-devices	Window opening control devices limit how far a window will open to prevent accidents and injuries.
handles-pulls-knobs	Handles, pulls, and knobs provide a firm gripping location where needed.
handles-pulls	Handles and pulls attach to doors, cabinets, or drawers to enable easy opening and closing.
load-rated-pull-handles	Load-rated pull handles are for heavy-duty, repetitive use in industrial and commercial settings.
recessed-handles-pulls	Recessed handles and pulls open and close drawers, cabinets, and doors with minimal protrusion from the surface.
cabinet-knobs	Cabinet knobs help open and close cabinet doors and drawers.
closet-door-knobs	Closet door knobs open and operate compatible closet doors.
hand-knobs	Hand knobs serve as basic controls to operate machinery and function as simple clamps to secure parts and materials.
hand-wheels	Hand wheels mount onto a shaft and turn in a circle, rotating the shaft to operate and adjust machinery, equipment, and components.
machine-handles	Machine handles mount to machine tools and are used to make manual adjustments to the machines.
drawer-slides	Drawer slides open and close compatible drawers smoothly, providing convenience and durability in general purpose and heavy-duty drawer applications found in commercial and residential kitchens, tool cribs, maintenance shops, and storage…
hinges	Hinges include two leaves joined by a knuckle that holds them together.
butt-hinges	Butt hinges have two rectangular mounting plates, called leaves, connected at a center knuckle joined by a hinge pin. One leaf mounts on the door, while the other mounts to the frame, allowing up to 180° swinging motion.
electrified-hinges	Electrified hinges conduct a continuous flow of electric current between locks or exit devices and an access control system.
piano-hinges	Piano hinges distribute weight evenly across the length of the hinge, providing added support and stability.
lift-off-hinges	Lift-off hinges allow doors to be lifted and removed from the frame without removing the hinges.
pivot-hinges	Pivot hinges attach to the top and bottom of doors on a vertical axis.
spring-hinges	Spring hinges have two rectangular mounting plates, called leaves, connected at a center knuckle and joined by a hinge pin. They have a built-in spring mechanism that automatically closes the door from an open position.
concealed-hinges	Concealed hinges install flush with both the door and frame surfaces.
specialty-hinges	Specialty hinges meet specific application needs for industrial, commercial, and residential settings.
hasps-latches-and-catches	Hasps, latches, and catches are mechanisms that fasten doors, cabinets, or lids shut.
hasps	Hasps install on doors, gates, and cabinets to lock and secure them when closed.
push-to-close-latches-catches	Push-to-close latches and catches keep doors or cabinets closed and secure.
compression-latches	Compression latches consist of a cam or bolt that rotates on an axis to release or secure a pawl or lever, which then seals the panel or door shut.
draw-latches	Draw latches have a clasp and hatch that attach to two different surfaces and connect to hold doors, chests, toolboxes, and other storage compartments together.
door-bolts-latches-chain-guards	Door bolts, latches, and chain guards are often used with doors in residential homes, apartments, and hotels to provide increased security.
hanging-door-latches-locks-hardware	Hanging door latches, locks, and hardware prevent accidental opening of hanging doors while maintaining easy one-handed egress.
corner-guards-wall-protection-handrails	Corner guards, wall protection, and handrails help prevent scuff and impact damage to walls in high traffic corridors.
corner-guards-edge-guards-bumpers	Corner guards, edge guards, and bumpers absorb and distribute forces from impacts to prevent damage to vulnerable corners in walkways and corridors.
crash-rails-bumper-guards	Crash rails and bumper guards protect wall surfaces from scrapes, scuffs, and dents left by carts and gurneys.
combined-handrail-wall-guards	Combined handrail and wall guards provide an integrated ergonomic grip surface while protecting wall surfaces from scrapes, scuffs, and dents left by carts and gurneys.
wall-mounted-handrails	Handrails provide safety and support while navigating walkways, corridors, and stairwells.
door-handle-wall-guards	Door handle wall guards provide an impact barrier between door locksets and adjacent walls within a door's path of travel.
protective-wall-panels-coverings	Protective wall panels and coverings are large-format resilient sheets that prevent scrapes, scuffs, and dents left by carts and gurneys.
wall-rub-rails-strips	Wall rub rails and strips provide strategic low-profile protection for walls against impacts and scuffs caused by contact with chairs, carts, and equipment.
wall-handrail-adhesives-sealers	Wall and handrail adhesives and sealers attach wall protection components to vertical surfaces.
sealing-supplies	Sealing supplies form protective barriers for components mounted adjacent to edges, holes, and panels.
o-rings-o-ring-kits	O-rings are circular-shaped gaskets that form tight seals between two objects to prevent liquids or gases from leaking.
rubber-edging	Rubber edging provides a protective barrier for indoor and outdoor installations.
rubber-edge-trim-seals	Rubber edge trim seals mount on the edge of surfaces to provide cushioning, weatherproofing, fire resistance, or decoration.
hole-plugs	Hole plugs fill chassis holes, wiring outlets, and production access holes without tools.
nylon-bushings	Nylon bushings protect wire, cable, tubing, and hose from sharp and uneven holes in sheet metal.
rubber-edging-seal-application-tools	Rubber edging and seal application tools aid in the installation and replacement of rubber edging and sealing products.
springs	Springs expand and elongate to absorb impacts and apply and maintain pressure.
compression-die-springs	Compression and die springs are open-coiled helical springs that shorten when compressive forces are applied to them.
extension-springs	Extension springs are typically wound with their coils touching when no external force is applied.
torsion-springs	Torsion springs have one end attached to a fixed point while the other end moves around the center axis to generate the necessary rotational force to hold or release objects.
disc-belleville-springs	Disc and Belleville springs are round, conical-shaped spring washers that flex to absorb shocks and vibrations.
constant-force-coil-springs	Constant-force coil springs are a type of extension spring that is tightly wound up around itself until its sides touch.
garter-springs	Garter springs have connected ends that come together to form a circle.
gas-springs-shock-absorbers-accessories	Gas springs and shock absorbers open and close doors, hatches, access panels, and other objects at steady and controlled speeds.
rotary-dampers	Rotary dampers are mechanical devices filled with viscous fluids that slow or decelerate the rotation of an object.
tarps-tarp-accessories	Tarps and tarp accessories cover and protect items, surfaces, and areas from exposure.
tarps	Tarps are large, flexible pre-cut sheets of material used to protect supplies during storage and transportation.
tarp-accessories	Tarp accessories expand the uses and capabilities of tarps.
hooks-eye-pulleys-snap-hooks	Hooks, eye pulleys, and snap hooks hang, support, and move loads and equipment in general purpose applications, which do not include fall protection or overhead lifting.
utility-hooks	Utility hooks provide temporary hanging storage and organization for tools, cables, hats, and garments on walls and ceilings.
snap-hooks-connectors	Snap hooks and connectors clip directly to attachment points with spring-loaded bolts or clips.
s-hooks	S-hooks hang compatible items from static-mounted eyelets and attachment points.
eye-pulleys	Eye pulleys are force multipliers used to reduce efforts while moving loads.
rope-guides	Rope guides reduce rope binding, spinning, twisting, and tangles.
vibration-control-leveling-mounts	Vibration control and leveling mounts reduce the level of noise and vibration caused by equipment and machinery.
surface-mount-vibration-damping-bumpers	Surface-mount vibration damping bumpers absorb and reduce vibration and impact to help protect machines and equipment from damage and provide quieter operation.
hanger-mount-vibration-isolators	Hanger-mount vibration isolators support suspended objects or structural elements to dampen vibration and noise transmission to a structure.
floor-mount-vibration-isolators	Floor-mount vibration isolators help prevent vibration transmission and dampen noise from machines and equipment to buildings and structures.
vibration-isolating-mounts	Vibration-isolating mounts have solid rubber bodies with threaded studs or tapped holes on one end for mounting.
leveling-mounts	Leveling mounts install onto the bases or bottoms of the legs of cabinetry, shelving, and machinery to help stabilize it and reduce vibration, noise, and stress on machinery parts.
anti-vibration-grip-wraps	Grip wraps surround the handles of power and hand tools to provide a cushioned, anti-slip grip that dissipates shock and vibration transferred to the user.
magnets-magnetic-strips	Magnets and magnetic strips generate a magnetic field to attract, hold, move, and locate ferrous objects.
ceramic-magnets	Ceramic magnets contain iron oxide and strontium carbonate and resist high temperatures and corrosion.
rare-earth-magnets	Rare earth magnets generate a stronger magnetic field than standard ceramic and Alnico magnets and are smaller and more compact.
braces-brackets	Braces and brackets provide structural support in various applications.
shelf-closet-hardware	Shelf and closet hardware include parts and components that support and reinforce closet shelves and rods.
braces-reinforcement-hardware	Braces and reinforcement hardware fasten to walls, beams, and joists to provide added support.
seismic-bracing-hardware	Seismic braces include parts and components that secure pipes, conduit, ductwork, and other hanging equipment in buildings during earthquakes.
structural-support-braces-replacement-hardware	Structural support braces provide temporary support and stabilize floors, beams, joists, and other architectural structures in construction and repair applications.
hangers	Hangers suspend attached materials from fasteners embedded in vertical surfaces.
hook-loop-fasteners	Hook and loop fasteners repeatably mate two surfaces together for easy, tool-free mounting and dismounting.
hook-loop-cut-to-length-bulk-rolls	Hook and loop cut-to-length bulk rolls, also called hook and loop tape, work in large and small applications.
hook-loop-pre-cut-pieces	Hook and loop pre-cut pieces, also called hook and loop shapes and strips, are ready-to-use and require no modification for installation.
hook-loop-straps	Hook and loop straps integrate both interacting surfaces into a single self-mating strap.
flooring-hardware	Flooring hardware attaches flooring products to subflooring surfaces while providing finished edges and transitions between rooms and varying flooring materials.
protective-caps-plugs-netting	Protective caps, plugs, and netting shield and protect products from contamination.
sealing-finishing-caps-plugs	Sealing and finishing caps and plugs cover and seal holes during finishing or surface treatment processes such as painting, powder coating, galvanizing, and plating.
thread-protection-caps-plugs	Thread-protection caps and plugs cover and protect compatible threaded components during shipping or storage.
sheet-metal-button-plugs	Sheet metal button plugs insert into and cover holes in parts and equipment such as auto bodies, tanks, refrigeration units, and other sheet metal products.
expandable-sleeve-netting	Expandable sleeve netting surrounds components and parts to provide cushioning and protect their surfaces from marring and impact.
handle-grips	Handle grips fit over the ends of round-end items and tubes to help facilitate lifting and handling.
corner-cover-caps	Corner cover caps are flexible and stretch to fit over the corners of glass, frames, and other edges to protect them from chips and damage during shipping or storage.
hydraulics	Hydraulics systems convert pressurized oil into mechanical energy.
hydraulic-accumulators	Hydraulic accumulators store pressurized hydraulic fluid and release it as needed to maintain steady pump flow and pressure, dampen vibrations and shocks, and compensate for leaks or thermal expansion in the system.
hydraulic-cylinders-seals	Hydraulic cylinders and seals are used to lift beds and winches, operate presses, and to push, support, and press heavy loads.
compact-hydraulic-cylinders	Compact hydraulic cylinders have a low profile and a metric design that allows these cylinders to be installed where space is limited.
hydraulic-cylinder-mounts	Hydraulic industrial cylinder mounts secure National Fluid Power Association (NFPA) hydraulic cylinders to equipment, fixtures, and other mechanisms.
hydraulic-cylinder-seals	Hydraulic cylinder seals are used on hydraulic cylinders to prevent hydraulic fluid from leaking and help keep dirt and other contaminants from entering the cylinders.
welded-hydraulic-cylinders	Welded hydraulic cylinders withstand large temperature swings in harsh industrial environments, including waste and recycling facilities, metal-fabricating presses, and steel mills.
workholding-hydraulic-cylinders	Workholding hydraulic cylinders position and clamp parts in stamping, machining, testing stations, factory automation, and assembly lines.
snowplow-hydraulic-cylinders	Snowplow hydraulic cylinders replace worn or damaged cylinders on snowplows.
hydraulic-cylinder-stroke-controls	Hydraulic cylinder stroke controls clamp around the exterior of cylinder rods to limit the amount of retraction.
hydraulic-equipment-replacement-parts	Hydraulic system replacement parts help keep hydraulic systems working, prevent failure, and reduce downtime.
hydraulic-filtration	Hydraulic filtration products help keep hydraulic oil clean, which reduces contamination from normal wear and filters contaminants from new air, fluid, or components introduced into the system.
filtration-carts	Filtration carts are portable wheeled filtration systems used to clean hydraulic fluid in industrial hydraulic systems, such as those found in process and automobile manufacturing.
handheld-filtration-units	Handheld filtration units clean new fluid, flush and drain systems, and top off reservoirs in hydraulic systems, such as those found in gear boxes, turbines, and construction and agricultural equipment.
hydraulic-tank-filters	Hydraulic tank filters attach to tanks to keep fluid clean and free from debris, water, and air.
in-line-hydraulic-filters	In-line hydraulic filters are integrated into a hydraulic system and are used to remove particulates and contaminants from hydraulic oil.
hydraulic-interchangeable-filter-elements	Hydraulic interchangeable filter elements are used to replace existing OEM filters in hydraulic systems when they become full or dirty.
replacement-parts-for-hydraulic-filtration-systems	These replacement parts support the maintenance and repair of hydraulic filtration systems to keep them functioning properly and ensure clean hydraulic fluid.
hydraulic-fittings	Hydraulic fittings provide connections and seal openings in hydraulic fluid systems.
sight-plugs	Sight plugs are single-pane indicators that allow visual observation and monitoring of liquid levels in barrels, tanks, or other liquid storage containers.
hydraulic-tank-plugs	Hydraulic tank plugs seal openings in containers, tanks, and gearboxes to prevent leaks and improve control during filling and draining.
hydraulic-hose-crimping-machines-accessories	Hydraulic hose crimping machines press hydraulic fittings onto a length of bulk hydraulic hose to create custom assemblies.
hydraulic-hose-crimping-machines	Crimping machines press hydraulic fittings onto a length of bulk hydraulic hose to create custom assemblies for hydraulic systems.
dies-die-sets-for-hydraulic-hose-crimping-machines	Dies and die sets provide the point of contact for hydraulic hose crimping machines to press fittings onto hose to create assemblies.
hydraulic-hose-crimper-die-racks	Hydraulic hose crimper die racks organize and store dies to keep them readily available for use with crimping machines.
accessories-for-hydraulic-hose-crimping-machines	Accessories expand and enhance the operation of hydraulic hose crimping machines.
hydraulic-motors-replacement-parts	Hydraulic motors and replacement parts use a hydraulic power source to create mechanical energy to run winches, conveyors, balers, process equipment, mixer and agitator drives, and other industrial, agricultural, and process equipment.
hydraulic-motors	Hydraulic motors use a hydraulic power source to create mechanical energy to run winches, conveyors, balers, process equipment, mixer and agitator drives, and other industrial, agricultural, and process equipment.
hydraulic-oil-coolers	Hydraulic oil coolers, also called heat exchangers, use air or water to cool fluid in hydraulic systems.
air-cooled-oil-coolers	Air-cooled oil coolers are designed to be used where access to a power source is limited, such as agricultural and construction sites.
forced-air-oil-coolers	In-line forced-air oil coolers use a motor-driven fan to cool hydraulic oil as it passes through the heat exchanger's core or coil.
off-line-forced-air-oil-coolers	Off-line forced-air oil coolers have an integrated motor and filter that cool and filter hydraulic oil in hydraulic systems.
hydraulic-tools	Hydraulic tools use fluid pressure for smoother performance and higher force than air- or electric-powered tools.
hydraulic-torque-wrenches	Hydraulic torque wrenches apply a set force to tighten nuts and bolts to a target torque so they won't loosen over time or get damaged from overtorquing.
hydraulic-cable-cutters	Hydraulic cable cutters squeeze their sharp-edged jaws through cable to shear it without flattening, splaying, or fraying the ends.
replacement-blades-heads-for-hydraulic-cable-cutters	Hydraulic cable cutter blades and heads provide the cutting edge for a compatible cutter.
hydraulic-cable-crimping-heads	Hydraulic cable crimping heads compress lug and splice connectors onto cable, making solderless connections that are mechanically stable and electrically sound to prevent signal loss.
hydraulic-pipe-cutters-accessories	Hydraulic pipe cutters squeeze their chain to pop through soil pipe that carries drain and wastewater.
hydraulic-pipe-benders	Hydraulic pipe benders apply pressure to curve conduit and pipe to the desired angle.
hydraulic-impact-wrenches-nut-runners	Hydraulic impact wrenches produce a rotating and thrusting action to turn fasteners and drill holes.
hydraulic-chain-saws-pruners	Hydraulic chain saws and pruners cut back overgrowth and remove dead or diseased branches from trees and shrubs.
hydraulic-tampers	Hydraulic tampers pummel their foot against loosely packed material to compact it.
hydraulic-valve-exercisers	Hydraulic valve exercisers repeatedly open and close valves to prevent them from stiffening or seizing.
hydraulic-bench-vises	Hydraulic bench vises use a hydraulic mechanism to generate a strong clamping force to securely hold workpieces in place.
hydraulic-bolt-tensioners	Hydraulic bolt tensioners apply tension to bolts to help reduce the risk of bolt failure and improve safety in high-load applications.
hydraulic-core-drills	Hydraulic core drills create deep, large-diameter holes in concrete and masonry to run plumbing lines, HVAC ducts, electrical wires, telecom cables, and more.
hydraulic-rotary-hammers	Hydraulic rotary hammers drill and chisel concrete and masonry, creating holes and delivering high-impact, low-frequency blows.
hydraulic-portable-bandsaws	Hydraulic portable band saws (also called hydraulic portabands) turn a flexible blade around two wheels to cut through and leave clean edges on pipe, conduit, threaded rod, and other structural elements.
hydraulic-pipe-cutting-kits	Hydraulic pipe cutting kits slice through pipe to cut a length for installation or remove damaged sections when making repairs.
hydraulic-power-units	Hydraulic power units (HPUs) pressurize oil to power hydraulic lifts, tools, and equipment.
dc-hydraulic-power-units	DC hydraulic power units (HPUs) are battery-operated and used to power tail-gate lifts, agricultural and marine equipment, dump trailers, and other portable hydraulic tools.
gas-powered-hydraulic-power-units	Gasoline-powered hydraulic power units deliver power to hydraulic chain saws, log splitters, and other mobile tools where access to electrical power is unavailable.
hydraulic-power-unit-replacement-parts-accessories	Hydraulic power unit (HPU) replacement parts and accessories extend the capabilities of existing systems or replace worn or damaged parts.
hydraulic-pumps	Hydraulic pumps circulate or transfer hydraulic fluids to tools and machinery, operating lifts, presses, cutters, pavers, and conveyors.
electric-hydraulic-pump-units	Electric hydraulic pump units connect to and operate compatible hydraulic equipment, such as lifts, splitters, and punchers.
air-operated-hydraulic-pump-units	Air-operated pump units connect to air compressors to create hydraulic power.
manual-hydraulic-pump-units	Manual-operated pump units use hand or foot power to generate flow and convert energy into hydraulic power.
hydraulic-gear-pumps	Hydraulic gear pumps move hydraulic fluid through a hydraulic system to power tools and equipment in agricultural, industrial machining, construction, and material-handling applications.
hydraulic-vane-pumps	Hydraulic vane pumps use sliding vanes to move fluid through a hydraulic system, producing smooth, consistent flows.
hydraulic-piston-pumps	Hydraulic piston pumps use reciprocating pistons that move back and forth to circulate hydraulic fluid at higher pressures and more efficiently than other hydraulic pumps.
replacement-parts-for-hydraulic-pumps	These replacement parts support the maintenance and repair of hydraulic pumps to keep them functioning to circulate hydraulic fluids to tools and machinery.
engine-driven-hydraulic-pump-units	Engine-driven hydraulic pump units operate at two speeds, ensuring high performance and reliability.
hydraulic-rams-tools	Hydraulic rams and tools attach to a hydraulic power source to apply large amounts of force required when supporting heavy loads, spreading and pulling apart press-fit parts, and tightening and loosening fasteners.
hydraulic-maintenance-sets	Hydraulic maintenance sets include the items and attachments needed to perform a variety of maintenance tasks, such as bending and straightening parts and lifting machinery.
hydraulic-nut-splitters	Hydraulic nut splitters attach to a hydraulic pump to break apart corroded or frozen nuts to free the bolt.
hydraulic-ram-accessories	Hydraulic ram accessories pair with compatible hydraulic rams to aid installation, increase safety and functionality, or replace worn and damaged parts.
hydraulic-ram-machine-lifts	Hydraulic ram machine lifts (sometimes called toe jacks) connect to a hydraulic pump to lift machinery in heavy equipment manufacturing and to install and place machinery in industrial applications.
hydraulic-ram-pullers	Hydraulic ram pullers perform pulling tasks and pull apart press-fit parts, such as bearings, gears, and pulleys.
hydraulic-rams	Hydraulic rams (sometimes called hydraulic cylinder rams, porta powers, and hydraulic jacks) are used to lift and support heavy loads.
hydraulic-ram-spreaders	Hydraulic ram spreaders attach to a hydraulic pump or power source to lift, separate, or spread parts.
hydraulic-post-tension-stressing-jacks	Hydraulic post-tension and stressing jacks are used for high temperature, dirty, or loud applications with concrete slabs that are directly on the ground as well as high rise and elevated work.
synchronized-hydraulic-lifting-systems	Synchronized hydraulic lifting systems provide precise control for synchronous lifting and lowering or pushing and pulling of heavy objects.
hydraulic-tanks	Hydraulic tanks and reservoirs hold excess hydraulic fluid as the volume of oil used by the system changes.
aluminum-hydraulic-tanks	Aluminum hydraulic tanks store excess hydraulic fluid in a hydraulic system.
hydraulic-tank-flanges	Hydraulic tank flanges connect and seal pipes and tubing to a reservoir tank in a hydraulic system.
hydraulic-tank-isolators	Hydraulic tank isolators, sometimes called hydraulic reservoir isolators, keep hydraulic fluid clean by preventing airborne contaminants from entering hydraulic tanks.
pump-motor-mounts	Pump and motor mounts secure hydraulic pumps and motors to hydraulic tank lids or other mounting surfaces.
steel-hydraulic-tanks	Steel hydraulic reservoir tanks have welded seams and are used for storing reserve fluid in hydraulic systems, such as those found in material handling and industrial applications.
hydraulic-valves-flow-control	Hydraulic valves and flow control products direct and distribute hydraulic fluid through a system to regulate the speed, force, and direction of generated motion.
hydraulic-cartridge-valves	Hydraulic cartridge valves are compact, slip-in valves used to control a hydraulic system's transmission of fluids through a circuit.
hydraulic-flow-dividers	Hydraulic flow dividers control the flow direction and pressure of liquids in a hydraulic system.
hydraulic-ball-valves	Hydraulic ball valves control fluid flow in high-pressure hydraulic systems.
hydraulic-check-valves	Hydraulic check valves control the flow direction of hydraulic fluids in a hydraulic system.
hydraulic-stack-valves	Hydraulic stack valves consolidate multiple hydraulic controls into a centralized module.
hydraulic-manifold-valves	Hydraulic manifold valves control and regulate fluid flow in hydraulic systems.
hydraulic-selector-valves	Hydraulic selector valves divert fluid flow to one of two circuits.
hydraulic-manual-spool-monoblock-valves	Hydraulic manual spool monoblock valves control the flow of fluid by manually positioning an internal spool to obstruct or open passages between inlet and outlet ports.
hydraulic-pressure-relief-valves	These pressure relief valves protect hydraulic system components by limiting pressure by directing excess pressure to the tank.
hydraulic-pressure-control-valves	These control valves regulate pressure in a hydraulic system, keeping pressure limited.
hydraulic-flow-control-valves	Hydraulic flow control valves ensure optimum hydraulic system performance by maintaining required specified fluid flow rates.
hydraulic-tank-drain-valves-fittings	Hydraulic tank drain valves and fittings enable easy draining of fluid from hydraulic tanks and other vessels.
lighting	Lighting products illuminate workplaces, emergency situations, and specific tasks or locations.
light-bulbs-lamps	Light bulbs and lamps install into compatible fixtures to add or replace a light source.
linear-light-bulbs-lamps	Linear light bulbs are straight, tubular lamps with a base on each end for installation in wraparound, strip, suspension-mount, and other compatible light fixtures.
standard-decorative-light-bulbs-lamps	Standard and decorative light bulbs supply the light source for a variety of fixtures in offices, hospitality settings, residential buildings, and more.
spot-reflector-flood-light-bulbs-lamps	Spot, reflector, and flood light bulbs intensify their light output by reflecting light away from the bulb sides and directing it through the top.
miniature-light-bulbs-lamps	Miniature light bulbs typically fit into tight spaces for specialized lighting applications.
plug-in-cfl-led-light-bulbs-lamps	Plug-in CFL and LED light bulbs have a pin base that fits a matching socket on a compatible light fixture.
u-bend-light-bulbs-lamps	U-bend lights bulbs fit their arched tube into troffers and other fixtures with limited bulb space while providing illumination similar to linear lamps.
circular-light-bulbs-lamps	Circular light bulbs emit a full circle of light for uniform distribution in general lighting applications.
light-bulb-lamp-accessories-changers	Light bulb and lamp accessories hold lamps in place, assist with lamp removal and installation, and enhance or restore lamp function.
ballasts-drivers	Ballasts and drivers install into lighting fixtures to regulate current and voltage flowing to the fixtures' lamps or LED arrays.
fluorescent-ballasts	Fluorescent ballasts install into compatible lighting fixtures to protect linear fluorescent and CFL lamps from damaging power fluctuations that affect the lamp's output quality.
hid-ballasts	HID (High-Intensity Discharge) ballasts pair with lighting fixtures that use metal-halide or high pressure sodium HID lamps.
led-drivers	LED drivers protect lamps from damaging fluctuations in the power supply that can reduce the quality of lamps' or arrays' light output.
emergency-lighting-ballasts-drivers	Emergency lighting ballasts and drivers keep light fixtures on during a power outage.
lighting-fixtures-retrofit-kits	Lighting fixtures and retrofit kits hard-wire into an electrical system or plug into outlets to supply indoor illumination.
surface-mount-light-fixtures	Surface mount lights attach directly to ceilings or walls to supply general lighting in workplaces, healthcare settings, and retail spaces.
panel-troffer-light-fixtures	Panel and troffer light fixtures mount in drop ceiling grids to provide general lighting for large open areas and hallways.
bay-lights	Bay lights deliver bright, uniform illumination from high ceilings or open trusses to floors and work surfaces below.
can-lights-downlights	Can lights and downlights cast a narrow light beam downward for general lighting or accent lighting.
vapor-tight-light-fixtures	Vapor-tight lights prevent dust and moisture from entering the fixture and damaging internal wiring and components.
vandal-resistant-confinement-light-fixtures	Vandal-resistant and confinement light fixtures resist impacts and tampering to illuminate behavior health facilities, schools, transit centers, public restrooms, and other indoor spaces with a higher risk of damage.
hazardous-location-light-fixtures	Hazardous location light fixtures illuminate areas with flammable, combustible, or ignitable materials.
healthcare-light-fixtures	Healthcare light fixtures illuminate hospitals, clinics, nursing homes, animal care facilities, and other medical and personal care settings.
disinfecting-sanitizing-uv-light-fixtures	Disinfecting and sanitizing UV light fixtures produce UV-A or UV-C rays to decontaminate surfaces or air.
track-light-fixtures	Track light fixtures serve as accent lights or spotlights to illuminate small spaces, highlight product displays or decorative features, and brighten corners and alcoves.
under-cabinet-accent-lights	Under-cabinet and accent lights supplement general lighting, provide task lighting, or highlight specific areas or features.
decorative-light-fixtures	Decorative light fixtures supply illumination and add visual interest for general and accent lighting in retail, hospitality, office, healthcare, and multifamily housing settings.
rope-tape-lights	LED rope and tape lights supply a strip of light for long runs and decorative trims in accent lighting applications.
grow-lights-for-indoor-plants	Grow lights emit light in color spectrums that optimize seedling growth, stem and leaf growth, or budding and flowering to grow plants indoors.
night-lights	Night lights provide low-level illumination to help light darkened rooms, hallways, and pathways for safety and orientation.
outdoor-lighting	Outdoor lighting fixtures withstand weather exposure, illuminating outdoor areas or partially exposed locations.
wall-packs-decorative-wall-lights	Wall packs and decorative wall lights mount flush on exterior walls to uniformly illuminate building features, increase pedestrian visibility, and help deter crime.
floodlights	Floodlights project a high-output beam to spotlight fixed objects like a monument or flagpole or increase visibility and security in larger dim or dark areas such as parks, building exteriors, loading docks, driveways, and parking lots.
street-parking-lot-lights	Street and parking lot lights, also known as area and site lights, emit elevated bright light from sunset to sunrise to enhance visibility and safety in roadways and parking lots.
landscape-lights	Landscape lights illuminate outdoor spaces to increase visibility, prevent accidents, and draw attention to landscaped areas such as lawns, gardens, and planting beds.
security-lights	Security lights illuminate perimeters, doorways, and other outdoor areas around buildings, residences, and garages to help deter theft and vandalism at night.
solar-lights	Solar lights convert sunlight to electricity to illuminate outdoor areas, reduce energy costs, and eliminate the need for a power supply.
outdoor-lampholders	Outdoor lampholders increase visibility and provide safe navigation for pedestrians.
parks-recreation-lights	Parks and recreation lights illuminate large areas such as outdoor parks and recreational facilities, municipal fields, courts, and open-air venues.
emergency-exit-lighting	Emergency and exit lighting provides illumination and direction to guide people out of buildings during a power loss or other emergency.
emergency-light-fixtures	Emergency light fixtures automatically switch on when power goes out and illuminate pathways toward exits.
remote-head-emergency-lights	Remote head emergency lights supplement illumination from primary emergency lighting in the event of a power loss.
combination-exit-signs-emergency-lights	Combination exit signs with emergency lights are all-in-one fixtures that mark exits and illuminate pathways to guide evacuations from buildings.
lighted-exit-signs	Lighted exit signs hardwire into an electrical system that keeps them lit for visibility.
led-exit-sign-retrofit-kits	These retrofit kits convert lighted exit signs from incandescent or halogen to LED.
emergency-lighting-accessories-batteries	Emergency lighting accessories and batteries maintain or enhance the performance of emergency lights and exit signs.
task-jobsite-lighting	Task and jobsite lighting offers temporary illumination to brighten unlit spaces and supplement general lighting for construction, assembly, maintenance, and other work.
hand-lamps	Hand lamps spread light over a wide area when hung by their hook or magnet, or they direct light like a flashlight when held by hand.
jobsite-lights	Jobsite lights cast light into workspaces and onto work surfaces, providing more focused illumination than 360-degree jobsite lights in areas where general lighting is inadequate or unavailable.
360-degree-jobsite-lights	360-degree jobsite lights emit a full circle of light to distribute illumination across a room or large space where multiple people are working.
remote-area-emergency-scene-lights	Remote area lights supply portable, temporary floodlighting at emergency scenes, construction sites, sporting events, and other outlying or isolated locations that require lots of bright light.
hanging-string-lights	Hanging and string lights deliver light from above to supply temporary or semi-permanent area and task lighting for construction, assembly, maintenance, and other jobs.
dock-lights-replacement-heads	Dock lights mount to a wall or post and extend their light head on a movable arm to shine light into trailers and onto loading docks or staging areas.
workstation-task-lights	Workstation lights focus light onto benchtops, desktops, and other work surfaces.
machine-tool-lights	Machine tool lights mount in, on, or near machining, manufacturing, and fabrication equipment to brighten obscured areas and supply targeted illumination for placing and examining work.
flashlights	Flashlights are portable light sources that temporarily supplement fixtures or illuminate areas where other lighting is unavailable or impractical.
handheld-flashlights	Handheld flashlights supply personal, portable lighting to navigate dark or dimly lit areas.
headlamps-helmet-lights	Headlamps and helmet lights are worn on a worker's head, making them visible to others in dark spaces, illuminating their area of focus, and keeping both hands free to work.
penlights-inspection-lights	Penlights and inspection lights shine a small, focused light beam onto specific areas or into tight spaces where flashlights would be too large or overpowering.
right-angle-flashlights	Right-angle flashlights angle their head at 90° from their body, aiming light beams straight ahead when clipped in place or held upright.
lanterns-spotlights	Lanterns and spotlights provide more illumination than flashlights, shining light over a wider area or at greater distances.
weapon-mounted-flashlights	Weapon-mounted flashlights attach to firearms and provide illumination for accurate targeting.
hand-crank-power-outage-flashlights	These flashlights crank by hand, plug in to stay charged, or draw power from water, making them ready for use during power outages without the worry of depleted batteries.
clip-keychain-flashlights	Clip and keychain flashlights are lightweight, compact, and remain close at hand for when illumination is needed.
flashlight-parts-accessories	Flashlight parts and accessories adapt flashlights for specific applications, keep them powered up, or restore their function.
lighting-controls	Lighting controls dim, turn on, and turn off lighting to manage usage and reduce energy costs.
lighting-dimmers	Lighting dimmers decrease light output from its maximum setting to adjust brightness.
lighting-occupancy-sensors	Occupancy sensors monitor a room and automatically switch off lights after occupants leave the room.
lighting-control-accessories	These accessories customize operation and assist with installation of lighting control systems.
light-bulb-lamp-crushers	Light bulb crushers pulverize dead or broken fluorescent bulbs to minimize the space required for storing them, and they have filters that capture contaminants released during the crushing process.
lighting-replacement-parts	Lighting replacement parts are used to repair or enhance the utility of light fixtures.
lamp-replacement-parts	Lamp replacement parts repair worn or damaged components or enhance the utility of lamps.
lubrication	Lubrication keeps motors, tools, and mechanical equipment running smoothly by reducing friction, inhibiting heat, and preventing corrosion which increases operation efficiency and prolongs equipment life.
grease	Grease lubricates moving parts, inhibits heat, and seals out contaminants in equipment and machinery.
multipurpose-grease	Multipurpose grease lubricates many different types of equipment in a variety of industrial operations without the need for a specialized grease.
food-grade-multipurpose-grease	Food-grade multipurpose grease lubricates machine parts and equipment in food, beverage, and pharmaceutical production facilities.
bearing-grease	Bearing grease lubricates the balls, rollers, and cylindrical-shaped elements that move together to support and align rotating parts.
food-grade-bearing-grease	Food-grade bearing grease lubricates balls, rollers, and cylindrical-shaped elements that move together to support and align rotating parts in food, beverage, and pharmaceutical processing equipment and machinery.
o-ring-grease	O-ring grease lubricates, seals, and conditions O-rings in valve system components to ensure a seal and protect the system against moisture, heat, and oxidation.
open-gear-grease	Open gear grease is a thick paste-type lubricant designed to stay in place on exposed, slow-moving gears and bearings.
plumbing-grease	Plumbing grease is a water-resistant lubricant designed for plumbing fixtures such as faucets to reduce stiffness, squeaking, and to extend the life of moving parts.
oils	Oils inhibit heat, reduce friction, and prevent wear on moving parts.
hydraulic-oils	Hydraulic oils, also called hydraulic fluids, circulate through pressurized systems to lubricate and transmit power.
food-grade-hydraulic-oils	Food-grade hydraulic oils, also called hydraulic fluids, circulate through pressurized systems to lubricate and transmit power in food, beverage, and pharmaceutical production equipment and machinery.
circulating-oils	Circulating oils provide a continuous, reusable supply of lubrication to gears, bearings, and other components in industrial machinery.
gear-oils	Gear oils lubricate, cool, and protect gear teeth that slide and roll together under high pressures and speeds.
food-grade-gear-oils	Food-grade gear oils lubricate, cool, and protect gear teeth in processing equipment for food, beverage, and pharmaceutical production facilities.
machine-oils	Machine oils lubricate moving or threaded parts in a variety of machines and equipment to reduce friction, prevent corrosion, and extend the working life of components.
food-grade-machine-oils	Food-grade machine oils lubricate machine parts and equipment in food, beverage, and pharmaceutical production facilities.
food-grade-divider-oils	Food-grade divider oils lubricate food processing equipment and provide a releasing agent to prevent residual food from sticking to equipment.
way-oils	Way oils reduce friction between sliding parts to help prevent wear on the parts and allow them to move smoothly.
spindle-oils	Spindle oils lubricate machine spindles and withstand degradation when used in high-speed applications.
lubricants-penetrating-lubricants	Lubricants and penetrating lubricants add a slippery film or coating on machinery, tools, and parts to reduce wear and friction between surfaces and keep equipment running smoothly.
lubricants	Lubricants reduce friction, wear, and overheating in mechanical equipment by coating surfaces with a slippery fluid that smooths the movement of parts and extends machine life.
dry-lubricants	Dry lubricants reduce friction between moving parts without leaving a messy wet residue that attracts dirt and debris.
penetrating-lubricants	Penetrating lubricants loosen stuck or frozen fasteners and bolts to remove them from equipment or machinery.
anti-seize-compounds	Anti-seize compounds prevent assembled parts and fasteners from sticking together or corroding to ensure they can be dismantled for maintenance and repairs without shearing or needing to be cut off.
mold-release-agents	Mold release agents are applied directly to molds to create a barrier that prevents materials from sticking to them.
grease-guns	Grease guns apply grease directly in locations where a permanent lubrication system is not practical such as on automobiles, farm equipment, aircraft, and wind turbines.
manual-grease-guns	Manual grease guns dispense grease with a simple, hand-powered operation.
battery-powered-grease-guns	Battery-powered grease guns can be maneuvered freely around confined, elevated, or remote areas without the need for a wired power source.
air-operated-grease-guns	Air-operated grease guns use compressed air to deliver a consistent flow of lubricant.
hoses-pipes-barrels-for-grease-guns	These items replace worn or damaged hoses, pipes, and barrels on grease guns.
couplers-dispensing-tips-for-grease-guns	Couplers, also called dispensing tips, attach to the end of a grease gun's nozzle, hose, or pipe where lubrication is discharged.
accessories-for-grease-guns	These accessories support the operation and handling of grease guns.
grease-fittings-for-equipment	Grease fittings (zerk fittings) install permanently in equipment to provide entry points for delivering grease to components such as bearings and gears.
grease-fittings	Grease fittings (zerk fittings) are permanently installed entry points on equipment for delivering grease to components such as bearings and gears without overflow or leaks.
adapters-manifolds-for-grease-fittings	Adapters and manifolds alter grease fittings and consolidate multiple lubrication points to expedite and support lubrication on heavy equipment and industrial machinery.
washers-caps-tools-for-grease-fittings	Washers, caps, and tools support the use and maintenance of grease fittings (zerk fittings).
handheld-oilers-oil-measuring-containers	Handheld oilers and oil measuring containers are simple, economical devices that help with the measurement and dispensing of oil.
handheld-oil-dispensers	Handheld oil dispensers are simple, economical oilers that provide controlled delivery of small amounts of oil with a one-handed operation.
oil-measuring-containers	Oil measuring containers assist with handheld measuring and transferring of lubricants.
machine-mount-lubricators	Machine-mount lubricators automatically dispense grease or oil to critical components such as bearings, slides, gears, and chains to avoid equipment breakdown or malfunction.
single-point-grease-lubricators	Single-point grease lubricators mount to machines to automatically dispense grease onto bearings and other moving machine parts to keep them lubricated without the need for manual inspections.
service-kits-for-single-point-grease-lubricators	Service kits for single-point grease lubricators include grease refill and components to maintain lubricators when the grease supply is replenished.
constant-level-drip-feed-oilers	Constant-level and drip-feed oilers ensure moving parts have a steady feed of lubrication as oil levels deplete over time due to displacement, misting, and evaporation.
accessories-for-constant-level-drip-feed-oilers	These accessories support the operation and maintenance of constant-level and drip-feed oilers.
lubrication-systems	Lubrication systems apply oil and grease to working machinery to keep parts moving efficiently and reduce maintenance and system downtime.
oil-storage-dispensing-systems	Oil storage and dispensing systems seal, organize, identify, and provide controlled dispensing of lubricants.
oil-storage-containers-transfer-lids	Oil storage containers and transfer lids keep lubricants sealed, separated, organized, and protected from contaminants in containers that are sized for hand-carrying around a shop floor.
extension-hoses-hand-pumps-for-oil-containers	Extension hoses and hand pumps help dispense oil from storage containers.
bulk-oil-storage-tanks-dispensing-systems	Bulk oil storage tanks and dispensing systems offer solutions for the delivery and storage of oil in facilities with heavy oil usage.
desiccant-breathers-breather-vents	Desiccant breathers and breather vents ensure the flow of clean air in closed lubrication systems to prevent pressure or vacuum.
desiccant-breathers	Desiccant breathers mount to lubrication containers or reservoirs in industrial equipment to allow clean, dry air to flow into the system, keeping pressure neutral while preventing the ingress of moisture or contaminants.
breather-vents	Breather vents prevent unexpected pressure or vacuum changes in closed systems by allowing the exchange of air with the atmosphere.
level-gauges-flow-sights-for-lubrication-equipment	Level gauges, flow sights, and viewports mount externally onto equipment and allow visual checks and monitoring of lubricant levels, flow, and condition in closed systems where direct contact and testing of lubricants is not practical.
oil-level-gauges	Oil level gauges mount externally to equipment for visual checks and monitoring of lubricant levels.
lubricant-flow-sights-viewports	Lubricant flow sights and viewports allow monitoring of lubricant flow, condition, and clarity in closed systems where direct contact and testing of lubricant is not practical.
machining	Machining is a process in which material is removed from a workpiece to shape or finish it into a desired form.
drilling-holemaking	Drilling and holemaking tools create and finish holes in a workpiece.
drill-bits	Drill bits have cutting edges that remove material as they are rotated and fed into a workpiece by handheld drills, drill presses, or CNC machines.
reamers	Reamers enlarge or finish an existing hole to a precise size with a smooth surface.
countersinks-center-drills-spotting-drills	Countersinks, center drills, and spotting drills create shallow holes in workpieces, each with specific purposes in the holemaking process.
counterbores-port-tools	Counterbores and port tools expand existing holes for a precise fit when installing fasteners or ports.
broaches	Broaches are used to machine keyways, splines, and other shapes into a hole in metalworking tasks.
punches-dies	Punches and dies make holes in sheet metal.
drill-bushings	Drill bushings (also known as jig bushings) install in a drilling jig to guide, position, and support drill bits, reamers, countersinks, and counterbores to ensure accurate and repeatable hole placement in metalworking tasks.
drill-bit-extensions	Drill bit extensions attach to drill bits to extend the bits' reach and allow them to drill deep holes.
holemaking-blanks	Holemaking blanks are metal rods that can be machined to create custom drill bits, reamers, or other round cutting tools with precise dimensions or features to suit a particular metalworking application.
milling	Milling is a machining process in which a rotating cutting tool removes material from the surface of a workpiece.
end-mills	End mills have cutting edges on their nose and sides that remove material from the surface of a piece of stock.
cnc-router-bits	CNC router bits install in milling machines and CNC routers to make plunge and profile cuts in solid surfaces.
engraving-tools-blanks	Engraving tools have a pointed tip that cuts letters, numbers, and designs into a variety of metals and composites.
milling-cutters	Milling cutters have teeth that remove material from a piece of stock to create parts with complex features and shapes.
mold-die-milling-tools	Mold and die milling tools have tapered sides that allow them to fit into the channels in a mold or die.
threading	Threading is a machining process in which a tool is used to create threads on the external or internal surface of a fastener, part, or workpiece.
taps	Taps are cylindrical tools that create internal threads for connection with compatible fasteners.
dies	Dies create or repair external threads on cylindrical parts like rods, pipe, or fasteners that insert into holes with corresponding internal threads.
threading-sets	Threading sets include multiple taps, dies, and drill bits in a range of sizes, eliminating the need to buy threading tools separately.
tap-die-accessories	Tap and die accessories support the operation and maintenance of taps and dies.
thread-repair-tools	Thread repair tools fix damaged threads and restore them to their original condition.
thread-mills	Thread mills cut internal and external threads into a hole or the surface of a part.
turning-boring-grooving	Turning, boring, and grooving are machining operations that remove material from workpieces.
boring-bars-sets	Boring bars are single-point cutting tools used with lathes, CNC lathes, turning machines, and machining centers to size, straighten, and finish the inside diameter of drilled or cast holes.
internal-threading-tools-sets	Internal threading tools are single-point cutting tools used with lathes, CNC lathes, or turning machines to add internal threads to drilled or cast holes in workpieces.
knurling-tools	Knurling tools are wheeled cutting tools used with lathes to create textured surfaces on workpieces.
lathe-tool-bits-blanks-sets	Lathe tool bits, blanks, and sets are used on lathes to perform turning, boring, grooving, and threading operations.
turning-grooving-tools-sets	Turning and grooving tools are used with lathes to remove sections of material or add grooves to workpieces.
indexable-cutting-tools	Indexable cutting tools perform like traditional cutting tools but have a tool body or toolholder that accepts replaceable indexable inserts or exchangeable heads to form a cutting edge.
indexable-boring	Indexable boring tools are used with lathes or CNC turning machines to remove material from inside holes.
indexable-exchangeable-head-milling	These milling tools have a tool body or toolholder that accepts replaceable cutting heads or indexable inserts to form a cutting edge.
indexable-modular-drilling-holemaking	Indexable and modular drilling and holemaking tools have a tool body or toolholder that accepts replaceable indexable inserts or exchangeable heads to form a cutting edge.
indexable-parting-grooving	Indexable parting and grooving tools are used with lathes or CNC turning machines to remove sections of a workpiece in parting or cut-off operations or add grooves to a workpiece.
indexable-threading	Indexable threading is a machining process that uses replaceable cutting inserts to add internal or external threads to a workpiece.
indexable-turning	Indexable turning tools are used with lathes or CNC turning machines to remove material from workpieces in order to size, shape, and add features to them.
replacement-parts-accessories-for-indexable-cutting-tools	These replacement parts and accessories restore or improve the function of indexable cutting tools to avoid the expense of replacing the entire toolholder.
machinery	Machinery is used in metal shops and production facilities to shape and finish parts in machining operations.
buffing-grinding-machines	Buffing and grinding machines finish, shape, and remove material from workpieces.
drill-presses	Drill presses and magnetic drills have a vertical drill head mounted to a base that provides stability and maintains consistent alignment to make more uniform holes than handheld drills.
hydraulic-presses-accessories	Hydraulic presses and accessories bend, straighten, flatten, or stamp workpieces.
lathes	Lathe machines cut, shape, size, or finish cylindrical workpieces.
metal-fabrication-machines	Metal fabrication machines shape or cut metal workpieces.
milling-machines	Milling machines use rotary cutting tools to shape workpieces, add grooves and contoured shoulders, and create parts with complex shapes and features in manufacturing plants and machine shops.
engraving-marking-machines	Marking machines use lasers or replaceable percussive tips to etch text or images permanently and precisely onto surfaces.
waterjet-cutting-machines	Waterjet cutting machines use high-pressure streams of water to shape or cut metal, glass, granite, ceramic, plastic, or other materials.
metal-dust-collection-air-filtration	Metal dust collection and air filtration keep workspaces and ambient air clean in metal shops and metal fabrication applications.
machine-bases	Machine bases raise tools or equipment (such as bench lathes, milling machines, or drills) off the floor to position them at proper heights for operation or to reposition them in the workspace.
machine-leveling-components	Machine leveling components incrementally raise and lower machine parts, benches, or bases to level, align, and position them.
storage-baskets	Storage baskets keep machining parts and supplies organized and out of the way.
toolholding-tooling-systems	Toolholders and tooling systems attach cutting tools to machine tools, such as CNCs and lathes.
drill-chucks-accessories	Drill chucks and accessories work with drill presses, milling machines, and lathes to grip drill bits, taps, and other cutting tools for milling and tapping applications.
collets-accessories	Collets and accessories hold small-diameter cutting tools or workpieces on a milling machine, lathe, or other machine tool.
collet-chucks	Collet chucks mount collets onto milling machines, lathes, and other manual and CNC machine tools so that the collets can hold small-diameter tools and workpieces securely on the machine.
tapping-heads-holders	Tapping heads and holders connect taps to drilling and milling machines to create threads in holes.
lathe-tool-posts-tool-post-holders	Lathe tool posts and tool post holders support cutting tools on manual or CNC metalworking lathes.
end-mill-holders-adapters-accessories	End mill holders, adapters, and accessories connect rotary cutting tools (such as drills and end mills) to a milling machine.
milling-chucks	Milling chucks lock end mills onto a milling machine for accurate, high-speed machining.
face-mill-holders	Face mill holders mount a face mill to a milling machine or a CNC machining center.
shell-mill-holders	Shell mill holders secure shell mills and face mills to a milling machine.
boring-heads-holders	Boring heads and holders connect boring tools to milling machines, lathes, or other machines.
rotary-broach-holders-set-up-plugs	Rotary broach holders and set-up plugs improve the accuracy of rotary broaches, which produce polygonal shapes in holes.
retention-knobs	Rotary toolholder retention knobs thread into the shank of a tapered toolholder to provide a pull stud for a milling machine's drawbar to grab.
cnc-toolholder-tightening-fixtures	CNC toolholder tightening fixtures mount to a benchtop to provide a stable workstation for attaching tools and collets to toolholders.
cnc-toolholder-storage	CNC toolholder storage products keep equipment organized and protect it from bumps that can damage cutting edges.
clamping-workholding-positioning	Clamping, workholding, and positioning products hold workpieces in place and adjust components in woodworking, machining, and production operations.
manual-toggle-hold-down-clamps	Manual toggle and hold-down clamps secure and position parts, workpieces, and materials for fastening, assembly, metal fabrication, woodworking, and other processes.
air-powered-swing-toggle-clamps	Air-powered swing and toggle clamps use compressed air rather than mechanical force to apply clamping pressure to hold workpieces in place.
machine-table-clamps-hardware	Machine table clamps and hardware secure workpieces to holes and slots in worktables.
fixture-clamps	Fixture clamps have a low-profile clamp block that presses onto the end of a workpiece to secure it to a worktable.
machine-vises-accessories	Machine vises and accessories are used on machine worktables to position and hold workpieces during machining.
indexing-positioning-equipment	Indexing and positioning equipment sets up parts and workpieces for layout, inspection, and machining.
lathe-centers-chucks-jaws	Lathe centers, chucks, and jaws center and support workpieces between the headstock and tailstock to provide accurate milling.
stationary-fixturing	Stationary fixturing tools provide high stability to ensure high levels of precision for critical machining applications, including layout and inspection tasks.
precision-measuring-tools	Precision measuring tools measure dimensions of workpieces, parts, or features for a variety of applications, including quality assurance inspections.
calipers-accessories	Calipers and accessories measure thickness, length, diameter, and depth of workpieces, machined parts, or features.
micrometers-depth-gauges-accessories	Micrometers perform outside, inside, depth, or specialty measurements at a higher level of precision than calipers.
height-gauges-accessories	Height gauges verify workpiece height in metalworking or metrology applications.
indicators-indicator-holders-accessories	Indicators amplify a displacement or change in value from a nominal zero point.
pin-plug-ring-gauges	Pin, plug, and ring gauges test plain or threaded parts to determine if they are within acceptable tolerance ranges of the nominal specified size.
inside-diameter-gauges	Inside diameter gauges perform precise direct or indirect measurements on holes or bores.
inspection-calibration-tools-equipment	Inspection and calibration tools and equipment are used for quality assurance before, during, and after production on the shop floor or in a dedicated QA or metrology lab.
magnification-instruments	Magnification instruments examine and measure small parts, objects, or text.
precision-measuring-tool-kits	These kits contain tools to support a variety of precision measuring applications.
protractors-machinists-squares-sets	Protractors and machinist squares and sets are measuring tools for finding angles in layout, setup applications, and determining inclines.
quick-check-reference-gauges	Quick-check reference gauges verify the sizes and tolerances of parts.
setup-layout-alignment-tools	Setup, layout, and alignment tools are used for positioning, layout, setup, and alignment applications.
surface-property-testing	Surface property testing checks the characteristics of a surface to ensure parts or workpieces are manufactured within acceptable parameters.
thickness-gauges-feeler-gauges-snap-gauges	Thickness gauges and feeler gauges measure the thickness of a part or the gaps between openings or parts.
spc-components-for-precision-measuring-tools	SPC components pair with precision measuring tools that have SPC output capability to record and transfer data to a personal computer.
coordinate-measuring-machines-cmm-components-accessories	Coordinate measuring machines (CMMs) pair with probes and accessories to inspect and measure objects autonomously.
metalworking-fluids	Metalworking fluids are used in machining operations to smooth cutting tasks, extend tool life, and keep equipment clean.
cutting-fluids	Cutting fluids are used in metalworking and machining applications to lubricate the cutting tool and metal workpiece to keep surfaces cool and carry away swarf and chips to limit tool wear and produce a better finish.
metalworking-fluid-additives	Machining fluid additives are used along with coolant system lubricants, oils, or coolants to improve fluid life and reduce machine maintenance.
layout-fluids	Layout fluids reduce glare and create contrasting backgrounds that show scribed lines on workpieces during machining.
machine-tool-sump-cleaners	Machine tool sump cleaners remove impurities between fluid changes to speed cleaning and remove residue in supply lines and machine surfaces.
electrical-discharge-machining-fluids	Electrical-discharge machining (EDM) fluids are used in sinker EDM operations to create highly accurate, precise cuts on workpieces.
coolant-systems-accessories	Machining coolant systems move air and coolant through hoses to a cutting tool to limit heat buildup that can dull tools and damage sensitive components.
mist-coolant-systems	Mist coolant systems attach to machining equipment to spray a light covering of coolant onto tools and workpieces during cutting or machining operations.
flood-coolant-systems	Flood coolant systems attach to machine tools (such as lathes, CNCs, and grinders) to provide a constant coolant stream to a workpiece during high-speed, high-feed, or long-cycle cutting operations.
minimum-quantity-lubrication-systems	Minimum-quantity lubrication (MQL) systems lubricate workpieces and cutting tool edges to keep workpieces and tools cool, improve workpiece quality, extend cutting tool life, and move swarf away from the workpiece.
cold-air-coolant-systems	Cold-air coolant systems produce cold air to keep workpieces and cutting tool edges cool.
coolant-mixers	Coolant mixers automatically blend coolant concentrate with water and dispense a specific ratio of coolant to water to a coolant sump, tank, or reservoir for use in industrial machining environments.
coolant-nozzles	Coolant nozzles install on machine tool coolant tanks to dispense fluid directly onto the workpiece and cutting tool to keep cutting edges cool, improve workpiece quality, and extend tool life.
flexible-coolant-shields	Flexible-mount coolant shields protect workers from spray, mist, and light chips.
oil-skimmers-coalescers	Oil skimmers and coalescers remove tramp oils from coolant tanks and parts washers.
coolant-cleaner-vacuums	Coolant cleaner vacuums remove chips and swarf from cutting fluids in parts washers, sumps, and tanks.
coolant-system-filtration	Coolant system filtration circulates coolants and machining fluids remove contaminants, protect pumps and downstream equipment, improve heat transfer, and extend tool life.
machine-tool-coolant-pumps-mounting-brackets	Machine tool coolant pumps circulate coolant through a machine cutting system to prevent cutting tools from overheating during operation.
tool-blanks	Tool blanks are unground pieces of material that can be formed into custom tool bits.
3d-printing	3D printing is used in manufacturing to create parts, molds, prototypes, and tools.
3d-printers	3D printers deposit thin layers of filament on top of each other that then fuse to form a 3D object.
3d-printing-filament	3D-printing filament is fed into a 3D printer to provide material for making objects.
3d-printing-resin	3D printing resin is used in compatible resin 3D printers to produce high-quality models, prototypes, and parts.
3d-printing-accessories	3D-printing accessories are used with 3D printers to improve speed and efficiency during printing processes.
injection-molding	Injection molding is a manufacturing process used to produce plastic parts.
injection-molding-ejector-core-pins	Injection molding ejector and core pins are components of injection molding systems that produce plastic parts.
injection-molding-locking-stopping-components	Injection molding locking and stopping components keep injection molding systems running smoothly and protect them from damage.
injection-molding-leader-pins-ejector-bushings	Injection molding leader pins and ejector bushings help ensure consistent operation during injection molding processes.
injection-molding-support-pillars	Injection molding support pillars provide additional support to cavities, sprue, and runner systems within injection molds.
material-handling	Material handling equipment makes it easier to move, store, and handle materials and cargo.
ladders-platforms-personnel-lifts	Ladders, platforms, and scaffolding provide elevated access to reach areas above the ground.
step-stools	Step stools are small, compact, and feature one or more steps that provide extra height to reach elevated spaces and perform tasks off the ground.
ladders	Ladders provide access to elevated and hard-to-reach areas.
stairs	Stairs provide access up or down from one level to another.
work-platforms	Work platforms raise people to optimal heights to increase productivity and reduce the risk of back injuries and fatigue while performing tasks for long periods of time.
platforms-mezzanines	Platforms and mezzanines offer extra height for storage, work, security, or improved traffic flow in a facility.
elevated-safety-gates	Elevated safety gates install across openings in railings and guardrails to help prevent people or equipment from falling through the openings.
scaffolding	Scaffolding is a temporary structure that provides an elevated platform for workers to stand on and hold their equipment and materials while they perform tasks.
personnel-lifts	Personnel lifts elevate to different heights and have platforms for workers to stand on while performing overhead tasks like maintenance, repairs, and installations.
dock-loading-equipment	Dock equipment supports the loading and unloading of goods from vehicle trailers in loading docks, yards, and similar areas in industrial facilities.
rail-yard-equipment	Rail yard equipment includes tools and supplies used to support daily operations, maintenance, and safety in active rail yard environments.
wheel-chocks	Wheel chocks wedge in front of and behind vehicle wheels to prevent the vehicle from moving during maintenance or storage.
trailer-stabilizing-jacks	Trailer-stabilizing jacks install underneath the front end of a semitrailer to support the trailer when it's parked and not connected to a tractor.
loading-ramps-plates-boards	Loading ramps, plates, and boards ease transitions between loading docks and trailers or provide a path to load and unload cargo.
dock-bumpers	Dock bumpers absorb impact and protect structures and trucks from damage during deliveries.
dock-seals-shelters	Dock seals and shelters install around loading dock doors to protect cargo, contain heated or cooled air, and keep hazards and particulates (such as wind, rain, and exhaust fumes) out of buildings and trucks.
dock-doors-curtains-openers	Dock doors and curtains prevent unauthorized personnel access while keeping dirt and debris from entering the building.
dock-door-safety-nets	Dock door safety nets are temporary barriers that restrict access to loading dock doors while still allowing air to circulate.
trailer-curtains-strip-doors	Trailer curtains and strip doors install in trucks and trailers to reduce noise and keep out bugs and debris.
wheel-risers	Wheel risers elevate trucks so the gate is level with the loading dock to allow cargo to be loaded and unloaded safely.
clearance-bars	Clearance bars suspend over a driveway or under a building entrance to alert drivers to the maximum allowed height in a parking garage or other structure.
guardrails-handrails-protectors	Guardrails, handrails, and column, corner, and wall protectors prevent damage to structures and help people safely navigate a facility.
guardrails	Guardrails protect buildings and equipment and separate spaces designed for vehicle and foot traffic.
handrails	Handrails attach to the ground or another stable surface (such as a wheelchair ramp) to provide stability and keep pedestrians, wheelchairs, and scooters within a safe walkway.
column-protectors	Column protectors absorb energy to limit structural damage caused when forklifts and other equipment make contact with structural columns.
corner-wall-protectors	Corner and wall protectors limit light structural and vehicle damage caused when vehicles, pallet jacks, and hand trucks make contact with building walls, edges, and corners.
lifting-pulling-positioning	Lifting, pulling, and positioning items attach to materials, equipment, and objects to secure and move them.
tongs	Tongs are used to grip and lift heavy items, such as railroad ties.
hoists-trolleys	Hoists and trolleys transport and position heavy and large loads.
cranes-festoon-cable-systems	Cranes and festoon cable systems lift and position loads and provide power to hoists.
winches	Winches revolve cable or rope around drums to generate pulling forces that move heavy loads horizontally and/or vertically.
lift-tables-turntables-pallet-positioners	Lift tables, turntables, and pallet positioners bring loads closer to workers, improving ergonomics and efficiency.
box-dumpers	Box dumpers secure and lift containers, boxes, and crates to empty their contents into machinery, conveyors, chutes, and other containers.
drywall-lifts	Drywall lifts help install ceiling and wall panels.
lifting-rigging-hardware	Lifting and rigging hardware connect various types of components to support moving and securing loads.
chains	Chains connect with loads to tow, rig, secure, and move them.
lifting-slings	Lifting slings secure loads to move and position them overhead.
rope-twine	Rope and twine are cords made from braided and unbraided natural or synthetic materials.
wire-rope-fittings	Wire rope and fittings secure heavy loads to hoist, position, tow, and rig them using lifting and rigging equipment.
below-the-hook-lifting-devices	Below-the-hook lifting devices attach to cranes, hoists, or other lifting equipment to lift, position, and transport loads.
suction-lifters	Suction lifters utilize suction cups to create vacuum forces that grip loads to lift, move, or position them where needed.
lifting-magnets	Lifting magnets move, lift, and position metal sheets, parts, and objects for manual and automated processes.
push-pull-jacks	Push-pull jacks are mechanical jacks used for pushing, pulling, and holding in construction and engineering applications.
load-securing-cargo-control	Load securing and cargo control products install on trailers, trucks, and vehicles to protect shipments and contents during transport.
ratchet-straps-cam-straps	Ratchet straps and cam straps wrap around cargo and connect to an anchor point on a truck or trailer bed to secure loads and prevent shifting during transport.
winch-straps-tie-down-winches-winch-bars	Winch straps and tie-down winches work together to secure heavy cargo loads to flatbed trailers.
bungee-cords-straps-balls	Bungee cords, straps, and balls are flexible and stretch to secure cargo and hold bundles together.
rope-tie-downs	Rope tie-downs secure light loads between two secure anchor points.
corner-protectors-for-cargo-loads	Cargo corner protectors install between a tie-down and the load to prevent damage to tie-downs or cargo.
load-binders-for-chain-tie-downs	Load binders for chain tie-downs tighten chain between the anchor points.
load-cargo-bars	Load and cargo bars support and restrain pallets, boxes, and stacked cargo.
cargo-nets	Cargo nets secure large, irregular loads in truck beds, inside vehicles, and on trailers.
truck-trailer-anchors-for-tie-downs	Truck and trailer anchors for tie-downs provide a secure attachment point for winches, bungee cords, and ratchet and cam straps.
bulk-webbing-hardware	Bulk webbing and hardware create straps with custom configuration using a choice of buckles, rings, and closures.
accessories-for-load-securing-cargo-control	Load securing and cargo control accessories work with tie-downs and load-securing anchors to prevent loads from shifting during transport.
scales-scale-accessories	Scales and their accessories provide accurate weight measurement of products, people, parts, and equipment in industrial, medical, food and beverage, pharmaceutical, and packaging and shipping applications.
industrial-bench-scales	Industrial bench scales sit on a bench, countertop, or workspace in warehouse and manufacturing settings to weigh items for inventory analysis and quality inspection.
shipping-scales	Shipping scales weigh packages, cartons, and freight prior to shipping to determine accurate shipping costs.
dimensioners	Dimensioners capture images of packages, cartons, and irregular shaped shipments to determine the measurements of the items to help calculate shipping costs.
crane-scales-dynamometers	Crane scales and dynamometers are used with cranes or hoists to weigh suspended loads in industrial applications.
hanging-scales	Hanging scales, also called spring scales, suspend from an overhead anchor point and have a hook to hold objects when determining weight.
conveyor-scales	Conveyor scales install into conveyor lines to weigh items as they move, eliminating manual weighing in high-volume production environments.
medical-scales	Medical scales are used in healthcare settings to safely and accurately measure patient body weight.
food-scales	Food scales ensure consistent weight and portion control in commercial and industrial food processing applications.
industrial-balances	Industrial balances measure material mass in applications that require laboratory-quality accuracy in more rugged applications such as manufacturing environments.
mechanical-scales	Mechanical scales use physical elements to measure weight and do not require a power source to operate.
truck-axle-scales	Truck and axle scales are high-capacity scales for weighing heavy-duty vehicles such as semi-trucks.
scale-calibration-weights	Scale calibration weights ensure the accuracy of scales and balances in laboratories, manufacturing, and shipping applications.
load-cells	Load cells are sensors that convert compression and tension forces into a measurable electrical signal and are used in electronic weighing devices and systems in industrial applications.
scale-indicators-accessories	Scale indicators and other accessories support scale maintenance and enhance scale performance.
structural-framing-systems	Structural framing systems build railings, carts, shelving, barriers, and other structures without welding.
t-slot-framing-systems	T-slot framing systems build reconfigurable carts, shelving, barriers, workstations, and other structures without welding.Preconfigured T-slot framing kits include all the components required to assemble a selected design.
quick-assemble-press-fit-framing-systems	Quick-assemble press-fit framing systems consist of extruded aluminum profiles and fittings that press together to build structures such as carts, shelving, barriers, and retail displays.
clamp-on-pipe-framing-systems	Clamp-on pipe framing systems allow users to create custom storage, display, and workstation solutions with interchangeable pipes, brackets, and components.
heavy-duty-slide-on-pipe-railing-systems	Heavy-duty slide-on pipe railing systems fit together to assemble railings, barriers, shelving, and other structures without welding.
storage-workspace	Storage and workspace products organize equipment, prevent clutter, and keep items accessible.
shelving-storage-racks	Shelving and storage racks provide space for organizing and staging tools, supplies, and inventory in storage and work areas.
storage-cabinets	Storage cabinets have shelves, drawers, or other features that hold tools and equipment to keep them organized and out of the way when not in use.
lockers	Lockers hold personal belongings to keep them organized and out of the way when not in use.
storage-panels-panel-racks	Storage panels and panel racks accept a wide range of hooks, bins, shelves, tool holders, and other accessories to create a storage system for organizing and displaying small parts, tools, and other items in garages, workshops, utility…
bin-compartmented-storage-units	The bins and compartments on these storage units separate and organize tools, parts, merchandise, and other items so they can be accessed quickly.
workbenches-shop-furniture	Workbenches and shop furniture provide space to store equipment and supplies and perform manual tasks like assembly, repair, and testing.
buildings-shelters	Buildings and shelters provide enclosed spaces for people, equipment, or processes.
partitions-wire-machine-guards-curtain-walls	Partitions and wire machine guards form barriers around equipment or areas inside a facility.
storage-containers-bins	Storage containers store, transport, and organize items.
drums-buckets-ibc-totes-tanks	Drums, buckets, IBC totes, and tanks store and transport liquids, semi-solids, and solids.
pallets	Pallets hold products and large bundles to organize warehouse space and allow large shipments to be moved at once without them breaking apart.
casters-wheels	Casters and wheels provide mobility and reduce effort when moving or repositioning equipment.
plate-mount-casters	Plate casters install onto machinery, carts, or other equipment, making moving or repositioning them easier.
stem-casters	Stem casters have a stem or post on the top of the caster that inserts into compatible carts, office furniture, scaffolding, and racks.
bolt-hole-casters	Bolt-hole casters, also called hollow-kingpin casters, attach to racks, carts, furniture, and other equipment with compatible lags, bolts, or expanding stems.
side-mount-casters	Side-mount casters attach to vertical surfaces for added ergonomics and mobility.
caster-wheels	Caster wheels mount to the axles of casters or trucks, carts, and dollies to allow the equipment to roll.
track-wheels	Track wheels pair with compatible tracks or rails on equipment such as containers, racks, and carts to provide precise control over movement and alignment when moving the equipment between two locations.
pneumatic-flat-free-wheels	Pneumatic and flat-free wheels absorb more shock and vibration and produce less noise than standard wheels.
replacement-tires-tubes-for-pneumatic-wheels	Replacement tires and inner tubes for pneumatic wheels repair compatible pneumatic wheels on equipment such as carts, trucks, and wheelbarrows.
accessories-for-casters-wheels	Accessories for casters and wheels enhance the use and the capabilities of compatible casters and equipment.
transporting	Transporting products move equipment and materials from one place to another.
carts-trucks	Carts and trucks are wheeled vehicles used for moving items.
hand-trucks-dollies	Hand trucks and dollies allow one person to move large, heavy loads.
heavy-machinery-equipment-dollies-skates-pry-bars	Machinery and equipment dollies and skates support the underside of large, heavy items and machinery for relocation or repositioning.
conveyors-components	Conveyors move loads along a path and reduce the effort it takes to move them from one place to another in industrial applications.
self-dumping-hoppers-lids	Self-dumping hoppers hold parts, scrap, bulk materials, and trash in recycling centers, food processing plants, and other large processing plants.
forklifts-forklift-attachments	Forklifts and forklift attachments move pallets and cargo to and from shipping containers, trucks, racking, and warehouse storage spaces.
lift-trucks	Lift trucks enable users to lift heavy loads overhead in tight spaces where forklifts are impractical.
pallet-jacks-container-tilters	Pallet jacks and container tilters are used to move and position heavy loads.
walk-along-tuggers	Walk-along tuggers provide support when moving heavy wheeled loads such as hoppers and large carts.
powered-cargo-carriers	Powered cargo carriers allow workers to move or pull heavy loads across warehouses and large campuses.
bicycles-tricycles	Bicycles and tricycles transport people and supplies across large facilities and campuses.
material-handling-replacement-parts	Replacement parts for material handling equipment, including replacement casters, wheels, labels, and locks replace worn or broken parts to reduce accidents and costly downtime.
material-handling-parts	From hardware to caster wheels and tire tubes, you’ll find the parts you need at Grainger.
motors	Motors convert electrical energy into mechanical motion to power equipment such as fans, blowers, pumps, compressors, conveyors, and machine tools.
ac-motors	AC motors are powered by alternating current (AC) from an electric power grid or an electric generator.
single-phase-general-purpose-ac-motors	Single-phase AC motors convert AC power into torque (where torque is the measure of a rotational or twisting force) to drive mechanical loads.
three-phase-general-purpose-ac-motors	Three-phase general purpose AC motors provide smooth, continuous operation without the need for capacitors or switches.
ac-definite-purpose-motors	AC definite purpose motors have unique mechanical features that are intended for a specific purpose or application.
hvac-ac-motors	HVAC AC motors power fans, blowers, pumps, condensers, and compressors in equipment that provides heating, cooling, air circulation, and ventilation in buildings and manufacturing facilities to control air temperature and quality.
farm-duty-ac-motors	Farm duty AC motors have a high starting torque that allows them to start under large loads.
pump-ac-motors	Pump AC motors move an impeller in a pump assembly to transfer water and other liquids.
washdown-ac-motors	Washdown AC motors power equipment in high humidity and wet environments where machinery needs to be regularly hosed down and cleaned during washdown procedures, such as in chemical, pharmaceutical, food, and beverage production.
air-compressor-ac-motors	Air compressor AC motors power air compressors that generate compressed air for use with air-powered equipment on job sites, auto repair shops, and manufacturing facilities.
vacuum-ac-motors	Vacuum AC motors rotate a motor fan to create vacuum pressure and suction in commercial canister vacuums, material handling, and central vacuuming systems.
ac-motors-with-integrated-vfd	AC motors with integrated VFDs feature a compact chassis-mounted, hardwired variable frequency drive.
oem-replacement-ac-motors	OEM replacement AC motors are built to specific dimensional and/or performance parameters that allow drop-in replacement of existing OEM motors.
dc-motors	DC motors convert direct electrical current into mechanical rotational energy.
general-purpose-dc-motors	General purpose DC motors deliver consistent torque across their speed range, making them well-suited for applications where load remains relatively constant, and they provide full-rated torque even at low rpms in conveyor belts, hoists,…
vacuum-dc-motors	Vacuum DC motors have high starting torque, operate at high speed, and create vacuum pressure and suction by a rotating motor fan.
washdown-dc-motors	Washdown DC motors have a totally enclosed housing that can withstand wet/high-humidity environments or frequent washing for cleanliness and sanitation.
dc-definite-purpose-motors	DC definite-purpose motors are powered by direct current and have mechanical features designed for a specific purpose or application.
motor-capacitors	Motor capacitors temporarily store an electrical charge to provide extra torque and improve a motor's performance and efficiency.
motor-start-capacitors	Motor start capacitors temporarily store an electrical charge to deliver extra torque during motor startup.
motor-run-capacitors	Motor run capacitors maintain a charge and stay energized while a motor is operating.
power-factor-correction-capacitors	Power factor correction capacitors reduce power consumption caused by heavier inductive loads by balancing a motor's working power and supplied power.
motor-capacitor-service-kits	Motor capacitor service kits include parts and accessories for repairing and maintaining capacitors.
motor-capacitor-accessories	Motor capacitor accessories are optional parts that help with installing and maintaining motor capacitors.
motor-drives-speed-controls	Motor drives and speed controls connect to an AC motor's power supply and adjust the electrical current to finely tune motor speeds to meet specific operating requirements.
ac-motor-speed-controls	These speed controls are compact devices that connect to an AC motor's power supply and adjust the current to regulate the motor's speed, providing more precise speed control and reducing energy consumption.
dc-motor-speed-controls-and-accessories	These controls regulate DC motor speed and protect the motor from sudden electrical surges.
ec-motor-speed-controls	EC motor speed controls are compact devices that connect to a compatible permanent-magnet electronically commutated (EC) motor's power supply and adjust the magnetic field to regulate the motor's speed.
motor-soft-starts-accessories	Motor soft starts connect to a motor's power supply to gradually increase motor operating speed, protect from abrupt startup, and reduce energy consumption.
variable-frequency-drives-accessories	Variable frequency drives (VFDs) connect to a motor's electrical supply and vary the frequency of the electricity powering the motor, controlling the motor's performance and reducing the amount of energy the motor consumes.
motor-maintenance-accessories-replacement-parts	Motor maintenance accessories and replacement parts help repair, maintain, adapt, and extend the life of motors in HVAC and machine tool applications.
motor-maintenance-accessories	Motor maintenance accessories help repair, maintain, adapt, and extend the life of motors in HVAC and machine tool applications.
motor-replacement-parts	These replacement parts service motors in need of maintenance or repair and typically work with a specific brand, series, or model.
motor-mounting-accessories	These mounting accessories facilitate and support the mounting of motors and are primarily used for motors in HVAC applications.
belt-drive-motor-adjustable-bases	These adjustable belt drive motor bases allow mounting position adjustments after the motor is secured to a base.
motor-resilient-ring-mounts	Resilient ring mounts hold the motor in a suspended position, also known as a cradle, to dampen vibration and noise associated with motor startup.
motor-flange-c-face-mount-adapters	These mounting adapters convert the shaft end of a motor to a standard C-face mount or a flange mount, allowing for more mounting base options.
motor-mounting-brackets	These mounting brackets secure motors next to or within the equipment that the motor is operating in HVAC systems.
motor-tie-rods	Motor tie rods, also known as thru-bolts, extend the length of a motor's outer frame, allowing the front and rear end shields of the motor to be bolted in place.
outdoor-equipment	Outdoor equipment assists with maintaining lawns, gardens, and building grounds.
weed-killers-herbicides	Herbicides are weed killers that keep lawns, landscaping, and pavement free of undesired vegetation.
outdoor-power-equipment	Outdoor power equipment performs groundskeeping and landscaping tasks, such as cutting grass, trimming overgrowth, and clearing debris.
debris-leaf-blowers	Debris and leaf blowers emit a forceful stream of air to gather up and clear away grass clippings, leaves, twigs, dirt, and litter in landscaping, lawn care, and jobsite cleanup applications.
string-trimmers-brush-cutters-edgers	String trimmers, brush cutters, and edgers perform specialized lawn and landscaping cutting tasks where lawn mowers are too large or overpowered.
mowers-aerators-power-rakes	Mowers, aerators, and power rakes tend lawns to keep them well manicured and foster growth.
landscaping-power-heads-attachments	Landscaping power heads and attachments provide a versatile lawn care and landscaping tool system that replaces multiple, individual tools.
power-brushes-leaf-litter-vacuums-chipper-shredders	Power brushes, litter and leaf vacuums, and chipper shredders clean up yard waste and debris for disposal, composting, or mulching.
chainsaws-pole-saws-log-splitters	Chainsaws, pole saws, and log splitters cut wood to remove overgrowth and cut logs to size without the operator fatigue of hand saws and splitting wedges.
hedge-trimmers-pruners	Hedge trimmers and pruners cut back overgrowth and remove dead branches to groom shrubs and bushes.
outdoor-utility-vehicles	Outdoor utility vehicles transport workers, equipment, and materials in groundskeeping, landscaping, facility maintenance, and construction applications.
cultivators-tillers	Cultivators and tillers loosen hard-packed soil to prepare for planting or creating pathways.
outdoor-equipment-combination-kits	Outdoor equipment combination kits include two or more battery-powered tools for performing different groundskeeping, landscaping, and property maintenance tasks.
power-concrete-mixers-compactors-finishing-tools	Power concrete mixers, compactors, and finishing tools assist with preparing material, laying the groundwork, and applying the final touches to handle concrete installation from the mix to the pour.
power-earth-augers-post-drivers	Power earth augers twist long, spiral earth auger bits that bore into the ground to make holes for setting posts and footer piers, digging trenches, tilling gardens, and planting trees, shrubs, and crops.
batteries-chargers-for-outdoor-equipment	Outdoor equipment batteries and chargers keep cordless blowers, trimmers, mowers, chainsaws, and other lawncare and groundskeeping tools powered up and ready for use.
wheelbarrows	Wheelbarrows balance heavy loads to roll them between locations.
standard-wheelbarrows	Standard wheelbarrows hold piles of bulk materials in their tray and rely on physical effort for rolling and dumping the load.
battery-powered-wheelbarrows-carts	Battery-powered wheelbarrows and carts have a motor that drives their wheels to assist with moving heavy loads across long distances and up inclines.
replacement-parts-for-wheelbarrows	These replacement parts help repair and maintain wheelbarrows.
outdoor-hand-tools	Outdoor hand tools perform various agricultural, landscaping, and groundskeeping tasks.
shovels-scoops-garden-trowels	Shovels, scoops, and garden trowels move and remove soil and bulk materials in gardening, landscaping, and material handling applications.
rakes	Rakes comb their tines or teeth along surfaces to collect loose matter into piles, pull up debris, or distribute materials evenly across an area.
forks-hoes-weed-cutters	Forks, hoes, and weed cutters tend soil, move organic material, and remove weeds on small plots of land.
axes-machetes-hooks-wedges	Axes, machetes, hooks, and wedges use their sharp edges to cut wood, brush, and other growth.
digging-bars-mattocks-soil-probes	Digging bars, mattocks, and soil probes delve into soil to make holes, break up compacted earth, and perform surveying tasks.
hand-tampers	Hand tampers manually pack soil, sand, gravel, and other materials into a stable, level footing that prevents shifting and supports overlays.
hookaroons	Hookaroons swing like an axe to stick their curved, sharp-tipped head into the end of logs, lumber, and boards to lift, carry, or drag them without having to bend over and pick them up.
post-drivers-post-hole-diggers	Manual post drivers pound the top of poles and posts to set them into holes made by diggers.
saws-knives-shears-loppers	Saws, knives, shears, and loppers trim back overgrowth and prune dead branches on trees and shrubs.
garden-fabrics-erosion-control-blankets-tree-care	Garden fabrics, erosion control blankets, and tree care products keep garden beds tidy and protect soil, trees, and plants from damage.
erosion-control-blankets	Erosion control blankets lay over freshly turned and newly seeded earth to stabilize soil and protect against washout, runoff, and scatter due to rain and heavy winds.
weed-barrier-landscape-fabric	Weed barrier and landscape fabric covers soil to suppress weeds and allow desired plants to thrive.
tree-watering-bags-root-feeders	Tree watering bags and root feeders supply hydration and nutrients to trees to promote growth.
tree-grates	Tree grates encircle the foot of trees to protect against damage from foot traffic and prevent tripping over roots.
landscape-edging	Landscape edging forms clean, defined borders along garden beds, trees, and paths.
plant-protection-fabric	Plant protection fabric shields plants to prevent frost damage when temperatures drop below freezing.
tree-wraps-protectors	Wraps and protectors prevent damage to trees or safeguard trees while they recover from damage.
garden-stakes-plant-supports	Garden stakes and plant supports hold saplings and plants upright so they'll grow straight.
fencing	Fencing sets boundaries and creates enclosures on agricultural fields, building grounds, recreational areas, and other outdoor spaces.
chicken-wire	Chicken wire is a flexible mesh for applications ranging from poultry netting to temporary fencing to structural support.
silt-fence	Silt fence forms a barrier around construction sites and plots of exposed soil to retain sediment while allowing water to filter through.
barbed-wire-supplies	Barbed wire and supplies set up a spiky perimeter that deters trespassing and unauthorized exit from high-security facilities, pastures and fields, and other private or restricted areas.
electric-fence-supplies	Electric fence supplies provide wire, tools, and hardware for setting up and repairing runs of electrified fence.
deer-fence	Deer fence forms a net that blocks deer from feeding on plants and vegetation.
snow-fence	Snow fence creates a windbreak that controls blowing and drifting to keep snow contained.
privacy-wind-screens	Privacy and wind screens provide barriers to control visibility into and airflow through outdoor environments.
fence-stretching-tools	Fence stretching tools pull fencing wire taut so it can be fastened between posts.
t-posts-u-posts-for-fencing	T-posts and U-posts support wire, snow, wood, composite, and other types of fencing.
chain-link-fence-posts-hardware	Chain link fencing, posts, and hardware fit together to form a permanent boundary around property perimeters or to create pens and enclosures.
gate-hardware	Gate hardware provides parts to latch, open, and close fence gates.
privacy-fences-gates-supplies	Privacy fences, gates, and supplies create an aesthetic barrier around outdoor areas such as pools, hot tubs, and yards in commercial, public, or residential settings.
small-engines-accessories	Small engines burn fuel to run outdoor power equipment such as lawn mowers, leaf blowers, snowblowers, trimmers, chainsaws, and pressure washers.
watering-equipment-irrigation-systems	Watering equipment and irrigation systems deliver water to hydrate lawns, trees, and gardens.
garden-hose-nozzles	Garden nozzles give handheld control of water pressure and spray from garden hoses.
lawn-sprinklers	Lawn sprinklers attach to garden hoses and distribute water across yards, flower beds, and gardens.
sprinkler-heads-nozzles	Sprinkler heads and nozzles connect to irrigation lines and spray water from sprinkler systems.
sprinkler-valves	Sprinkler valves shut water on and off in irrigation systems.
watering-controllers-timers-sensors	Watering controllers, timers, and sensors manage the timing and duration of water flow in sprinkler and irrigation systems.
drip-sprinkler-systems-accessories	Drip sprinkler systems soak soil thoroughly while using less water than spray-type sprinklers.
irrigation-maintenance-repair-parts	Irrigation maintenance and repair kits keep sprinklers and irrigation systems operating properly.
electrical-generators-power-stations	Electrical generators and power stations supply backup or primary power when electricity from the power grid is offline, inadequate, or unavailable.
portable-generators	Portable generators burn fuel to produce electrical energy for running equipment during power outages, in remote settings, and on jobsites.
portable-power-stations	Portable power stations convert DC power to AC power for running corded power tools, appliances, and other electrical-powered devices during power outages, in remote locations, and in other applications where a wired power source is…
generator-light-towers	Generator light towers produce high-output illumination at outdoor locations for construction and roadwork, nighttime events, search-and-rescue operations, and more.
generator-transfer-switches	Generator transfer switches shift the source of electrical power from the grid to a generator for running equipment during outages.
generator-accessories	Generator accessories assist with installing, operating, transporting, and repairing generators.
ground-protection-mats	Ground protection mats provide a stable base to move heavy loads and equipment over soft ground without damaging the surface or getting equipment stuck.
insect-wildlife-control	Insect and wildlife control products protect buildings, ledges, signs, and walkways from damage and nuisance caused by pest animals and bugs.
bug-insect-control	Bug and insect control products reduce or eliminate populations of pest insects such as flies, ants, and cockroaches.
rodent-control	Rodent control products repel, capture, or eliminate rodents such as mice and rats.
bird-control	Insect and wildlife control products reduce, remove, or exclude populations of pest animals, birds, and insects from indoor and outdoor spaces.
wildlife-control	Wildlife control products eliminate, repel, or trap pest animals to prevent and limit access to protected areas.
pressure-washers	Pressure washers spray jets of water to loosen and remove dirt, grime, rust, and other deposits from pavement, buildings, and equipment.
electric-pressure-washers	Electric pressure washers plug into and operate within range of an electrical outlet that provides power for spraying jets of water to loosen and remove dirt, grime, rust, and other deposits from pavement, buildings, and equipment.
gas-powered-pressure-washers	Gas-powered pressure washers have a gasoline-fueled engine that produces consistent, all-day running power for spraying jets of water to loosen and remove dirt, grime, rust, and other deposits from pavement, buildings, and equipment.
battery-powered-pressure-washers	Battery-powered pressure washers provide cord-free, fume-free operation for spraying jets of water to loosen and remove dirt, grime, rust, and other deposits from pavement, buildings, and equipment.
nozzles-for-pressure-washers	Nozzles control the spraying force and pattern from a pressure washer.
spray-guns-wands-foamers-for-pressure-washers	Spray guns, wands, and foamers control, direct, and modify the water output from pressure washers.
pressure-washer-detergents	Pressure washer detergents boost cleaning power to remove ingrained dirt, heavy soils, and stuck-on residues.
rotary-surface-cleaners-water-brooms	Rotary surface cleaners and water brooms provide more spraying coverage than standard pressure washers to clean large surface areas in less time.
replacement-parts-for-pressure-washers	Pressure washer replacement parts and accessories change out worn components or adapt pressure washers for specific applications.
snow-ice-removal	Snow and ice removal products clear off sidewalks, driveways, parking lots, and other surfaces to reduce hazards and leave a path for travel.
ice-melt-traction-control	Ice melt and traction control products treat paved surfaces to reduce the risk of slipping in cold, wet conditions.
snow-blowers	Snow blowers use their powered paddle or auger to pick up snow from surfaces and discharge it into piles to clear sidewalks, driveways, and parking lots.
maintenance-kits-accessories-repair-parts-for-snow-blowers	Snow blower maintenance kits, accessories, and repair parts keep blowers operating properly or modify their function for specific applications.
snow-shovels-pushers	Snow shovels have a large blade and a long handle that provides leverage for removing snow from sidewalks, driveways, patios, and other paved areas.
roof-rakes	Snow roof rakes pull down heavy snow loads before they cause structural damage to roofs.
ice-scrapers-choppers	Ice scrapers and choppers shave off or break up packed snow and thick ice from concrete steps, walkways, and driveways.
snow-sweepers-replacement-brushes	Snow sweepers and replacement brushes lift off and plow away snow and slush from pavement.
sprayers-foggers	Outdoor sprayers and foggers disperse liquid fertilizers, weed killers, pesticides, cleaning solutions, sealants, and more onto lawns, gardens, and building grounds.
handheld-cart-sprayers	Handheld and cart sprayers hold liquids in their carry-along or roll-along tank and pump them to their spray wand for dispensing.
backpack-sprayers	Backpack sprayers strap on and distribute the weight of their tank across the shoulders to ease maneuvering, keep both hands free for spraying, and reduce fatigue during extended use.
tow-behind-sprayers	Tow-behind sprayers hitch to vehicles to spray liquid fertilizers, weed killers, pesticides, cleaning solutions, sealants, and more in landscaping, groundskeeping, and agricultural applications.
vehicle-mounted-sprayers	Vehicle-mounted sprayers allow transport to remote locations and feature high-capacity tanks to cover more ground than other types of sprayers.
hoses-wands-guns-nozzles-for-sprayers	Sprayer hoses, wands, guns, and nozzles deliver and direct the liquid spray onto the target area.
parts-accessories-for-sprayers	Sprayer parts and accessories change out worn components or adapt sprayers for specific applications.
foggers	Foggers spray a fine mist to treat large areas with insecticides, weed killers, fertilizers, parasite controls, disinfectants, cleaners, stains, and sealers.
spreaders	Spreaders distribute salt, sand, ice melt, grass seed, fertilizers, and other granular substances.
walk-behind-spreaders	Walk-behind spreaders roll along flat or gently sloped terrain to evenly distribute ice melt, grass seed, fertilizers, and other granular substances.
shoulder-handheld-spreaders	Shoulder and handheld spreaders distribute ice melt, grass seed, fertilizers, and other granular substances across small areas and locations that can't be reached with larger spreaders.
vehicle-mounted-spreaders	Vehicle-mounted spreaders allow transport to remote locations and feature high-capacity hoppers to cover more ground than other types of spreaders.
tow-behind-spreaders	Tow-behind spreaders hitch to a lawn tractor, ATV, or UTV for pulling along flat or gently sloped terrain to distribute salt, sand, feed, and other granular substances.
parts-accessories-for-spreaders	Spreader parts and accessories change out worn components or adapt spreaders for specific applications.
temporary-outdoor-structures-furniture	Temporary outdoor structures and furniture provide shelter and seating outdoors for camping, festivals, emergencies, and other temporary applications.
canopy-tents-temporary-shelters	Canopy tents and shelters are temporary structures that shield people from the outdoor elements.
anchors-weights-for-canopies-temporary-shelters	Anchors and weights for canopies and temporary shelters, also called tent weights or tent anchors, help keep canopies and temporary shelters in place by securing them to the ground or making them too heavy to blow away.
collapsible-outdoor-tables-chairs	Collapsible outdoor tables and chairs are portable seating and working surfaces that fold into compact footprints for storage and can be quickly deployed as needed.
replacement-parts-for-canopy-tents-temporary-structures	Replacement parts for canopy tents and temporary structures return tents to working order by replacing damaged, worn, or missing components.
packaging-shipping	Packaging and shipping supplies provide the materials needed to pack, bundle, protect, seal, and label items for storage, transit, or shipment.
shipping-boxes-pads-tubes	Shipping boxes, pads, and tubes are containers that package products for transit and delivery, protecting them from damage during shipping.
shipping-boxes	Shipping boxes come in many shapes, sizes, and strengths to contain and protect products for storage or transport.
mailing-tubes	Mailing tubes are made of rigid material that won't bend to protect a variety of items during shipment such as rolled documents, posters, and artwork, as well as heavier items such as pipes and baseball bats.
corrugated-pads-sheets	Corrugated pads and sheets are flat pieces of cardboard or plastic that layer between products or separate items in a palletized stack.
retail-gift-boxes	Retail and gift boxes are lightweight cartons for packing up individual merchandise pieces after purchase.
packing-tape	Packing tape seals packages and bundles items for storage, transit, and shipping.
standard-packing-tape	These rolls of packing tape seal boxes, mailers, and cartons in standard packing and shipping operations.
water-activated-kraft-tape	Water-activated Kraft tape forms a strong bond on corrugated packaging to provide a secure seal.
strapping-tape	Strapping tape is a high-tensile strength, fiberglass-reinforced tape with good tear resistance.
pressure-sensitive-paper-tape	Pressure-sensitive tape is paper-backed and adheres to surfaces by applying pressure by hand without the need for a solvent or heat for activation.
quiet-packing-tape	Quiet packing tape unwinds smoothly without emitting loud screeching sounds when the adhesive pulls from the roll.
crystal-clear-packing-tape	Crystal clear packing tape resists yellowing and aging from UV light and weathering.
color-coding-packing-tape	Color-coding packing tape provides a means to seal packages and visibly classify them for handling and inventory purposes.
cold-temperature-packing-tape	Cold-temperature packing tape maintains its bond on cartons in subfreezing temperatures.
preprinted-packing-tape	Preprinted packing tape conveys information for packages in transit.
pre-cut-packing-tape-sheets-strips	Pre-cut packing tape sheets and strips provide convenient, ready-to-apply lengths of tape that eliminate the need for a dispenser or cutting tool.
bag-sealing-tape	Bag sealing tape seals open-ended poly bags when used with bag sealing tape dispensers.
label-protection-tape	Label protection tape withstands moisture, oils, solvents, and other liquids to keep shipping labels on packages fixed in place and legible.
packing-tape-dispensers-machines	Packing tape dispensers and machines ease tape dispensing in high-volume packing and shipping settings.
packing-list-envelopes	Packing list envelopes adhere to the outside of packages or shipping containers to hold invoices, packing lists, safety data sheets, and other important documents.
printed-packing-list-envelopes	Printed packing list envelopes have a message on the front of the envelope that identifies the contents of the envelope for the recipient.
bilingual-packing-list-envelopes	Bilingual packing list envelopes display printed messages in more than one language and identify the envelope's contents for the recipient.
recycled-plastic-packing-list-envelopes	These packing list envelopes are made from recycled plastic to support sustainability and have a message on the front that identifies the envelope's contents.
sds-packing-list-envelopes	SDS packing list envelopes have messaging to alert recipients that Safety Data Sheets are included in the envelope.
transportation-packing-list-envelopes	These packing list envelopes have messaging to identify documents required for transportation such as export documents and certifications.
military-spec-packing-list-envelopes	Military spec packing list envelopes meet U.S. General Services Administration (GSA) requirements and government specifications for military packaging and shipping applications.
barcode-labeling-scanning	Barcode labeling and scanning supplies and equipment help identify, track, and manage items in shipping and inventory processes.
barcode-labels-ribbons	Barcode labels and ribbons feed into compatible barcode printers to create custom labels for shipping and inventory management applications.
barcode-label-printers	Barcode label printers create custom labels with barcodes, addresses, company logos, and other information for shipping, asset tracking, product identification, pricing, and inventory management applications.
barcode-label-scanners	Barcode label scanners are compact devices that read barcodes on labels.
shipping-mailers	Shipping mailers hold small or flat items and have a closure to seal the contents securely inside.
bubble-mailers	Bubble mailers have a plastic bubble liner to provide some cushioning and padding around items.
recyclable-mailers	Recyclable mailers hold small or flat items and have a closure to seal the contents securely inside.
tear-resistant-poly-mailers	Tear-resistant poly mailers are flexible envelopes that protect the contents from moisture.
chipboard-fiberboard-flat-mailers	Chipboard and fiberboard flat mailers are made of stiff, thick paper, and they prevent the envelope contents from folding or bending during transit.
glamour-mailers	Glamour mailers hold small or flat items in brightly colored, shiny material that draws attention to the package in retail, marketing, and gifting applications.
protective-packaging	Protective packaging creates a buffer around items in a box or container and protects against shifting, impact, corrosion, moisture, or temperature fluctuations during shipment or storage.
bubble-bags-rolls	Bubble bags and rolls are flexible plastic material with air-pocket bubbles that wrap and cushion items inside a package to protect them from damage during transit or storage.
foam-rolls-pouches-sheets	Foam rolls, pouches, and sheets are packaging material that protect items during storage and shipping.
packaging-paper	Packaging paper is used to wrap items for shipment or to fill empty space in containers, preventing products from shifting during transit.
air-pillow-machines-films	Air pillows fill empty space in shipping boxes to cushion products and prevent them from shifting during transit.
dunnage-bag-packaging	Dunnage bags are large, durable, inflated bags that are placed between and around heavy items in trucks and shipping containers to prevent them from shifting during transit.
packaging-peanuts	Packaging peanuts are reusable, loose packing material that fill excess space around a product and provide some protection against damage during transit.
instant-foam	Instant foam is a protective packaging material that forms into a shape to surround an item in a container.
anti-static-packaging	Anti-static packaging materials prevent static electricity from building up around items, reducing the risk of electrostatic discharge (ESD) that could damage electronic components and computers.
corrosion-inhibiting-packaging	Corrosion-inhibiting packaging materials cushion, absorb moisture, and prevent rust build-up on metal items and electronic components during shipment.
temperature-controlled-packaging	Temperature-controlled packaging materials insulate shipping containers, preventing heat or cold from damaging or spoiling the contents.
bubble-foam-dispensers-cutters	Bubble and foam dispensers and cutters store, organize, and cut packing material at a packaging station.
moisture-absorbent-packaging	Moisture absorbent packaging includes packing materials and indicators to prevent damage to products that must stay dry during storage and shipment.
stretch-wrap	Stretch wrap protects products from dust and moisture, prevents and indicates tampering, and keeps items together for shipping and storage in fulfillment centers, loading docks, and storage facilities.
stretch-wrap-rolls	Stretch wrap rolls are continuous lengths of plastic wrapped around a core that can be applied by hand or with a wrapping machine.
stretch-wrap-dispensers	Stretch wrap dispensers make it easier and quicker to manually apply stretch wrap to loaded pallets and bundles, protecting hands from sharp core material and reducing hand fatigue and strain. Stretch wrap dispensers are more portable than…
stretch-wrap-machines-turntables	Stretch wrap machines and turntables are used in medium- to high-volume packing and shipping applications to make applying stretch wrap to bundles and pallets quicker, easier, and more secure than hand wrapping.
top-sheeting	Top sheeting is placed on top of the pallet prior to wrapping the sides with stretch wrap to help protect pallet contents from dust and moisture.
strapping	Strapping products secure items together to protect them during shipment or to keep them organized and secure during storage.
strapping-bands	Strapping bands secure pallets, bundles, and boxes in shipping, storage, and packing operations.
strapping-seals-buckles	Strapping seals and buckles secure the ends of plastic and steel strapping for shipping or storage.
strapping-tools	Strapping tools tension, seal, and cut strapping that is used to secure bundles and packages for shipping and storage.
strapping-carts	Strapping carts, also called strapping dispensers, hold strapping coils to keep materials organized and accessible for use.
strapping-kits	Strapping kits include a selection of items that work together to hold, store, transport, tension, and seal metal and plastic strapping.
strapping-machines	Strapping machines speed wrapping and reduce operator fatigue by reducing the amount of physical labor required to manually strap and seal bundles.
strapping-accessories	Strapping accessories support strapping and sealing operations used to secure pallets, bundles, and packages for shipping and storage.
baling-wire-ties	Baling wire and ties are used to repair fences or secure packages and bundles of loose items such as cardboard, rebar, and lightweight pipe.
replacement-parts-for-strapping-tools	Replacement parts for strapping tools help support the repair and maintenance of these products.
edge-corner-protectors	Edge and corner protectors help stabilize and safeguard large packaged shipments during transit.
edge-protectors	Edge protectors are placed on stacked packages to help stabilize and protect loads during shipping and storage.
corner-protectors	Corner protectors are placed on or around boxes and containers to help prevent dents or damage during handling, shipping, and storage.
strapping-guards	Strapping guards, also called strap edge protectors, provide a barrier between the strapping and the load surface to avoid dents and damage from tight strapping on shipping boxes, containers, and cargo.
packing-shipping-bags	Packing and shipping bags hold and protect items for a variety of applications in the retail, manufacturing, and food processing industries.
open-ended-poly-bags	Open-ended poly bags open on one end to ease filling and can be closed with a heat seal, staple, twist tie, or tape for a variety of applications in the retail, manufacturing, and food processing industries.
reclosable-bags	Reclosable poly bags have a closing mechanism that can be opened and closed multiple times to keep items protected from moisture, air, and dirt in retail, manufacturing, and food processing industries.
poly-tubing	Poly tubing can be cut to make custom-sized packaging for items of various lengths and shapes.
drawstring-bags	Drawstring bags have pull-string closures to eliminate the need for twist ties, staples, and tape.
bin-liners-pallet-covers	Bin liners and pallet covers protect goods from dirt and debris during shipping and storage.
bulk-bags	Bulk bags are made of strong, woven polypropylene for holding heavy loads without breaking or ripping.
retail-bags	Retail bags hold groceries, merchandise, take-out food, and protect new or dry-cleaned clothing.
shipping-handling-labels-tags-stencils	Shipping and handling labels, tags, and stencils help companies convey important information about the contents of containers and packages.
shipping-handling-labels-dispensers	Shipping and handling labels provide a variety of shipping and receiving messages to convey important information about the contents of containers and packages to personnel during transit.
dot-un-handling-labels-placards	Department of Transportation (DOT) and United Nations (UN) handling labels and placards clearly identify shipments containing hazardous materials and help companies comply with government and UN regulations.
damage-indicators	Damage indicators alert recipients that the contents of a shipment need to be inspected for damage.
shipping-tags	Shipping tags tie onto products or equipment when a standard adhesive label will not fit, or is not practical.
shipping-stencils	Shipping stencils provide a repeatable, manual method for creating signage or labeling shipping containers, packages, and equipment without the need for printers, labels, or placards.
heat-shrink-wrap	Heat shrink wrap provides a clear, molded plastic seal that bundles, protects, and improves the presentation of products.
shrink-film-rolls	Shrink film rolls provide nonperforated lengths of film for wrapping, bundling, protecting, and improving the presentation of products.
shrink-film-bags	Shrink film bags are ready to be filled with products to create a protective molded seal when exposed to heat.
shrink-film-tubing	Shrink film tubing is made of clear, strong, puncture-resistant plastic that can be cut to fit around an item.
shrink-film-bands	Shrink film bands help provide evidence of tampering on food and medication containers with lids.
box-staplers-staples	Box staplers and staples are used together to secure packages for shipping.
box-staplers	Box staplers apply staples to packaging for a durable closure that withstands weather, temperature, and humidity during transit.
box-staples	Box staples are used with staplers to seal packages for shipping or storage.
shipping-accessories-equipment	Shipping accessories and equipment support high-volume packing operations.
bag-dispensers	Bag dispensers keep bags together and ease dispensing.
carton-stands	Carton stands hold and organize collapsed corrugate and paperboard boxes in preparation for packing in high-volume shipping applications.
moving-blankets	Moving blankets wrap around appliances, doorjambs, and furniture to protect against dents, scratches, and other damage while items are in transit.
pallet-accessories	Pallet accessories protect and help prepare pallets for transport.
poly-bag-shrink-film-heat-sealers	Poly bag and shrink film heat sealers apply pressure and heat to fuse bag and film edges together to create an airtight seal.
paints-equipment-and-supplies	Paints, equipment, and supplies work together to apply color and protective coatings to surfaces and objects.
spray-paints-spray-primers	Spray paints and primers easily add color and coatings to indoor and outdoor surfaces for decorative and protective purposes.
spray-primers	Spray primers are aerosols that cover surfaces prior to topcoat paint application.
striping-marking-paints-equipment	Striping paints, marking paints, and striping equipment add markings to outdoor surfaces such as concrete, pavement, grass, or gravel.
striping-marking-paints-chalks	Striping and marking paints are used to add markings to outdoor surfaces such as concrete, pavement, grass, or gravel.
heat-activated-pavement-markings	Thermoplastic pavement marking paints are used to clearly mark traffic lanes, legends, symbols, and road boundaries on roads, parking lots, and other paved surfaces.
line-stripers	Line stripers apply lines of paint on pavement, factory floors, and athletic fields.
paints-coatings	Paints and coatings protect, color, and refresh the look of surfaces or objects.
roof-leak-coatings	Roof and leak coatings extend the life of a roof, by reducing heat transfer into the building, decreasing thermal shock (thermal expansion and contraction of the roof membrane), and helping to mitigate leaks.
floor-coatings	Floor coatings protect surfaces, provide aesthetic treatments, and extend the life of surfaces that must withstand daily traffic.
specialized-paints-coatings	Specialized paints and coatings protect surfaces in specific applications such as HVAC, marine, and plumbing, or for unique conditions such as to inhibit corrosion, withstand extreme temperatures, cover lead paint, or repel liquids to…
multipurpose-protective-coatings	Multipurpose coatings protect against moisture, mold, rust, and corrosion.
interior-exterior-paints	Interior and exterior paints cover walls, ceilings, furniture, and woodwork to add color and provide a clean, refreshed look to surfaces.
stains-sealers	Stains and sealers are transparent or semitransparent products that add a protective layer on surfaces to extend their life and reduce frequent maintenance or premature replacement of materials.
automotive-paints-coatings	Automotive paints and coatings add a layer that protects and enhances the surfaces of automobiles, trucks, farming equipment, and industrial parts.
paint-thinners-removers	Paint thinners reduce the viscosity of paint to prepare it for use with sprayers, to clean brushes and surfaces after painting, or to thin out paint that has become too thick.
paint-removers	Paint strippers, or paint removers, are chemical products designed to remove paint, finishes, and coatings while also cleaning the underlying surface.
paint-thinners	Paint thinners reduce the viscosity of paint to prepare it for use with a sprayer, to clean brushes and surfaces after a paint job, or to thin out paint that has become too thick.
paint-applicator-cleaners	Paint applicator cleaners include chemicals like solvents to remove paint from applicators and accessories.
mastic-adhesive-removers	Mastic and adhesive removers are water-based biodegradable formulas designed for quickly removing latex, acrylic, and pressure sensitive adhesives from concrete, terrazzo, ceramic and vinyl tile, or wood substrate.
wallpaper-removal	Liquid wallpaper removers contain wetting agents designed to dissolve the old adhesive.
paint-preparation-restoration	Paint preparation and restoration products treat and clean surfaces prior to staining, sealing, and painting.
preparation-cleaning	Preparation cleaning products remove dirt, oil, grease, and other debris from surfaces to ensure paints and coatings bond properly to the surface with a smooth finish.
restoration-coatings	Restoration coatings revive surfaces and block the resulting odors, stains, and mold from damaging events such as fire and flood or from long exposure to conditions such as moisture and smoke.
painting-equipment	Painting equipment supports a wide range of industrial, commercial, and residential painting projects from preparation activities to cleanup.
paint-coating-applicators	Paint and coating applicators cover or coat a variety of surfaces.
paint-trays-buckets	Paint trays and buckets hold large quantities of paint for application.
surface-protection-dust-barriers	Surface protection and dust barrier products help safeguard carpets and hard surfaces from damage during construction, painting, and renovation.
paint-spray-guns-systems	Paint spray guns and systems apply smooth, even coats of paint and coating to surfaces faster and more efficiently than using brushes and rollers.
paint-spray-booths	Paint spray booths provide a controlled environment for spraying pressurized paint on automobile and boat parts, industrial equipment, furniture, and other products that require a smooth finish.
paint-shakers-stir-sticks	Paint shakers and stir sticks mix paints, coatings, and similar liquids to create custom colors or to ensure material is properly blended prior to applying.
paint-can-tools	These tools open and close paint can or pail lids, ease the paint setup process, and speed application.
wallpaper-tools	Wallpaper applicators and tools help paper adhere, hold paper in place, and speed removal.
pipe-hose-tube-fittings	Pipe, hose, and tubing move materials such as air, water, gasoline, and chemicals from one place to another.
pipe-pipe-fittings	Pipe and pipe fittings help transfer media such as air, water, gasoline, and chemicals from one place to another in repairs, new construction, and in residential, commercial, or industrial applications.
standard-pipe-pipe-fittings	Standard pipe and pipe fittings help transfer media such as air, water, gasoline, and chemicals from one place to another in repairs, new construction, and in residential, commercial, or industrial applications.
pipe-fitting-gaskets	Pipe fitting gaskets sit between two joined sections of pipe to fill gaps, prevent leaks, and reduce friction.
bulkhead-tank-fittings	Bulkhead fittings connect pipes, valves, and spigots to tanks to form an inlet or outlet for fluids to flow freely for draining and filling.
rotating-joints-unions	Rotating joints and unions, also referred to as swivel unions, connect a stationary pipe to a rotating component to allow uninterrupted flow of fluid, air, or steam.
pipe-expansion-joints	Pipe expansion joints are flexible unions that connect sections of pipe in a system to absorb expansion and contraction and prevent misalignment caused by temperature changes, movement, vibration, start-ups, or surges from attached pumps…
bolted-pipe-couplings	Bolted pipe couplings join plain, unthreaded pipe ends without the need for welding or for special pipe fittings, in general plumbing applications and industrial systems.
pipe-flange-covers	Pipe flange covers protect flange fittings from dust, moisture, and damage when the flange is not in use.
pipe-fitting-spray-shields	Pipe fitting spray shields cover flanged joints in a system to protect personnel from the spray of harmful fluids if the seal on a joint fails.
pipe-nipple-caddies	Pipe nipple caddies organize and secure nipples into sized slots in an open tray for quick access.
spray-nozzle-pipe-fittings	Spray nozzle pipe fittings attach to industrial piping systems to produce liquid spray in a variety of spray patterns and flow rates.
hose-hose-fittings-hose-reels	Hoses move materials such as air, water, gasoline, and chemicals from one place to another.
hose	Hoses are used to move materials such as air, water, gasoline, and chemicals from one place to another for tasks such as watering plants, powering pneumatic equipment, venting fumes, vacuuming dust, transferring liquids and bulk materials…
hose-fittings-couplings	Hose fittings and couplings create custom hose assemblies for carrying air, water, and chemicals through a pipe system.
hose-reels	Hose reels, hangers, and racks are hose management systems that provide continuous access to hose, minimize leakages, and reduce tripping accidents.
hose-protection	Hose protection products help prevent damage to hydraulic and pneumatic hoses.
hose-safety-restraints	Hose safety restraints prevent injury to personnel, damage to equipment, and excess spillage from hose whipping and thrashing caused by failures in high-pressure hose couplings.
flexible-hose-systems	Flexible hose systems move air and coolant to cutting tools and workpieces to keep tools cool and move swarf away from the cutting edge and workpiece.
tube-tube-fittings	Tube and tube fittings ensure leaktight connections in fluid and air delivery systems.
tubing	Tubing is rated for pressure when transferring air, water, gas, and chemicals from one place to another.
tube-fittings	Tube fittings connect a variety of plastic and metal tubing and piping.
tube-hose-fitting-clamps	Tube and hose fitting clamps secure tube and hose connections in fluid and air transport systems to ensure a tight fit and prevent leaks.
worm-gear-tube-hose-clamps	Worm gear clamps, also called worm drive clamps, secure tube and hose connections to ensure a tight fit and prevent fluid and air from leaking.
bolt-close-clamps-for-tube-hose	Bolt-close clamps provide uniform pressure around the inside diameter of the clamp to withstand vibration.
crimp-on-ear-clamps-for-tube-hose	Crimp-on ear clamps permanently secure tube and hose connections to prevent fluid and air from leaking.
buckle-on-band-clamps-for-tube-hose	Buckle-on clamps provide a permanent seal with a high clamping force and a smooth inside diameter.
snap-on-clamps-for-tube-hose	Snap-on clamps have interlocking teeth that engage as the clamp is closed.
spring-tension-clamps-for-tube-hose	Spring-tension clamps expand and contract in response to temperature changes in tube and hose.
heat-shrink-clamps-for-tube-hose	Heat-shrink clamps install with a heat gun to conform to the shape of the tube or hose assembly to maintain a secure fit and prevent leaks.
tube-pipe-routing-clamps-supports-hangers	Tube and pipe routing clamps, supports, and hangers hold, route, and suspend lines of tube or pipe in general plumbing, fire-sprinkler, and HVAC applications.
surface-mount-tube-pipe-clamps	These tube and pipe clamps mount to a flat surface to hold and route runs of tube or pipe in general plumbing, refrigeration, irrigation, and HVAC applications.
surface-mount-tube-pipe-supports	Surface-mount tube and pipe supports provide additional stability and leveling for tube and pipe runs and prevent surface contact.
suspended-tube-pipe-hangers	Tube and pipe hangers route and suspend runs of tube or pipe in plumbing, refrigeration, and mechanical applications.
tube-pipe-insulation-jacketing-coatings	Insulation, jacketing, and coatings insulate tubing and pipe against thermal loss and protect from impact and exposure to harsh conditions.
equipment-tube-pipe-insulation	Equipment, tube, and pipe insulation reduces heat loss or gain, prevents freezing, and controls condensation.
insulation-shielding-jackets	Insulation shielding jackets fit around pipe and pipe fitting insulation to create a protective barrier.
insulation-tapes-coatings-adhesives	Insulation tape secures insulation around pipe or tubing, seals irregular shapes, closes insulation seams, and attaches jacketing to the insulation.
tube-pipe-blocking-plugs	Tube and pipe blocking plugs provide a seal inside or at the end of pipe systems to block flow and allow for pressure testing, maintenance, or prevent unwanted material from entering the pipe.
mechanical-blocking-plugs	Mechanical blocking plugs provide a seal inside or at the end of a pipe to block flow and allow for pressure testing, maintenance, or to prevent unwanted material from entering the pipeline.
mechanical-blocking-plugs-with-bypass	Mechanical blocking plugs with a bypass provide a seal inside or at the end of a pipe to block flow and allow for pressure testing, maintenance, or to prevent unwanted material from entering the pipeline.
inflatable-blocking-plugs	Inflatable blocking plugs have a rubber bladder that inserts into a pipeline and fills with fluid to provide a temporary plug.
inflatable-blocking-plugs-with-bypass	These inflatable blocking plugs with a bypass have a rubber bladder that inserts into a pipeline and fills with fluid to provide a temporary plug to block flow.
blocking-plug-replacement-parts-accessories	These items replace worn parts or add accessories to support the installation and operation of blocking plugs.
pipe-testing-equipment	Pipe testing equipment is used to ensure the effectiveness of pipe joints and identify leaks and inflow in underground pipe systems.
tube-pipe-repair-clamps-kits	Repair clamps and kits seal cracks, holes, and punctures in damaged sections of tube or pipe to prevent leaks.
pipe-hose-tube-cleaners-accessories	Pipe, hose, and tube cleaners and accessories utilize a pneumatic launcher to shoot projectiles through hose or tubing which removes internal dirt, oil, and contaminants.
tube-pipe-manifolds	Tube and pipe manifolds redistribute a main line of fluid, air, or gas into multiple branch lines.
plumbing	Plumbing supplies such as bathroom fixtures, faucets, drains, pipe, fittings, and plumbing hardware are used to build and maintain plumbing systems.
faucets	Faucets control water flow to sinks and include spouts and hardware for installation.
bathroom-faucets	Bathroom faucets come in different styles and mounting configurations and provide running water for handwashing and grooming tasks.
kitchen-faucets	Kitchen faucets install in areas where food is handled or prepared, including home kitchens, restaurants, bars, and break rooms.
utility-faucets	Utility sink faucets provide water for cleaning tools, large parts, and equipment.
faucet-replacement-parts	Faucet replacement parts include components to replace parts on existing faucets.
outdoor-hose-bibbs-hydrants	Outdoor hose bibbs and hydrants provide access to running water outdoors.
sinks-wash-fountains-repair-parts	Sinks, wash fountains, and repair parts promote cleanliness and hygiene wherever there is access to water.
bathroom-sinks	Bathroom sinks for commercial or residential applications come in different mounting styles to best use the available space and provide an aesthetic look.
kitchen-bar-sinks	Kitchen and bar sinks are used for commercial food service and preparation, hospital and school cafeterias, and restaurants and bars.
utility-laundry-sinks	Utility and laundry sinks, also known as service sinks, have deep basins that allow extra space for scrubbing, cleaning, and rinsing.
mop-sinks	Mop sinks mount on or near the floor in janitorial closets or maintenance rooms for personnel to rinse mops and dump bucket contents with minimal lifting or strain. These sinks accommodate a variety of cleaning supplies and janitorial…
hospital-lab-classroom-sinks	Hospital, lab, and classroom sinks are used in education, healthcare, and lab facilities such as hospitals, clinics, dental facilities, and schools.
hand-wash-fountains-sinks-stations	Hand wash fountains, sinks, and stations include mobile and stationary units used to rinse and clean hands and wash food or other items.
sink-wash-fountain-wash-station-parts	Sink, wash fountain, and wash station parts include components needed to repair, replace, or enhance the functionality of existing sinks and wash stations.
bathtubs-showers-repair-parts	Bathtubs, showers, and repair parts come in different configurations and are designed based on the existing locations of plumbing connections and drains.
bathtubs	Bathtubs are used for bathing and soaking in commercial, residential, and institutional restrooms.
showers	Showers come in different configurations and designs to spray water in commercial, residential, and institutional bathrooms and shower rooms.
bathtub-shower-repair-parts	Bathtub and shower repair parts are used to repair or replace worn, lost, or damaged parts.
toilets-urinals-repair-parts	Toilets, urinals, and repair parts remove waste to help maintain sanitary conditions within a building.
flush-valves-retrofit-kits	Flush valves and retrofit kits enable the flushing of tankless toilets and urinals.
toilets	Toilets feature a large bowl for collecting waste, which can then be flushed or deposited into a sewer or septic tank.
urinals	Urinals have a large basin for collecting urine and directing it into a waste line.
toilet-seats	Toilet seats bolt onto toilet bowls and raise and lower on their hinges for cleaning and full access to the bowl.
toilet-repair-parts-accessories	Toilet repair parts and accessories include components for replacing broken parts, mounting hardware, add-ons for specialized uses, and repair tools.
urinal-repair-parts-accessories	Urinal repair parts and accessories include components for replacing broken parts, hardware and fittings for installation, and products for cleaning and maintaining standard and waterless urinals.
drinking-fountains-bottle-fillers-water-dispensers	Drinking fountains, bottle fillers, and water dispensers provide drinking water in work areas and public facilities.
drinking-fountains-bottle-fillers	Drinking fountains provide potable drinking water.
water-dispensers	Freestanding water dispensers deliver fresh cold, hot, or room temperature drinking water.
remote-water-chillers	Remote water chillers convert non-refrigerated drinking fountains, bottle fillers, and water dispensers into chilled drinking water.
water-filtration-purification-systems	Water filtration and purification systems clean and purify water to make it safe for drinking, appliances, food and beverage processing, and manufacturing.
general-purpose-water-filter-cartridges-housings	General purpose water filter cartridges and housings are commonly used in residential, commercial, and light industrial settings.
appliance-water-filter-systems	Appliance water filter systems remove contaminants, improve water quality, and help extend the life of appliances.
whole-house-water-filter-systems	Whole-house water filtration systems install at the main entry point of a building's water supply.
reverse-osmosis-water-filter-systems	Reverse osmosis (RO) water filtration systems use a multistage process including prefilters and semi-permeable membranes to filter water for drinking and appliances.
water-filter-bags-water-filter-bag-housings	Water filter bags and water filter bag housings remove contaminants from water.
ultraviolet-water-disinfection-systems	Ultraviolet water disinfection systems are a simple, effective, and environmentally safe method for treating water without chemicals.
water-strainers	Water strainers install onto water lines and prevent particles, dirt, and debris from entering and contaminating them.
mounting-hardware-repair-parts-tools-for-water-filter-systems	Mounting hardware, repair parts, and tools are components needed to install, remove, and maintain water filter systems.
water-softeners-softening-salt	Water softeners, sometimes called ion exchange units, reduce the mineral content of hard water to prevent damage to appliances and fixtures and eliminate bad tastes or odors.
water-softeners	Water softeners use an ion exchange process to convert hard water into soft water by reducing mineral content.
water-heaters	Water heaters heat cold water from the water source or water supplied through a building's water system for domestic, commercial, and industrial applications with electricity or fuel gases such as propane or natural gas.
electric-tankless-water-heaters	Electric tankless water heaters produce a supply of hot water as needed, reducing standby energy loss.
gas-tank-water-heaters	Gas tank water heaters burn fuel gases to heat and store water in an internal tank.
gas-tankless-water-heaters	Gas tankless water heaters provide hot water on demand without storing water in a tank, helping reduce standby energy loss.
heat-pump-water-heaters	Heat pump water heaters use heat pump technology to extract heat from the surrounding air and transfer it to water stored in an insulated tank.
water-heater-storage-tanks	Water heater storage tanks work in tandem with water heaters to store large amounts of hot water ready for use in high-demand and commercial applications.
replacement-parts-accessories-for-water-heaters	Replacement parts and accessories for water heaters aid in their installation, maintenance, and repair.
bathroom-partitions-partition-hardware	Bathroom partition and partition hardware install in public or commercial restrooms with appropriate hardware to fully or partially enclose toilets and urinals for privacy.
bathroom-partitions	Bathroom partitions enclose toilets and separate urinals for privacy.
hardware-replacement-parts-for-bathroom-partitions	Hardware and replacement parts for bathroom partitions typically include handles, pulls, door hinges, hooks, stops, headrails, latches, partition shoes, and other components used to install and equip bathroom partitions.
bathroom-fixtures	Bathroom fixtures include functional parts and components that enhance usability and improve restroom appearance.
bathroom-grab-bars	Bathroom grab bars provide a fixed point for older adults or individuals with mobility issues to hold onto for balance while lowering and lifting themselves or entering and exiting showers.
bathroom-mirrors	Bathroom mirrors provide a reflective surface for grooming and other personal-care tasks.
changing-stations-liners	Changing stations and liners provide a safe and accessible space for parents and caregivers to change, clean, and assist infants, toddlers, and individuals with disabilities.
bathroom-hooks	Bathroom hooks mount to walls, doors, or cabinets for hanging towels, clothing, or other personal items.
bathroom-shelves-towel-bars	Bathroom shelves and towel bars hold, store, and organize personal belongings.
shower-curtains-rods-rings	Shower curtains, rods, and rings attach to rods with rings or hooks that suspend them alongside or around showers for privacy and to keep water contained within the shower.
shower-chairs-seats	Shower chairs and seats offer a stable seating option for older adults or individuals with balance, mobility, or other physical limitations, allowing them to rest comfortably while bathing or showering.
shower-baskets-soap-dishes-retractable-clotheslines	Shower baskets and soap dishes hold personal belongings and soap.
drains	Drains channel water and liquids from buildings into plumbing systems.
gutter-downspout-accessories	Gutter and downspout accessories aid in collecting and redirecting water away from houses and buildings to prevent moisture damage.
sink-drains-strainers-traps	Sink drains channel water down drains in lavatories and kitchens.
bathtub-shower-pan-drains	Bathtub and shower pan drains install in residential or commercial tubs and showers to remove flowing water from basins.
floor-drains	Floor drains help prevent clogs and flooding by allowing wastewater to flow into drainage systems.
floor-sinks	Floor sinks have a large basin that collects waste from dishwashers, fryers, and other equipment in commercial kitchens, restaurants, and food preparation areas.
trench-drains	Trench drains are long, narrow drainage systems that collect liquids and channel them to a drain, effectively eliminating standing water or chemical spills.
roof-drains	Roof drains remove rainwater quickly to protect connected piping and drain sumps from debris.
cleanouts-cleanout-covers	Drain cleanouts and cleanout covers are installed at specific points in a plumbing system for access to drain lines to clear clogged pipes and for general cleaning and inspection.
drain-air-vents-valves	Drain air vents and valves allow air to enter drain, waste, and vent (DWV) systems to regulate and equalize pressure, preventing water used to seal out sewer gases and odors from draining out of traps.
drain-interceptors-dilution-tanks	Drain interceptors and dilution tanks prevent lint, grease, and other solid sediments from entering drain lines and damaging them.
plumbing-valves	Plumbing valves control the flow of water, gas, and other fluids in plumbing systems.
shut-off-valves	Shut-off valves start and stop the flow of compatible media within a system for maintenance, instrument installation, or to relieve system pressure.
backflow-prevention-valves	Backflow prevention valves ensure fluids move in one direction through a system.
throttling-valves	Throttling valves start, stop, and regulate media flow rate within a system.
pressure-temperature-control-valves	Pressure and temperature control valves regulate the temperature and pressure levels of industrial and commercial equipment.
solenoid-valves	Solenoid valves are electrically operated devices that use a magnetic field to open and close the valve, which starts or stops the flow of liquids or air.
air-operated-piston-valves	Air-operated piston valves use an air-operated piston to start or stop the flow of water, oil, inert gas, light slurries, and steam.
valve-boxes-enclosures	Valve and meter boxes protect pumps, valves, and other backflow protection equipment from extreme weather and harsh soil conditions.
valve-actuators-accessories	Valve actuators and accessories pair with compatible valves to automatically open, close, or position valves at specific points.
hose-stations-hoses-nozzles	Hose stations, hoses, and nozzles create mixing unit stations used to clean and sanitize in facilities.
institutional-plumbing-fixtures	Institutional plumbing fixtures are used in behavioral and mental health facilities and correctional and detention centers.
institutional-bathroom-fixtures	Institutional bathroom fixtures typically include grab bars, hooks, shelves, soap dishes, and other specialized accessories used in bathrooms.
institutional-drains	Institutional drains channel wastewater into plumbing systems, help prevent clogs, and keep floors clean and free from dirt, debris, and other waste.
plumbing-fixture-remote-monitoring-modules	Plumbing supplies such as bathroom fixtures, faucets, drains, pipe, fittings, and plumbing hardware are used to build and maintain plumbing systems.
supply-valve-outlet-boxes	Supply valve outlet boxes provide water and gas connections to appliances and machines where a recessed wall installation is required.
plumbing-replacement-parts	Plumbing replacement parts are used to repair and maintain toilets, sinks, and other plumbing fixtures.
pneumatics	Pneumatic equipment is powered by compressed air.
pneumatic-tools	Pneumatic tools (also known as air tools) run on compressed air, providing high power in a lightweight, balanced form for chiseling, cutting, drilling, hammering, punching, nailing, riveting, sanding, sawing, and other tasks.
air-guns-vacuum-guns-air-excavation-tools	Air guns, vacuum guns, and air excavation tools produce a pressurized airstream for blow-off, cleaning, cooling, conveying, and suctioning applications.
air-hose-tool-balancers	Air hose tool balancers suspend tools above work surfaces, keeping the tools within reach to maintain productivity and supporting their weight to decrease user fatigue.
air-powered-sanding-finishing-tools	Air-powered sanding and finishing tools (also known as pneumatic sanders) use abrasives to remove material, refine surfaces before coating, or create a final finish.
air-powered-engravers-accessories	Air-powered engravers carve letters, numbers, and designs into surfaces to mark tools, equipment, and materials for ownership and inventory control.
air-powered-files	Air-powered files vibrate a small file back and forth to remove excess material from small areas and in tight spaces.
air-powered-concrete-vibrators	Air-powered concrete vibrators remove air pockets from newly poured concrete to ensure that it consolidates and reaches its maximum finished strength.
air-powered-grinders-cut-off-tools	Air-powered grinders and cut-off tools (also known as pneumatic grinders and cut-off tools) rotate abrasive wheels or other attachments to remove material and prepare surfaces for coating.
air-powered-routers	Air-powered routers spin cutting bits that remove material from wood workpieces to profile edges, create grooves and slots, cut joints, and trace shapes.
air-powered-drills-drivers	Air-powered drills and drivers (also known as pneumatic drills and drivers) rotate interchangeable bits in holemaking and fastening applications.
air-powered-scarifiers-cutter-bundles	Air-powered scarifiers use cutter bundles to remove thick epoxies, cement overlays, rust, paint, and other coatings from concrete and metal, leaving rough, grooved surfaces for recoating.
air-powered-hammers-chisels	Air-powered hammers strike chisels and punches against surfaces for aggressive material removal and demolition work.
air-powered-shears-nibblers	Air-powered shears and nibblers make straight or curved cuts in sheet metal.
air-powered-nail-guns-staple-guns-riveting-tools	Air-powered nail guns, staple guns, and riveting tools use air pressure to fire fasteners for joining two or more pieces of material, without requiring a reset or rewind between shots.
air-powered-wrenches-ratchets	Air-powered wrenches and ratchets use interchangeable sockets to turn nuts and bolts.
diggers-breakers-jackhammers-sand-rammers	Air-powered diggers, breakers, and sand rammers provide impact force for construction and demolition tasks.
air-powered-saws	Air-powered saws use power saw blades to cut wood, metal, plastic, and other materials.
torque-arms-holders	Torque arms assist with positioning tapping tools, die grinders, and assembly tools to improve control and produce precise, repeatable results.
air-tool-accessories	Air tool accessories include items that enhance, protect, and maintain pneumatic tools, helping keep them in good condition and extend their life.
air-tool-oils	Air tool oils lubricate air-powered tools to keep them operating smoothly and protect against corrosion.
needle-scalers-scaling-needles	Needle and chisel scalers create light percussive action, striking surfaces with less force than air hammers to remove coatings, rust, dirt, and residues.
air-tool-pneumatic-replacement-parts	Air tool replacement parts extend the service life of equipment and minimize downtime in production environments.
air-powered-pipe-cutting-kits	Air-powered pipe cutting kits slice through pipe to cut a length for installation or remove damaged sections when making repairs.
air-powered-circular-saws	Air-powered circular saws make cross, rip, and beveled cuts through various materials in construction, fabrication, and maintenance applications.
air-powered-magnetic-drills	Air-powered magnetic drills (mag drills) make holes in metal materials that are fixed in place or too large to bring to a stationary drill press.
air-powered-scabblers	Air-powered scabblers strike their pistons against concrete surfaces to roughen and level them, so they bond securely with and support overlays and coatings.
pneumatic-dust-extractors	Pneumatic dust extractors draw in silica dust generated during cutting, drilling, grinding, and surfacing concrete, masonry, and rock.
cable-reels	Pneumatic hose and cable reels keep hose neatly stored yet readily available.
hose-and-hose-reel-replacement-parts	Hose and hose reel replacement parts extend the service life of equipment and minimize downtime in production environments.
air-compressors-vacuum-pumps-blowers	Air compressors, vacuum pumps, and blowers generate pressure and vacuum to move air.
air-compressors	Air compressors generate pressurized air that provides a readily available power source to connect to and operate air-powered tools and equipment.
vacuum-pumps	Vacuum pumps connect to systems for air or material removal such as filtration or packaging.
combination-compressor-vacuum-pumps	Combination air compressor and vacuum pumps generate air pressure or vacuum in the same unit.
blowers	Blowers move high volumes of air at lower pressure or vacuum levels than air compressors or vacuum pumps.
compressed-air-treatment	Compressed air treatment, also referred to as air preparation, is the process of improving the quality of air that is supplied by the air compressor.
compressed-air-filters	Compressed air filters install into the supply lines of compressed air systems to remove water, dirt, oil, and other contaminants from the air.
compressed-air-regulators	Compressed air regulators control the pressure in the air supply that is delivered by an air compressor.
compressed-air-filter-regulators	Compressed air filter/regulators combine the function of a filter and a regulator in a single device.
compressed-air-lubricators	Compressed air lubricators deliver oil to air tools and equipment to improve performance and reduce wear.
filter-regulator-lubricators-frls	FRLs are a modular system that includes a filter, a regulator, and a lubricator.
compressed-air-dryers	Dryers remove water vapor from compressed air to protect downstream components from damage caused by traces of moisture in the air supply.
compressed-air-aftercoolers	Aftercoolers install on the air compressor, or immediately downstream, to cool the hot compressed air.
compressed-air-separators	Compressed air separators remove water and oil from the compressed air, or they separate oil from water in the collected condensation.
compressed-air-line-lockout-valves	Compressed air line lockout valves allow operators to turn off air pressure to branch lines that are not being used or that are undergoing maintenance.
compressed-air-flow-rate-sensors	Compressed air flow rate sensors measure and monitor the utilization of air in pneumatic systems to optimize energy efficiency and minimize downtime.
filter-regulator-lubricator-accessories	These accessories work with filters, regulators, and lubricators and include items such as replacement bowls, mounting brackets, and covers to support their installation and operation.
compressed-air-treatment-replacement-parts	Replacement parts service compressed air treatment equipment in need of maintenance and repair.
pneumatic-actuators	Pneumatic actuators convert compressed air into mechanical motion.
air-cylinders	Air cylinders convert compressed air into linear mechanical motion.
rotary-actuators	Rotary actuators convert compressed air from a cylinder stroke into oscillating rotary motion.
pneumatic-slide-tables	Pneumatic slide tables position components for precision applications in small parts handling and packaging machines.
pneumatic-grippers	Pneumatic grippers assist automated systems or industrial robots in picking up, positioning, holding, and releasing components in manufacturing applications.
pneumatic-gripper-jaws-jaw-blanks	Pneumatic gripper jaws and jaw blanks mount to compatible pneumatic grippers which assist automated systems or industrial robots in picking up, positioning, holding, and releasing components in manufacturing, automotive, and packaging…
end-of-arm-tooling-systems	End-of-arm tooling (EOAT) systems are used with industrial robots or cobots for picking up, positioning, holding, and releasing components in manufacturing, assembly, and packaging applications.
pneumatic-actuator-controls	Pneumatic actuator controls regulate the volume and pressure of compressed air interacting with an actuator, enabling users to fine-tune performance for a specific application or task.
pneumatic-actuator-sensors-hardware	Pneumatic actuator sensors and hardware monitor and communicate the piston position of an actuator with other analytic and process equipment.
pneumatic-actuator-shock-absorbers-floating-joints	Pneumatic actuator shock absorbers and floating joints pair with compatible actuators to improve performance and ease installation in automated systems.
pneumatic-motors-gearmotors	Pneumatic motors and gearmotors run on circulating compressed air and provide rotational force in high temperature or hazardous environments which prohibit the use of electric motors.
air-motors	Air motors operate on circulated compressed air in extreme temperature, wet, and corrosive environments.
air-gearmotors	Air gearmotors use an integrated gearbox to transmit input torque from air motors to an output shaft that multiplies torque and reduces speed.
air-motor-accessories	Air motor accessories enhance the use and expand the application potential of compatible air motors.
air-motor-gearmotor-replacement-parts	Air motor and gearmotor replacement parts extend the service life of equipment and minimize downtime in production environments.
pneumatic-coolers-air-knives	Pneumatic coolers and air knives convert compressed air into fast moving, focused air which serves to cool, clean, or dry materials.
air-knives	Air knives blow a high speed sheet of air across materials in their path.
air-wipes	Air wipes blow a high speed tunnel of evenly distributed air towards the center of their cylindrical frames.
air-amplifiers	Air amplifiers are high-powered blowers that operate on minimal amounts of compressed air.
cold-air-guns	Cold air guns continuously blow clean air at temperatures 50 degrees cooler than the supplied compressed air.
vortex-tubes	Vortex tubes rapidly spin compressed air to exhaust heat from the rear and extremely cold air from the front cooling nozzle.
cabinet-enclosure-vortex-coolers	Cabinet and enclosure vortex coolers rapidly spin compressed air to exhaust heat from the rear and extremely cold air into an enclosure to provide clean, cold air to electronics.
lifting-bags-valves	Lifting bags and valves safely elevate and position very heavy loads when inflated with compressed air.
pneumatic-system-components	Pneumatic system components install into compressed air systems and support the operation of air-powered equipment and tools.
exhaust-breather-vents-mufflers-silencers	Breather vents, mufflers, and silencers thread into the vent and exhaust ports of pneumatic equipment such as air compressors and air tools.
pneumatic-check-valves	Pneumatic check valves limit the flow of compressed air to one direction, preventing backflow and pressure loss.
pneumatic-safety-valves	Pneumatic safety valves control air pressure and residual pressure in compressed air/pneumatic systems.
air-fuses	Air fuses install in compressed air systems to shut off the air flow when a hose line is damaged or a tool is unexpectedly uncoupled.
zero-loss-condensate-drains	Zero-loss condensate drains collect and evacuate condensate in a compressed air system without losing pressure.
timed-electric-auto-drain-valves	Automatic drain valves remove condensation from compressed air systems.
pneumatic-soft-start-up-valves	Pneumatic soft start-up valves are safety devices that gradually increase air pressure during initial system start-ups.
vacuum-system-components	Vacuum system components lift, transfer, and manipulate workpieces in air-operated systems.
vacuum-pads-pad-assemblies	Vacuum pads and pad assemblies attach to robotic arms and other lifting equipment to move and manipulate workpieces in pneumatic automated handling systems.
vacuum-buffers	Vacuum buffers connect vacuum pads to robotic arms and other lifting equipment to provide extra length, space, and shock absorption between equipment and workpieces.
vacuum-pad-mounting-brackets	Vacuum pad mounting brackets secure a vacuum pad assembly to a frame.
vacuum-saving-valves	Vacuum saving valves prevent unnecessary vacuum loss on a pad that is not being used.
vacuum-generators-with-gripper-assembly	Vacuum generators with gripper assemblies consist of vacuum ejector cartridges with suction cup fittings that provide easy installation and flexible positioning on vacuum handling systems.
vacuum-area-gripping-systems	Vacuum area gripping systems attach at the end of arms in robotic systems to handle products and components for automated systems.
vacuum-gripper-integration-kits	Vacuum gripper integration kits include vacuum generators and other necessary components to connect end-of-arm vacuum grippers to robots.
magnetic-grippers-for-vacuum-systems	Magnetic grippers for vacuum systems have permanent magnets that grip and release magnetic workpieces.
benchtop-vacuum-systems	Benchtop vacuum systems are electrically-powered units with a connected handpiece that picks up and holds lightweight objects with flat surfaces.
vacuum-regulators	Vacuum regulators maintain a set vacuum level and adjust for variable flow rates in the system.
vacuum-suction-filters	Vacuum suction filters prevent contaminants from entering the air supply system and damaging components.
vacuum-water-separators	Vacuum water separators remove water droplets that get sucked into the vacuum system at the point of use.
vacuum-pressure-switches	Vacuum pressure switches measure and display pressure and activate on/off switches for equipment.
cobotic-end-of-arm-vacuum-tool-extensions	Cobotic end-of-arm vacuum tool extensions improve and supplement robotic tooling performance in tool extension, tool array, and machine tending applications.
cobotic-vacuum-system-end-effectors	Cobotic vacuum system end effectors are configurable devices that install on the end of robotic arms for automated palletizing, packaging, and transfer applications with small-payload boxes.
cobotic-tool-changers-tool-mounts	Cobotic tool changers and tool mounts improve efficiency and flexibility of robotic and cobotic work cells.
cobotic-mounting-quick-change-components	Cobotic mounting and quick-change components allow precise positioning and movement of small robots between multiple workstations.
pneumatic-valves	Pneumatic valves control and regulate airflow in pneumatic systems.
pneumatic-directional-control-valve-systems-fieldbus-modules-accessories	Pneumatic directional control valve systems, Fieldbus modules, and accessories regulate and route the flow of compressed gas in a pneumatic system.
inline-air-control-valves	Inline air control valves integrate into pneumatic lines and directly control fluid and gas flow through that line.
pneumatic-limit-valves	Pneumatic limit valves may act as safety valves or control valves.
pneumatic-flow-control-needle-valves	Pneumatic flow control and needle valves control flow through a pneumatic system.
pneumatic-shuttle-valves	Pneumatic shuttle valves allow fluid flow to an outlet port through one of two inlets, keeping the other closed.
vacuum-pressure-relief-valves	Vacuum and pressure relief valves connect to compatible pneumatic systems and prevent pressure imbalances from damaging the system or causing catastrophic failures such as overpressure or high vacuum conditions.
piloted-non-return-valves	Piloted non-return valves connect to the input and output of a pneumatic piston and prevent them from shifting in case of a power outage or pressure loss.
filtered-ball-valves	Filtered ball valves combine a flow control ball valve with an integrated mesh filter screen.
pneumatic-pressure-regulators	Pneumatic pressure regulators install inline in pneumatic systems or tools to maintain constant pressure and reduce air waste and energy consumption.
pneumatic-sleeve-valves	Pneumatic sleeve valves, also called slide valves, provide a manually activated inline vent point for the connected air line.
vibration-isolating-air-springs	Vibration-isolating air springs have elastomer bellows or sleeves which are filled and emptied with compressed air or gas to provide suspension, isolation, or actuation when connected to components and machinery.
pneumatic-equipment-parts	Pneumatic equipment parts extend the service life of equipment and minimize downtime in production environments.
power-transmission	Power transmission products convert energy into motion.
bearings	Bearings extend the working life of rotating parts, such as a wheel on a shaft, by enabling components to move together smoothly while providing support and alignment.
rolling-element-bearings	Rolling-element bearings help rotating parts run smoothly by providing support and alignment while reducing noise, vibration, and wear.
plain-bearings	Plain bearings, also called journal bearings, are cylindrical-shaped components with tubular inner surfaces that fit around shafts to facilitate sliding, rotating, and oscillating movement.
cam-followers-track-rollers	Cam followers and track rollers are types of bearings that convert rotating motion to linear motion by making contact with and following a cam or a track.
bushings	Bushings install between a rotating drive shaft and a housing to help secure the shaft in place and reduce vibration to extend the working life of hubs and shafts.
keyless-bushings	Keyless bushings have a smooth, round bore without a keyway or set screw, that evenly distributes clamping force around the shaft and allows rotation direction to change.
weld-on-bushing-hubs	Weld-on bushing hubs permanently attach to plate stock, drive pulleys, or chain sprockets.
gearmotors	Gearmotors transmit input torque from a motor to an output shaft through a series of integrated gears, decreasing speed and increasing torque.
ac-gearmotors	AC gearmotors are powered by single-phase or three-phase AC power from an electrical panel and operate conveyors, lifts, and robotics continuously.
dc-gearmotors	DC gearmotors provide high starting forces and precision variable-speed control required in applications such as mobility chairs, hospital beds, table lifts, and power seats.
universal-ac-dc-gearmotors	Universal AC/DC gearmotors feature the flexibility of utilizing either battery or building power supplies.
gearmotor-accessories	Gearmotor accessories house, mount, and connect gearmotors and gearmotor parts to protect them from damage and enhance their operations.
gearmotor-replacement-parts	Gearmotor replacement parts repair damaged or worn gearmotor components.
speed-reducers-gearboxes	Speed reducers are gear reduction devices that help drive systems maintain optimal speed and torque.
speed-reducers	Speed reducers convert motor RPM (revolutions per minute) to a lower output speed transmitted to the output shaft to optimize velocity and increase torque.
mounting-bases	Mounting bases provide secure speed reducer mounting options.
flange-coupling-kits	Flange coupling kits provide reliable coupling solutions for C-face motors.
bushings-torque-arm-kits	Bushings provide shaft mounting versatility.
speed-reducer-replacement-parts	Speed reducer replacement parts repair damaged or worn speed reducer components.
brakes-clutches-torque-limiters	Brakes and clutches stop and control the movement or speed of motors in rotary applications such as horizontal conveyors, gates, and packing machines.
brakes-clutches	Brakes and clutches allow motors to run continuously while starting and stopping connected loads.
torque-limiters	Torque limiters protect machinery from damage due to unexpected overload conditions.
brake-clutch-accessories	Brake and clutch accessories mount, control, and manage the power supplied to brakes and clutches.
brake-clutch-replacement-parts	Brake and clutch replacement parts repair damaged or worn brake and clutch components.
shaft-couplings-universal-joints	Shaft couplings, collars, and universal joints connect two shafts.
flexible-couplings	Flexible couplings allow transmission of rotational force between two shafts with a slight tolerance for misalignment.
precision-motion-control-couplings	Beam shaft couplings feature a one-piece design with a set screw or clamp coupling collar at each end and a flexible beam permanently joining the two ends.
rigid-couplings-shaft-adapters	Rigid couplings and shaft adapters transmit power in applications without flexibility or misalignment.
universal-joints	Universal joints connect a pair of highly misaligned shafts.
quick-fit-couplings	Quick-fit couplings compensate for radial offset or parallel misalignment of shafts and components in non-torque power transmission applications.
shaft-collars	Shaft collars hold bearings and sprockets to shafts and other components and can act as mechanical stops.
one-piece-shaft-collars	One-piece shaft collars slide over the end of a soft or hard shaft and lock in place without marring.
two-piece-shaft-collars	Two-piece shaft collars separate fully and install around hard or soft shafts without marring or disassembly of equipment, which would risk misaligning shafts on reassembly.
set-screw-shaft-collars	Set screw collars use a set screw to lock onto a compatible soft or predrilled shaft.
thin-shaft-collars	Thin shaft collars feature narrow width dimensions, reducing rotational mass and size.
double-wide-shaft-collars	Double-wide shaft collars feature significantly increased holding power than standard shaft collars due to additional clamping area and clamping screws.
heavy-duty-shaft-collars	Heavy-duty shaft collars feature thicker material, a wider body, and a larger clamping screw for maximum shaft holding power.
mountable-shaft-collars	Mountable shaft collars feature machine screw threaded holes used to join or attach collars to base plates or mounting points for precise management and load bearing applications.
mountable-clamping-lever-shaft-collars	Mountable clamping lever shaft collars combine the benefits of clamping lever collars and mountable shaft collars.
clamping-lever-shaft-collars	Clamping lever quick-clamping shaft collars feature a ratcheting lever mounted to a stainless steel post for quick installation, removal, or repositioning of the shaft collar.
cam-lever-quick-clamping-shaft-collars	Cam lever quick-clamping shaft collars feature a curved cam arm which blends into the surface of the collar when locked in place, reducing risk of snags.
shaft-collars-for-threaded-shafts	Threaded shaft collars feature internal threads which allow precise adjustments, smooth installation, and increased holding power along the length of a threaded shaft, making them suitable for use as positive limit stops in repeated…
shaft-collars-for-keyed-shafts	Shaft collars for keyed shafts feature a machined keyway slot, which prevents slipping and locks the shaft and collar rotation together.
shaft-collars-for-d-shafts	Shaft collars for D-shafts feature a flat section in the bore which positively mates with the flat spot on the shaft. This prevents slipping and locks the shaft and collar rotation together.
shaft-collars-for-hexagonal-shafts	Shaft collars for hexagonal shafts feature six flat sides in the bore which positively mate with the flat sections of a hexagonal shaft. This prevents slipping and locks the shaft and collar rotation together.
bearing-locknuts	Bearing locknuts are used to position or seat bearings, pulleys, and gears onto threaded shafts.
shaft-collar-damping-washers	Shaft collar damping washers install on compatible shaft collars to absorb vibration and reduce noise when collars contact other components.
sensor-brackets-for-shaft-collars	Sensor brackets for shaft collars mount sensors on compatible shaft collars to measure and monitor proximity, position, and other parameters for industrial automation applications.
belts-pulleys	Power transmission belts and pulleys work together to generate motion in a drive system.
v-belts	V-belts mount to pulleys to transmit power between rotational shafts in machinery, tools, HVAC systems, agricultural equipment, and automotive engines.
v-belt-pulleys-idlers	V-belt pulleys and idlers, also called sheaves, fit compatible V-belts in their V-shaped grooves to transmit rotational power to a shaft.
timing-belts	Timing belts, also referred to as gear belts or synchronous belts, drive precision equipment with a pattern of teeth that mate to compatible timing belt pulleys or idlers.
timing-belt-pulleys-idlers	Timing belt pulleys and idlers mate with the tooth pattern of a compatible timing belt to transmit rotational power to a shaft.
round-belts	Round belts route through drive systems with twists and turns.
belt-tools-gauges	These belt tools and gauges support the maintenance, performance, measurement, and replacement of belts and pulleys.
roller-chains-sprockets	Power transmission chains and sprockets work together to transmit power between rotational shafts, providing a more precise and controlled drive system over belts and pulleys because they will not slip or wear.
roller-chains	Roller chains consist of a strand of overlapping links with intersecting rollers that engage with the teeth of a compatible sprocket to transmit power between rotational shafts.
roller-chain-links-connectors	Roller chain links and connectors are individual links that are added to an existing chain to replace a worn link or to extend the length of the chain.
roller-chain-sprockets-idlers	Roller chain sprockets and idlers have a series of teeth around a central bore, or hole, that engage with roller chains to transmit power between rotational shafts.
chain-tools	Chain tools consist of manual devices that detach or join a roller chain so that it can be repaired or adjusted to a different size.
belt-chain-guides-tensioners-tighteners	Belt and chain guides are used in conveyor belt applications to guide belts and chains and keep them aligned while reducing friction and wear.
v-belt-guides	V-belt guides keep V-belts aligned during operation to reduce friction and noise, enhance traction, and extend the belt's lifespan.
round-belt-guides	Round belt guides keep round belts aligned during operation to reduce friction and noise, enhance traction, and extend the belt's lifespan.
self-adjusting-belt-chain-tensioners	These tensioners are self-adjusting to maintain constant tension on the belt or chain in a drive system.
drive-tighteners-shafts-adapters	Drive tighteners and shafts are components that make up a tensioning device for a chain or belt drive system.
chain-guides	Chain guides align roller chains to keep heavy loads evenly distributed.
gearing	Gears transfer rotational motion and power between components inside mechanical devices like driveshafts, clocks, and automated machinery.
helical-gears	Helical gears transmit rotary motion and power between parallel shafts.
miter-gears	Miter gears transmit 1:1 power and motion between intersecting rotating shafts for continuous momentum.
bevel-gears	Bevel gears transfer rotary motion between intersecting shafts that meet at right angles.
worm-gears	Worm gears transfer rotary motion and power between non-parallel or non-intersecting shafts.
internal-gears	Internal gears have disc-shaped bodies with teeth cut into their inner diameter that mesh with spur gears and gear couplings to create planetary gearsets.
vibrators	Vibrators mechanically generate vibration to speed the flow of materials through bins, hoppers, screens, drums, and bags.
pneumatic-vibrators-air-cannons	Pneumatic vibrators and air cannons are powered by compressed air to facilitate the smooth flow of materials, prevent clogs, and increase productivity.
electric-vibrators	Electric vibrators are powered by an electric motor and keep materials in motion through conveying chutes, hoppers, and cargo holds.
hydraulic-vibrators	Hydraulic vibrators are powered by pressurized hydraulic fluid and keep materials in motion through conveying chutes, hoppers, and cargo holds.
vibrator-mounting-brackets	Vibrator mounting brackets create temporary or permanent mounting points between compatible vibrators and equipment.
linear-motion	Linear motion products are used in conveyors and assembly operations to provide movement in a straight line, including rolling elements in a raceway or guide rail in conveyors and assembly operations.
precision-linear-shafts	Precision linear shafts guide bearings and slides in single-axis motion and positioning applications such as pick-and-place systems, computerized numerical control (CNC) lasers and routers, and machine tooling.
linear-bearings	Linear bearings have cylindrical or square-shaped inner surfaces that fit around linear shafts to facilitate motion.
linear-guide-systems-components	Linear guide systems and components transport loads along a linear axis.
ball-screws-lead-screws	Ball screws and acme lead screws pair with corresponding threaded nuts to convert rotary motion into linear motion.
linear-actuators-screw-jacks	Linear actuators and screw jacks move objects along a straight path and are used in systems and applications requiring lifting, lowering, shifting, or tilting movement.
connecting-rods	Connecting rods are used to join parts of an application together when a full thread is not necessary.
rotary-shafts-accessories	Rotary shafts are metal rod-shaped devices that transmit rotational power and motion within the parts of a machine.
keyed-rotary-shafts	Keyed rotary shafts have a keyway milled into the length of the shaft to prevent slippage between the shaft and the rotating machine element.
partially-keyed-rotary-shafts	Partially keyed rotary shafts have a keyway milled into each end to prevent slippage between the shaft and the rotating machine element.
d-profile-rotary-shafts	D-profile rotary shafts have a flat section milled into the full length of the shaft to prevent slippage between the shaft and the rotating machine element.
partially-d-profile-rotary-shafts	Partially D-profile rotary shafts have a flat section milled into each end to prevent slippage between the shaft and the rotating machine element.
d-profile-rotary-shafts-with-tapped-hole	D-profile rotary shafts with tapped holes have a flat section milled into the full length of the shaft to prevent slippage between the shaft and the rotating machine element.
partially-threaded-rotary-shafts	Partially threaded rotary shafts feature a continuous round, linear profile and have an externally threaded post at one or both ends to accept nuts and internally threaded components.
stepped-rotary-shafts	Stepped rotary shafts provide concentrated support in rotating assemblies while reinforcing, mounting, and aligning drive pulleys, sprockets, and gears with varying bore sizes commonly found in gearboxes and power transmission applications.
grooved-rotary-shafts	Grooved rotary shafts have machined grooves around their circumference that fit retaining rings.
ball-bearing-mandrels	Ball bearing mandrels are the rotating mechanism found in benchtop buffing and finishing tools.
mounts-for-bearings-rotary-components	Mounts for bearings and rotary components attach to flat surfaces, walls, or panels to hold rotating components such as gears, bearings, and pulleys.
rotary-shaft-sealing	Rotary shaft seals sit between rotating and stationary parts on a shaft to retain lubricants.
rotary-shaft-oil-seals	Rotary shaft seals sit between rotating and stationary parts on a shaft to retain oil.
rotary-shaft-grease-seals	These rotary shaft seals sit between rotating and stationary parts on a shaft to retain grease.
spring-energized-seals	Spring-energized seals, also known as spring-loaded seals, provide sealing for shafts, rods, and pistons to retain lubricants and minimize the entry of dirt, oil, and moisture.
wear-sleeves	Wear sleeves eliminate the need to dismantle a radial drive system and re-machine a worn shaft. They provide a smooth, concentric surface so that the shaft can properly seal to the component in order to retain lubricants and keep out…
labyrinth-seals	Labyrinth seals protect bearings from rust, dirt, contaminants, and liquid splash.
spherical-rod-ends-fixed-rod-ends-yoke-ends	Power transmission connecting parts attach, couple, and extend linkages and components converting energy into motion.
spherical-rod-ends	Spherical rod ends provide a fixed point of contact between two components to allow rotational movement and to compensate for angular misalignment.
clevis-yoke-ends	Clevis and yoke ends connect to male-threaded rods and fasteners to support pulleys for lifting applications.
pumps	Pumps are designed for specific systems or applications and handle system-compatible media, such as water, fuel, oil, or compressed gas.
dewatering-wastewater-pumps	Dewatering and wastewater pumps drain water from flooded areas and basin sump pits.
sump-pumps-systems	Sump pumps and systems install into basement or crawl space sump pits to remove excess water and prevent flooding.
effluent-pumps	Effluent pumps handle wastewater containing small solids from a septic tank to a secondary treatment system, such as a drain field or mound system.
sewage-ejector-pumps-systems	Sewage ejector pumps remove sewage containing solids from basins where a gravity system won't work, such as in septic systems below the main sewer line or lift station.
sewage-grinder-shredder-pumps-systems	Sewage grinder pumps cut up toilet paper, sanitary wipes, and other large solids traveling through a building's water or sewer main to reduce backups in sinks, washing machines, and toilets.
sink-drain-pump-systems	Sink drain pump systems remove wastewater from sinks, tubs, and washing machines.
sludge-pumps	Sludge pumps transfer mud, slurry, sewage, and other liquids containing solids or viscous fluids better than dewatering and wastewater pumps.
trash-dewatering-utility-pumps	Trash, dewatering, and utility pumps remove water from job sites or locations where drainage is temporarily needed.
sump-basins-stands-guide-rails	Sump basins, stands, and guide rails supplement the function of an existing sump pump and help install sump pumps and their accessories.
repair-parts-for-dewatering-wastewater-pumps	Repair parts for dewatering and wastewater pumps replace broken components to ensure pumps are in working condition.
well-groundwater-pumps	Well and groundwater pumps extract water from underground via suction, pressure, or centrifugal force.
submersible-deep-well-pumps	Deep-well pumps transfer water to water supply systems in residential and commercial facilities without access to a municipal water source.
shallow-well-jet-pumps	Shallow-well pumps supply water from wells no deeper than 25 feet and are used in areas without access to a municipal water source.
convertible-well-jet-pumps	Convertible well jet pumps transfer water from shallow wells up to 25 ft. deep or deep wells greater than 25 ft. deep to commercial and residential facilities and are used in areas without access to a municipal water source.
hand-operated-pitcher-pumps	Hand-operated pitcher pumps use a lever to transfer water from shallow wells that have no pump.
jet-pump-ejectors-venturi	Jet pump ejectors and venturi assemblies are components of jet well pumps used in residential well applications.
well-water-tanks-accessories	Well water tanks and accessories store water in a tank, provide consistent water pressure, and supplement the function of existing well water tanks of the same brand and manufacturer model number.
well-points-couplings-drive-caps	Well points create shallow wells by driving their cone-shaped perforated end into the soil to access groundwater.
well-caps-seals	Well caps and seals keep surface liquids and debris from entering the well and contaminating the water supply.
torque-arrestors-pitless-adapters	Torque arrestors and pitless adapters help install well pumps inside the well casing or below the frost line in cold weather and prevent damage to the pump caused by torque produced by the pump motor and impellers during operation.
repair-parts-for-well-groundwater-pumps	Repair parts for well and groundwater pumps keep pumps of the same brand, series, and/or manufacturer model number in working condition.
circulating-boosting-pumps	Circulating and inline centrifugal pumps move fluids through a closed-loop pipe system for hydronic heating and cooling, domestic hot water recirculation, or other industrial processes.
circulating-inline-centrifugal-pumps	Inline circulators and recirculation pumps move fluids through a closed-loop pipe system for hydronic heating and cooling, domestic hot water recirculation, or other industrial processes.
booster-pumps	Booster pumps reach higher pressures than standard centrifugal pumps.
condensate-pumps-boiler-feed-systems	Condensate pumps and boiler feed systems evacuate or return condensate water in systems where gravity-fed drainage isn't possible.
condensate-removal-pumps	Condensate removal pumps evacuate liquid formed by condensation from the heating or cooling system when gravity drainage is not possible.
condensate-return-pump-systems	Condensate return pump systems collect condensation generated in a large boiler loop system and send it back to the boiler.
boiler-feed-pump-systems	Boiler feed pump systems deliver water to steam boilers, filling them to the optimal water level.
pumps-for-condensate-return-boiler-feed-systems	These pumps replace a worn or damaged pump in either one-pump (simplex) or two-pump (duplex) condensate return systems or boiler feed units.
safety-overflow-switches-for-condensate-removal-pumps	Safety overflow switches for condensate removal pumps monitor liquid levels in the tank and help prevent spillover from equipment drain blockages.
repair-parts-for-condensate-pumps-boiler-feed-systems	Repair parts keep condensate pumps and boiler feed systems in working condition.
pump-control-panels-switches-alarms	Control panels, switches, and alarms for water and wastewater pumps activate pumps and send alerts when pumps need to be activated to remove liquids and prevent flooding.
pump-control-panels	Pump control panels control one or multiple pumps in a system for emptying and filling applications, such as irrigation systems, sump pump basins, effluent and sewage, and water wells.
pump-controllers-alternators	Pump controllers and alternators operate and cycle one (controllers) or two pumps (alternators) to extend a pump's life or for applications requiring pumps to operate for extended periods.
float-switches-for-pumps-pump-control-panels	Float switches are liquid level sensors that activate pumps for pump-up and pump-down procedures in pits, sump basins, and tanks in water, sewage, and industrial applications.
liquid-level-alarms	Liquid-level alarms monitor water levels in a sump pit, tank, or other container and send alerts when leaks occur or when liquid levels are too low or high.
sump-pump-check-valves	Sump pump check valves prevent the backflow of contaminated water in sump pump systems of residential and commercial buildings.
float-switch-accessories-parts	Float switch accessories and parts replace worn or nonfunctioning components to keep float switches in good working condition or improve the function of existing equipment.
pump-motor-protectors	Pump motor protectors monitor performance and shut off pumps during abnormal operating conditions.
diaphragm-pumps	Diaphragm pumps are self-priming, sealless pumps that can run dry under normal operating conditions without risking damage to internal parts, and use a flexible diaphragm to move chemically compatible liquids containing suspended solids…
air-operated-double-diaphragm-pumps	Air-operated double diaphragm (AODD) pumps are powered by compressed air and used on job sites with access to compressed air or with limited access to electricity.
electric-operated-double-diaphragm-pumps	Electric-operated double diaphragm (EODD) pumps are powered by an electric motor and are more energy efficient than comparable air-operated double diaphragm (AODD) pumps.
diaphragm-pump-repair-parts	Diaphragm pump repair parts restore performance, reduce downtime from frequent maintenance, and extend the service life of pumps with a compatible brand and manufacturer model number.
pulsation-dampeners	Pulsation dampeners, also known as surge suppressors, smooth out pressure and flow fluctuations on the discharge side of double diaphragm pumps.
straight-self-priming-submersible-centrifugal-pumps	Centrifugal pumps transfer and circulate liquids using centrifugal force in a variety of industrial, commercial, and specialized applications.
straight-centrifugal-pumps-motors-impellers-seals	Straight centrifugal pumps have an intake connection in-line with the impeller's eye and shaft.
self-priming-pumps-motors-impellers-seal-kits	Self-priming centrifugal pumps use suction lift to draw liquids from a source located below the pump's inlet.
submersible-centrifugal-pumps	Submersible centrifugal pumps transfer or recirculate liquid and work fully immersed in the liquid.
turbine-pumps	Turbine pumps produce higher pressures than typical straight centrifugal pumps and are optimal for boiler feed systems that require high pressures and heads.
mounting-bases-for-centrifugal-pumps	Mounting bases for centrifugal pumps are rigid platforms that secure a pump and its motor or engine to a concrete foundation.
impellers-for-turbine-pumps	Impellers rotate within the pump and move liquids through a system using centrifugal force.
seals-gaskets-for-turbine-pumps	Seal kits and gaskets prevent liquids from exiting the pump body, keeping the motor and bearing assemblies dry.
rotary-gear-pumps	Gear pumps are self-priming pumps that use gear rotors to transfer highly viscous and harsh liquids, such as oils, chemicals, and solvents, producing a constant, smooth flow at high pressure.
rotary-gear-pumps-with-motor	Electric-operated gear pumps are powered by an electric motor and transfer viscous and harsh liquids in chemical processing, agriculture, and other industrial applications.
rotary-gear-pump-heads	Rotary gear pump heads are pump assemblies that couple to a motor of a compatible horsepower (hp) and frame.
pedestal-mount-rotary-gear-pumps	Pedestal-mount rotary gear pumps have an exposed drive shaft that couples to a compatible motor via a belt or pulley, allowing flexibility in motor placement and drive configuration.
repair-parts-for-rotary-gear-pumps	Repair kits and parts restore performance, reduce downtime, and extend the service life of rotary gear pumps with a compatible brand and manufacturer model number.
rotary-vane-pumps	Rotary vane pumps feature sliding vanes that transfer liquids and deliver smooth, low-pulsation flows, limiting fluid agitation, and are suitable for moving chemically compatible, low- to moderate-viscosity fluids, such as lubricants,…
rotary-vane-pumps-with-motor	Rotary vane pumps with motor are complete assemblies consisting of a motor and a pump head used to transfer fluid.
rotary-vane-pump-heads	Rotary vane pump heads are direct-drive pump assemblies that do not include a motor; they couple to a compatible motor and can be integrated into an existing original equipment manufacturer (OEM) system, used to retrofit systems, or used…
mounting-parts-accessories-for-rotary-vane-pump-heads	Mounting parts and accessories for rotary vane pump heads connect the pump heads to motors.
repair-kits-for-rotary-vane-pumps	Repair kits for rotary vane pumps extend pump service life and restore pump performance.
progressive-cavity-pumps	Progressive cavity pumps have a helix-shaped rotor that rotates within an elastomer stator to transfer or meter chemically compatible liquids, delivering consistent, low-pulsation flow, and are suitable for moving viscous, shear-sensitive…
standard-suction-progressive-cavity-pumps	Standard suction progressive cavity pumps deliver consistent, low-pulsation flow and are suitable transferring and metering viscous and shear-sensitive liquids.
hopper-feed-progressive-cavity-pumps	Hopper-feed progressive cavity pumps process and transfer highly-viscous or low-flowing media, such as sludges, pastes, and dewatered solids, that cannot be drawn into a standard suction inlet.
metering-progressive-cavity-pumps	Metering progressive cavity pumps deliver a precise, accurate, and repeatable dose of chemically compatible liquids across various applications, including water treatment, industrial manufacturing, and food and beverage processing.
repair-parts-for-progressive-cavity-pumps	Repair parts for progressive cavity pumps replace commonly-worn parts, restoring pump performance and extending service life.
drum-pumps	Drum pumps suction fluids out of drums, barrels, pails, totes, and intermediate bulk containers (IBCs) in various industries, including agriculture, manufacturing, sanitation, and fleet maintenance.
manually-operated-industrial-drum-pumps	Manually operated industrial drum pumps are powered by hand using a crank, lever, or other mechanism to dispense or transfer liquids from drums and other containers.
electric-industrial-drum-pumps	Electric drum pumps plug into an electrical outlet, generate a more consistent flow than manually operated pumps, and are more energy-efficient than pneumatic pumps.
air-operated-industrial-drum-pumps	Air-operated drum pumps (also called pneumatic or air-operated barrel pumps) run on a compressed air supply to draw fluids from drums and other containers.
cordless-battery-powered-drum-pumps	Cordless battery-powered drum pumps operate on either an internal rechargeable battery or a power tool battery.
hydraulic-operated-industrial-drum-pumps	Hydraulic-operated industrial drum pumps connect to a hydraulic system and use a piston to transfer oils and other moderately viscous, compatible liquids stored in containers.
manually-operated-sanitary-drum-pumps	Manually operated sanitary drum pumps are powered by hand using a crank, lever, or other mechanism to dispense or transfer liquids from drums and other containers in food, beverage, pharmaceutical, and personal care product applications.
electric-sanitary-drum-pumps	Electric-powered sanitary drum pumps plug into an electrical outlet, providing power to generate more consistent flows than manually operated pumps.
air-operated-sanitary-drum-pumps	Air-operated sanitary drum pumps run on a compressed air supply to draw fluids from drums and other containers in food, beverage, pharmaceutical, and personal care product applications.
tank-drum-pump-systems	Tank and drum pump systems use their pump to draw out fluids from equipment and containers, then store the fluids in their tank.
drum-pump-accessories-parts	Drum pump accessories and parts enhance the function of drum pumps or keep them in good working order.
fuel-def-transfer-pumps	Fuel and DEF transfer pumps move fluids in automotive and machinery maintenance applications.
fuel-transfer-pumps	Fuel transfer pumps move compatible fuels (e.g., gasoline, kerosene, biodiesel) for mobile or stationary fueling applications in fleet, agriculture, and construction industries, reducing the reliance on outside service stations.
def-transfer-pumps	DEF (diesel exhaust fluid) transfer pumps fill a vehicle's DEF reservoir and can move DEF between storage containers.
nozzles-for-fuel-def-transfer-pumps	Nozzles for fuel and DEF (diesel exhaust fluid) transfer pumps help transfer fuel to vehicles or move liquids between containers.
discharge-hoses-for-fuel-def-transfer-pumps	Hoses connect to the discharge port of fuel and DEF (diesel exhaust fluid) transfer pumps.
swivels-breakaways-adaptors-for-fuel-def-transfer-pumps	DEF (diesel exhaust fluid) transfer pump swivels prevent kinks from occurring during fueling, and breakaways protect against damage to the fueling system in the event of a drive-off.
filters-for-fuel-transfer-pumps	Filters for fuel transfer pumps remove contaminants from compatible fuels (e.g., gasoline, diesel, kerosene).
meters-for-fuel-def-transfer-pumps	Meters for fuel and DEF (diesel exhaust fluid) transfer pumps measure the amount of fuel, DEF, or other similar fluid dispensed through pump systems.
suction-tubes-hoses-for-fuel-def-transfer-pumps	Suction tubes and hoses connect to the inlet port of fuel and DEF (diesel exhaust fluid) transfer pumps and are lowered into containers or tanks.
couplings-valves-fittings-for-def-transfer-pumps	Couplings, valves, and fittings help create leak-free connection points between a DEF (diesel exhaust fluid) transfer pump and the container, preventing air from entering the container.
repair-parts-for-fuel-def-transfer-pumps	Repair kits and parts for fuel and DEF (diesel exhaust fuel) transfer pumps keep equipment of the same brand and manufacturer model number operating and in good working order.
chemical-metering-pumps	Chemical metering pumps are positive-displacement pumps that accurately dose chemically compatible media into a system for various applications, including wastewater treatment, chemical processing, and manufacturing.
fittings-valves-for-chemical-metering-pumps	Fittings and valves control the flow of liquids, prevent backflow, and protect the integrity of chemical metering pumps.
tubing-hoses-for-chemical-metering-pumps	Tubing is an integral part of chemical metering pumps that transfers liquids through the system.
in-line-mixers-flow-indicators-for-chemical-metering-pumps	In-line mixers and flow indicators install along the discharge line of a chemical metering pump.
controllers-for-chemical-metering-pumps	Controls for chemical metering pumps actuate or adjust the flow rate at specific time intervals or variably during operation.
feed-tanks-for-chemical-metering-pumps	Feed tanks store liquid chemicals dosed by chemical metering pumps before dosing.
repair-kits-parts-for-peristaltic-metering-pumps	Repair kits and parts keep peristaltic metering pumps of a compatible brand and manufacturer model number in working condition, restore pump function, reduce downtime, and extend the operating life of equipment.
repair-kits-parts-for-diaphragm-metering-pumps	Repair kits and parts replace worn or damaged components to keep diaphragm metering pumps of a compatible brand and manufacturer model number in working condition.
pump-enclosures	Pump covers shield the motor from weather and ambient debris.
mounting-brackets-shelves-for-chemical-metering-pumps	Mounting brackets and shelves for chemical metering pumps support the installation of pumps, tanks, and accessories on walls or frames.
sprayer-washer-pumps	Sprayer and washer pumps clean surfaces of dirt or apply herbicides over crops in agricultural applications.
electric-sprayer-pumps	Electric sprayer pumps are self-priming, single-diaphragm pumps that are driven by an electric motor.
air-operated-sprayer-pumps	Air-operated sprayer pumps are single-diaphragm, self-priming pumps driven by compressed air.
roller-spray-pumps	Roller spray pumps use a series of rotating rollers to draw in, trap, and push liquids through the pump and out through the discharge port.
pressure-washer-pumps	Pressure washer pumps reach higher pounds per square inch (PSI) than sprayer pumps to clean debris, build-up, and dirt from various surfaces such as concrete, wooden decks, and sidings.
pto-couplings-for-roller-spray-pumps	Power take-off (PTO) couplings connect drive shafts from heavy-duty vehicle motors to roller spray pumps.
mounts-for-pressure-washer-pumps	Mounts secure pressure washer pumps to a surface.
pond-aeration-fountain-waterfall-pumps	Pond and wastewater aerators turn over water with air bubbles to improve water quality.
pond-wastewater-aerators	Pond and wastewater aerators turn over water with air bubbles to improve water quality.
decorative-fountain-pumps	Decorative fountain pumps float and spray water in different patterns.
pond-fountain-waterfall-treatment-cleaning-lights	Pond and fountain lights improve the aesthetic quality of a pond or fountain.
hydrostatic-test-pumps	Hydrostatic test pumps apply controlled pressure to identify leaks and test the pressure integrity of components and systems, such as piping, hoses, and hydraulic cylinders; critical for safety, compliance, and preventative maintenance.
electric-hydrostatic-test-pumps	Electric hydrostatic test pumps are powered by an electric motor, making them suitable for indoor or enclosed areas where ventilating engine emissions may be difficult or impossible, or access to compressed air is unavailable.
air-operated-hydrostatic-test-pumps	Air-operated hydrostatic test pumps are powered by compressed air, generate pressure without sparking when properly grounded, and are for environments containing hazardous, explosive, or easily ignitable materials.
engine-driven-hydrostatic-test-pumps	Engine-driven hydrostatic test pumps are powered by a gas-powered engine and suited for remote or outdoor locations where access to electricity or compressed air is limited or unavailable.
hand-operated-hydrostatic-test-pumps	Hand-operated hydrostatic test pumps are compact and easy to relocate, use a manual lever to build pressure, and are used by field service technicians on job sites where electricity and compressed air are unavailable, or in environments…
fire-hose-testers	Fire hose testers ensure hoses function properly, support NFPA-based testing procedures, deliver controlled water pressure to check for leaks, bursts, and structural weakness, and can test single or multiple lines simultaneously.
hoses-for-hydrostatic-test-pumps	Hoses for hydrostatic test pumps connect to the pump's inlet or outlet port.
repair-kits-parts-for-hydrostatic-test-pumps	Repair kits and parts for hydrostatic test pumps replace commonly-worn parts to restore pump performance and extend service life.
marine-pumps	Marine pumps circulate, remove, and deliver fresh and salt water.
marine-straight-centrifugal-pumps	Marine straight centrifugal pumps have an intake connection in-line with the impeller's eye and shaft. They require regular priming or for the liquid source to be located above the intake.
marine-submersible-straight-centrifugal-pumps	Marine straight centrifugal pumps have an intake connection in-line with the impeller's eye and shaft. They require regular priming or for the liquid source to be located above the intake.
marine-utility-pumps	Marine submersible centrifugal pumps transfer or recirculate liquid and work fully immersed in the liquid.
bait-live-well-pumps	Bait and live well pumps are used in marine applications to circulate new fresh or salt water to a tank that holds live bait or caught fish.
marine-bilge-pumps	Marine bilge pumps drain water from a boat's bilge due to openings in the hull or damaged bellows.
engine-driven-fire-pumps	Engine fire pumps reach high discharge pressures necessary to spray water over long distances.
jet-eductors	Jet eductors are pumps with no internal moving parts that leverage the venturi effect to transfer and efficiently pump system media.
flow-level-measurement-controls	Flow, level measurement, and controls ensure systems in industrial and commercial applications work as intended, maintain flow rates within nominal ranges, and identify flow issues.
flowmeters-totalizers	Flowmeters measure the flow rate of media (e.g., gases, liquids, vapors) traveling through a system while totalizers measure the total volume of media moved by the system.
sight-glass-flow-indicators	Sight flow indicators show media (e.g., gas, liquid, vapor, powder) moving through a system and ensure systems work as intended.
level-sensors-transmitters	Level sensors and transmitters measure, monitor, and display liquid levels in a tank, drum, or container.
flow-switches	Flow switches detect and control media, such as gases, liquids, or vapors.
pump-seals-packing	Pump accessories and parts are used to install and repair commercial and industrial pumps, keeping systems in service.
compression-packing	Packing seals and tools help control leaks of system fluids around pump shafts or valve stems during operation.
seal-kits-gaskets-for-booster-pumps	Seal kits and gaskets prevent liquids from exiting the pump body, keeping motors and bearing assemblies dry.
pump-replacement-parts	Pump replacement parts help repair aging equipment and circulation systems.
pumps-parts	Pump replacement parts support the operation and maintenance of pumps and circulation systems.
raw-materials	Raw materials serve as a stock for building, manufacturing, packaging, and other purposes.
metals	Metals are natural elements that are mined and formed into different shapes for various fabrication, industrial, and building applications.
aluminum	Aluminum is a lightweight, corrosion-resistant metal with various shapes for applications ranging from packaging and wrapping to fabrication and structural support.
stainless-steel	Stainless steel is strong, resists corrosion, and withstands high temperatures.
carbon-steel	Carbon steel is a commonly used metal in environments with limited exposure to corrosive elements.
alloy-steel	Alloy steel has carbon steel for strength plus additional elements that enhance specific properties such as hardness, wear resistance, and corrosion resistance.
tool-steel	Tool steel is a hard, tough, high-alloy steel with elements that enhance its ability to hold a cutting edge, resist abrasion, and maintain shape.
brass	Brass contains copper and zinc and is often combined with other metals to produce material that resists corrosion and conducts heat and electricity.
bronze	Bronze is made of copper and tin and often combined with other metals to produce a durable, malleable, and corrosion-resistant material.
copper	Copper is easy to shape and form for many industrial, manufacturing, building, and construction applications.
titanium	Titanium resists corrosion, withstands high temperatures, and has the highest strength-to-weight ratio of any metallic element.
cast-iron	Cast iron is a general purpose iron-carbon alloy for melting, molding, and finishing into strong, resilient parts that dampen vibration, resist wear, and withstand compression.
nickel	Nickel is a corrosion-resistant material that remains strong and ductile and high and low temperatures.
plastics	Plastics are synthetic polymers with additives that enhance specific properties and determine how the material performs in a given application.
plastic-sheets-bars	Plastic sheets and bars have flat faces and squared edges for barriers, enclosures, structural components, supports, packaging, and parts.
plastic-films-rolls	Plastic films and rolls are thin and lightweight for packaging materials, barriers, bags, wraps, and liners.
plastic-rods-discs	Plastic rods and discs are solid and thick with a circular profile for shafts, rollers, machined parts, displays, and reinforcement in fabrication, architectural, structural, and decorative applications.
plastic-tubes	Plastic tubes are hollow to transfer fluids, feed through wire and cable, and reduce weight in structural applications.
plastic-angles-channels	Plastic angles and channels have legs set at right angles for support, bracing, and framing applications.
plastic-full-rounds-j-legs-snap-ons	Plastic full rounds, J legs, and snap-ons press onto conveyors and other equipment to provide wear strips, rail covers, guides, and edging.
plastic-perforated-sheets	Plastic perforated sheets have a pattern of punched cutouts that allow filtration, ventilation, and drainage in screening, covering, and decorative applications.
plastic-pellets-colorants	Plastic pellets and colorants provide base materials for processing into parts and products.
plastic-balls	Plastic balls provide solid spheres for bearings, mixing balls, load transfer, flow control, surface finishing, and more.
plastic-half-rounds	Plastic half rounds are solid, semi-circular shapes for support, framing, and decorative applications.
plastic-application-tools	Plastic application tools assist with installing plastic films.
fiberglass-carbon-fiber-composites	Fiberglass is a lightweight and corrosion-resistant plastic resin that contains glass for added strength.
structural-fiberglass-reinforced-plastics	Structural fiberglass is a plastic resin reinforced with glass fibers for increased strength.
electrical-insulating-fiberglass-epoxy-laminates	Electrically insulating fiberglass epoxy laminates have properties that protect against static and electrical charge as well as arc flash.
high-strength-carbon-fiber-reinforced-plastics	High-strength carbon fiber plastics are rigid and lightweight, resist corrosion, and contain carbon fibers that make them stronger than fiberglass.
rubber	Rubber is a strong, flexible material that returns to shape after compression and stretching.
rubber-sheets-strips-rolls	Rubber sheets, strips, and rolls provide flat lengths of material for cushioning, lining, and forming custom seals, gaskets, and belts.
rubber-rods	Rubber rods are solid and thick for making custom stoppers, rollers, seals, bumpers, spacers, and other rounded parts.
rubber-tubes	Rubber tubes are hollow to form O-rings, fluid overflow lines, cable sleeving, wire insulation, grips, and wraps.
rubber-balls	Rubber balls provide seals for check valves, bearings for casters and wheels, deblinders to clean vibratory screens, and cleaning balls to maintain flow in pipes and hoses.
foam	Foam (also known as sponge rubber) is a lightweight material with air pockets that cushion, insulate, dampen sound, and compress to form seals.
foam-sheets-strips-rolls	Foam sheets, strips, and rolls provide flat lengths of material for packaging, vibration-dampening pads, cushions, insulation, gaskets, bumpers, and more.
foam-tubes	Foam tubes are hollow to insulate pipes, protect wires and cables, and form grips and wraps.
foam-rings	Foam rings provide circular spacers, washers, and seals to fill gaps, absorb vibration, and dampen sound.
foam-cord-stock	Foam cord stock provides rounded strands for cutting to size to make custom O-rings, gaskets, and seals.
wire-mesh-accessories	Wire mesh and U-edging form a barrier that lets air and liquids through but blocks solid particles and debris.
wire-mesh-u-edging	Wire mesh U-edging forms frames to hold wire mesh in place, cover its sharp edges, and provide a finished look.
wire-mesh	Wire mesh has a tightly entwining grid pattern with openings for ventilation, filtration, and drainage.
cork	Cork is a natural, lightweight, and non-metallic material commonly used as insulation and for cushioning applications.
felt	Felt consists of natural or synthetic fibers pressed into a dense, abrasion-resistant material.
fabrics	Fabrics are woven, flexible materials commonly used in the textile and packaging industries.
graphite	Graphite is lightweight, withstands exposure to extreme temperatures and chemicals, and does not stick to metal.
graphite-flat-bars-sheets-plates	Graphite bars, sheets, and plates are flexible, compress easily, and conduct heat and electricity.
graphite-rods	Graphite rods are strong, lightweight, and conduct heat and electricity.
graphite-round-tubes	Graphite round tubes have a hollow center and are lighter than solid bars or rods.
safety	Safety supplies and protective equipment keep work sites secure and help companies ensure full compliance with safety regulations.
hand-arm-protection	Hand and arm protection products protect workers from cuts, lacerations, burns, and other injuries.
safety-gloves	Safety gloves protect against dirt, grime, abrasion, cuts, and burns.
protective-sleeves	Protective sleeves protect arms from cuts, chemical splashes, dirt, and light abrasions.
finger-protection	Finger protection products protect fingers and thumbs against abrasion, scrapes, and contamination when assembling small parts, performing inspections, woodworking, and sewing.
glove-dispensers-accessories	Glove dispensers and accessories store, distribute, display, and protect disposable and reusable gloves.
footwear-footwear-accessories	Footwear and footwear accessories help protect feet from potential hazards such as impact, punctures, and chemicals.
safety-toe-work-boots-shoes	Safety-toe work boots and shoes are worn by construction and factory workers, as well as individuals at risk of foot injuries.
plain-toe-work-boots-shoes	Plain-toe work boots and shoes provide support for the feet and help protect them from potential injuries caused by impact, punctures, chemicals, electrical shock, and other hazards.
rubber-boots-waders	Rubber boots and waders are worn over socks to keep feet dry when they are in continuous contact with water or chemicals.
overboots-overshoes	Overboots and overshoes are pulled on over existing footwear, allowing workers and site visitors to wear their own shoes and boots underneath.
traction-devices	Traction devices attach to the bottom of existing footwear to provide a secure footing when walking on ice, snow, and other wet or slippery surfaces.
insoles	Insoles fit inside compatible footwear to enhance comfort while walking and standing.
work-socks-boot-liners	Work socks and boot liners serve as a barrier between the foot and the boot or shoe, keeping feet warm and preventing sores caused by friction.
footwear-cleaning-care-accessories	Footwear cleaning, care, and accessories enhance the use and extend the service lives of boots and shoes.
eye-face-protection	Eye and face protection products meet ANSI standards to protect workers from eye and face injuries caused by projectiles and liquids.
safety-glasses-accessories	Safety glasses and accessories protect workers' eyes from impact injuries caused by flying debris or liquid splash and spray.
safety-goggles-accessories	Safety goggles and accessories are tight-fitting safety glasses with integrated seals blocking dirt and debris from all angles and protecting eyes from injury.
face-shields-accessories	Face shields and accessories protect the entire face from flying objects, splashed liquids, and sharp objects.
cleaners-dispensers-for-eye-face-protection	Cleaners and dispensers for eye and face protection keep equipment clean and organized for easy access.
hearing-protection	Hearing protection devices guard against hearing loss in environments with hazardous noise levels and wherever loud machinery operates.
earplugs	Earplugs form a seal in the ear canal that reduces sound levels to help prevent hearing loss in noisy work environments.
earplug-dispensers-refills	Earplug dispensers and refills make earplugs easily accessible to workers and facility visitors to remind them to protect their hearing.
earmuffs	Earmuffs fit over the ears to protect against potentially harmful sound levels that can cause hearing loss.
noise-reducing-communication-headsets-earplugs	Noise-reducing communication headsets and earplugs connect to a radio network or communication device to provide hands-free one-or two-way communication between workers.
hearing-conservation-testing-systems	Hearing conservation and testing systems help train workers on how to correctly use and insert earplugs.
head-protection	Custom Printed Hard Hats with Your Logo
hard-hats-safety-helmets	Hard hats and helmets protect the wearer's head from impact hazards and feature a suspension system that distributes impact forces through the body to the feet, helping reduce strain on the head, neck, and spine.
head-protection-tethers	Head protection tethers attach hard hats and helmets to the worker's clothing or harness, reducing the risk that a falling hard hat becomes a hazard to workers below.
head-protection-storage	Head protection storage racks keep hard hats clean, organized, and accessible.
head-protection-labels	Head protection labels attach to the outside of a hard hat, helmet, or bump cap and help to identify the owner of that hat or their role in the workplace.
protective-clothing	Protective clothing is worn over personal clothing to protect workers from environmental hazards.
aluminized-heat-resistant-clothing	Aluminized heat-resistant clothing reflects radiant heat when working near an open flame or in extreme temperatures.
arc-flash-flame-resistant-protective-clothing	Arc flash and flame-resistant clothing protects workers from burns in areas with sparks, open flame, and other potential fire hazards.
chemical-liquid-particulate-protective-clothing	Chemical, liquid, and particulate protective clothing keeps workers clean and protects staff who work with hazardous and nonhazardous substances, such as spray paint, pharmaceuticals, and laboratory chemicals.
cleanroom-protective-clothing	Cleanroom protective clothing is made of low-shedding materials to limit contamination.
cut-resistant-protective-clothing	Cut-resistant protective clothing protects workers from lacerations and abrasion.
hairnets-bouffants-beard-nets	Hairnets, bouffants, and beard nets prevent hair from falling into food, pharmaceuticals, and other substances to ensure a clean and hygienic work area.
high-visibility-protective-clothing	High-visibility protective clothing is made of brightly colored fabrics and have reflective materials to make workers more visible.
multi-hazard-protective-clothing	Multi-hazard protective clothing helps prevent worker injuries caused by heat, chemical, and flame exposure.
welding-protective-clothing	Welding protective clothing and helmets are made from materials that resist burning and melting to protect workers from sparks, spatter, slag, and flame.
dispensers-for-protective-clothing	These dispensers hold disposable protective clothing (such as hairnets and shoe covers) to keep items accessible and donning areas clean and organized.
elbow-knee-pads	Elbow and knee pads protect joints and limbs from impacts and abrasion.
workwear	Workwear includes functional clothing and accessories for a range of work environments.
chemical-warmers	Chemical warmers are placed inside gloves and footwear to keep hands, feet, and toes warm, keeping workers comfortable and reducing the risk of frostbite in extreme cold.
electronically-heated-workwear	Electronically heated workwear has integrated heating elements that warm the worker's body to keep them warm.
general-purpose-work-apparel	General purpose workwear provides functional clothing and accessories for a range of common work environments.
medical-scrubs	Medical scrubs are loose-fitting garments worn by doctors, nurses, and other medical professionals.
lab-coats-and-jackets	Lab coats and jackets are worn by lab and electronics technicians, medical personnel, and other workers who come into contact with samples or workpieces that can dirty clothing.
rainwear	Rainwear is made of waterproof material to keep workers dry in wet conditions.
snakebite-protective-gaiters	Snakebite-protective gaiters cover the lower leg to prevent snake bites.
duffel-bags-backpacks-draw-string-bags	Duffel bags, backpacks, and drawstring bags are medium or large bags that are body-worn or carried in hand to transport various loose items.
fall-protection	Fall protection safety products prevent people working at heights from falling or decrease the risk of injury if they do fall.
fall-protection-harnesses-body-belts	Fall protection harnesses fit around a worker's body to spread the force of a fall across the body and keep the worker upright.
self-retracting-lifelines-fall-protection-lanyards	Self-retracting lanyards (SRLs) and fall protection lanyards connect a fall harness to an anchor point to prevent workers from freefalling when working at heights.
anchorage-connectors	Anchorage connectors install on structurally sound components (such as a beam, wall, or roof) to create a secure tie-off point between the anchor and the lanyard on a personal fall prevention system.
fall-protection-kits	Fall protection kits contain a safety harness and other compatible fall-arrest equipment that are designed to be used together to stop falls and reduce risk of fall injuries.
fall-rescue-descent-equipment	Fall rescue and descent equipment is used to raise, lower, and aid in rescuing workers who have fallen.
horizontal-lifelines	Horizontal lifelines connect between two anchor points to provide an attachment for a personal fall protection system.
vertical-rope-lifelines-rope-grabs	Vertical rope lifelines and rope grabs work together to provide a tie-off point for workers using a personal fall protection system when climbing, working vertically, or on a slope.
carabiners-for-fall-protection	Fall protection carabiners meet OSHA standards for use as part of a personal fall protection system.
guardrails-gates-warning-lines-for-fall-prevention	Fall prevention products remove, block, or indicate fall hazards.
pole-climbing-equipment	Pole climbing equipment is used by workers who climb and work on utility poles.
tool-tethering-dropped-object-safety	Tool tethering and dropped-object products are load-rated to ensure that the attachment or lanyard can support the weight of the object and the force of the fall to prevent injuries to workers below.
confined-space	Confined spaces are areas where there is limited access into and exit from the space, such as tunnels, tanks, sewers, and silos.
confined-space-fans-ventilation	Confined space fans, blowers, and ventilation equipment circulate air in confined spaces to remove contaminated, stale, or hazardous gases and fumes and replace them with safe, breathable air.
confined-space-entry-retrieval	Confined space entry and retrieval products assist workers in entry, exit, and rescue from confined spaces, such as tanks and tunnels.
manhole-entry-retrieval-fall-prevention	Manhole entry, retrieval, and fall prevention products make it easier and safer to access drainage systems and sewers.
respiratory-protection	Respiratory Protection equipment provides clean air for breathing and protects against harmful fumes or airborne contaminants.
disposable-respirators-masks	Disposable respirators and masks cover the mouth and nose to provide short-term, light-duty breathing protection.
emergency-escape-respirators	Emergency escape respirators provide safe breathing air when workers need to escape from areas with compromised air quality.
papr-powered-air-purifying-respirator-systems-components	PAPR (powered air-purifying respirator) systems filter ambient air to provide workers with safe, breathable air.
respirator-cleaning-kits-wipes	Respirator cleaning wipes and kits are made of materials that won't damage rubber or other components when cleaning.
respirator-fit-testing	Respirator fit testing equipment is used before respirators are worn to ensure there are no gaps or leaks in the system where contaminants can enter.
respiratory-equipment-storage	Respirator equipment storage keeps equipment orderly and secure.
reusable-respirators-replacement-filters-cartridges	Reusable respirators, filters, and cartridges are designed for long term use.
sar-supplied-air-respirator-systems-components	SAR (supplied-air respirator) systems provide workers with safe breathable air in non-IDLH (immediately dangerous to life or health) environments.
scba-self-contained-breathing-apparatus-systems-components	SCBA (self-contained breathing apparatus) systems and components supply breathable air from a self-contained unit that is worn on a worker's back or waist.
gas-detection	Gas detection products detect or measure levels of specific gases in the air to help protect workers from hazardous conditions and support safe environmental monitoring.
portable-gas-detection	Portable gas detection products detect and measure the presence of specific gases to help protect workers and support safe jobsite monitoring.
fixed-gas-detection	Fixed gas detectors install into permanent locations and continuously monitor ambient air in a defined area.
sorbents-spill-control-spill-containment	Sorbents, spill control, and spill containment products contain and absorb fluids to help users manage spills and protect sensitive equipment and areas from fluid damage.
sorbents-spill-kits	Sorbents and spill kits help contain spills, prevent contamination, and reduce the chance of slips and falls.
spill-containment-pallets-platforms-dollies	Spill containment pallets, platforms, and dollies help contain spills, drips, and leaks while storing and transporting fluids.
spill-trays-drip-pillows-leak-protection	Spill trays, drip pillows, and leak protection products are containment items for collecting used to collect infrequent spills, drips, and leaks.
drain-protection-stormwater-filtration	Drain protection and stormwater filtration products prevent contaminants from being flushed down drains to protect them and reduce the chance of damage or clogs.
spill-containment-berms-dikes-pools	Spill containment berms, dikes, and pools are temporary structures that help control large spills or floods to protect critical equipment and structures.
hose-wraps-bibs	Hose wraps and bibs are wrapped around leaking hoses to contain spills and help minimize potential slip hazards.
traffic-safety	Traffic safety products help control, guide, and protect vehicle and pedestrian movement in roadways, parking areas, job sites, and other shared-use environments.
traffic-cones-accessories	Traffic cones and accessories are portable safety devices that direct the flow of vehicle and pedestrian traffic and indicate hazards.
traffic-delineator-posts-accessories	Traffic delineator posts have a narrow profile and are used to visually guide traffic or separate vehicle and pedestrian areas.
traffic-channelizer-cones-pannels	Traffic channelizer cones and panels direct traffic when flow patterns change and help indicate hazards or temporarily restrict access in work areas.
traffic-barrels-accessories	Traffic barrels and accessories indicate hazards and guide vehicle traffic in roadways and parking lots, with a wide body that improves visibility over standard channelizer cones.
traffic-barricades-accessories	Traffic barricades and accessories prevent vehicles and pedestrians from entering restricted areas.
pavement-markers-tape	Pavement markers and tape are reflective or highly visible markings installed on roadways to mark lanes, road edges, and communicate the right-of-way.
roadway-utility-markers	Roadway and utility markers are tall, thin posts used to mark road boundaries, buried utilities, and property lines.
speed-bumps-rumble-strips	Speed bumps and rumble strips help control vehicle speed and draw attention to changes in road conditions.
parking-curbs	Parking curbs indicate where a vehicle should stop to prevent it from hitting an obstacle such as a building, light pole, or another car.
safety-security-mirrors	Safety and security mirrors improve visibility in blind spots, helping people see oncoming vehicles and pedestrians at roadway and hallway intersections.
traffic-paddles-flags-batons	Traffic paddles, flags, and batons are handheld signaling devices used to direct drivers and alert nearby workers.
safety-flares	Safety flares are bright illumination devices used to warn of road hazards, guide traffic around incidents, and mark areas for short-term emergencies.
ada-compliant-warning-pads	ADA-compliant warning pads are textured sidewalk surfaces that help people with visual impairments recognize transitions from walking areas to areas where vehicles may be present.
hole-trench-covers	Hole and trench covers protect pedestrians, vehicles, and equipment from hazards created by open holes, trenches, and exposed utilities.
collision-warning-systems	Collision warning systems are safety devices used to reduce the risk of vehicle and equipment collisions in areas with limited visibility or crossing traffic.
signs-facility-identification-products	Signs and facility identification products call attention to hazards, mark equipment, help prevent accidents, and increase compliance with building codes and safety regulations.
label-makers-supplies	Label makers and supplies create labels and tags to identify items in a facility.
signs-labels-tags	Signs, labels, and tags communicate information about an item's condition or an area's status.
5s-storage-labeling	5S storage and labeling products identify designated locations and communicate the status of items as part of the 5S system.
safety-facility-banners-posters-mirrors	Safety and facility banners, posters, and mirrors remind workers and visitors to follow appropriate safety policies and procedures.
floor-marking-tape-shapes-applicators	These continuous rolls and precut shapes of floor marking tape designate pedestrian walkways, mark hazards, and indicate where items should be placed.
utility-location-marking	Utility and location marking products visually indicate crucial information about a utility's type, location, and capacity.
stencils	Stencils are thin sheets with characters, symbols, messages, or other designs cut out of them.
stamping-tools	Stamping tools create impressions in plastics, metals, and other materials to communicate information about the stamped item or identify it for future analysis or processing.
letters-numbers	Letters and numbers are used to identify and communicate information in the workplace.
lockout-tagout	Lockout/tagout (LOTO) devices install on machinery, electrical equipment, and plumbing systems to reduce the risk of injuries from unintended startups during maintenance.
lockout-padlocks	Lockout tagout (LOTO) padlocks attach to lockout devices and hasps to prevent them from being removed so equipment can't be reenergized while being serviced.
electrical-lockout-devices	Electrical lockout devices prevent power from being restored or equipment energized while it's being serviced.
valve-lockout-devices	Valve lockout devices prevent energy isolation valves from being opened while downstream pipe and equipment are being worked on.
cable-lockout-devices	Cable lockout devices secure one or more power sources using a single padlock to prevent power from being restored while equipment is serviced.
steering-wheel-lockout-devices	Steering wheel lockouts display a message that lets equipment operators know that the vehicle is being worked on.
flange-lockout-devices	Flange lockout devices cover bolts on pipeline flanges to prevent the flange from being opened while the pipeline is under maintenance or repair.
gas-cylinder-lockout-devices	Gas cylinder lockout devices cover valve handles and handwheels to prevent access to the tank.
pneumatic-lockout-devices	Pneumatic lockout devices secure pneumatic fittings and regulators to ensure equipment can't be energized or used while it's being serviced.
lockout-hasps	Lockout tagout (LOTO) hasps allow multiple technicians to each apply their own lock to prevent accidentally energizing equipment during service.
tagout-tags	Tagout tags slide over the shackle of a padlock to alert workers that the equipment is locked out for service.
lockout-stations-kits	Lockout stations and kits include a selection of lockout devices used as an integral part of a facility lockout/tagout (LOTO) procedure designed to meet the OSHA standard for the Control of Hazardous Energy (Lockout/Tagout).
safety-storage	Safety storage products transport and store potentially dangerous materials to keep users safe and comply with safety regulations.
safety-cabinets	Safety storage cabinets keep dangerous liquids organized, labeled, and separate from work areas.
battery-storage-containment	Battery storage and containment products help users safely store lithium-ion, lead-acid, and other high-capacity batteries.
safety-cans-tanks	Safety storage cans and tanks hold dangerous fluids during transportation, storage, and distribution.
safety-disposal	Safety disposal products provide a secure and dedicated location for disposing of potentially hazardous materials.
aerosol-can-recycling-equipment	Aerosol can recycling equipment helps users dispose of aerosol cans and their contents safely and in compliance with local and environmental regulations.
safety-alarms-warning-lights	Safety alarms and warning lights emit audible signals, visual alerts, or both to alert personnel to potentially dangerous conditions.
audible-alarms	Audible alarms create sound-based signals to alert personnel to specific conditions or potentially hazardous events.
warning-lights-strobes	Warning lights and strobes provide visual alarms to alert people in an area to a specific condition or hazard.
combination-audible-visual-alarms	Combination audible and visual alarms create both audio-based and light-based alarms when activated.
accessories-replacement-parts-for-audible-alarms	Accessories and replacement parts for audible alarms enhance the function of audible alarms, add new functions, and replace any damaged or worn components.
guards-covers-for-alarms-wall-fixtures	Guards and covers for alarms and wall fixtures surround and protect alarm infrastructure from accidental bumps and damage.
eyewash-equipment-safety-showers	Eyewash equipment and safety showers clean irritants, chemicals, and other contaminants from the eyes, face, and body.
eyewash-stations	Eyewash stations flush harmful chemicals and contaminants from the eyes only or eyes and face.
safety-showers	Safety showers flush hazardous substances from a worker's body.
safety-showers-with-eyewash-station	Safety showers with an integrated eyewash station flush chemicals, hazardous materials, and other harmful contaminants from the body, eyes, and face.
portable-eyewash-stations	Portable eyewash stations flush harmful chemicals and contaminants from the eyes.
portable-safety-showers-with-eyewash	Portable safety showers with an integrated eyewash station flush harmful chemicals and contaminants from the skin and eyes.
thermostatic-mixing-valves-water-heaters-for-eyewash-equipment-safety-showers	Thermostatic-mixing valves and water heaters for emergency eyewash and safety showers ensure water is at a safe, tepid temperature for flushing eyes and skin. ANSI defines the range for tepid water as 60°-100° F.
alarm-systems-for-eyewash-equipment-safety-showers	Alarm systems for emergency eyewash stations and safety showers alert safety personnel when an eyewash station or shower has been activated, allowing for a quicker response to emergencies, especially lone workers who who might not be able…
accessories-testing-supplies-for-eyewash-equipment-safety-showers	These accessories work with eyewash stations and safety showers.
replacement-parts-for-eyewash-equipment-safety-showers	These replacement parts keep emergency eyewash stations and safety showers in good working order.
supplemental-eyewash-bottles-stations	Supplemental eyewash bottles and stations are used in non-critical situations to flush dirt, dust, and other nuisance irritants from the eyes.
floor-mats	Floor mats protect surfaces and equipment and help prevent trips, slips, and falls.
antifatigue-drainage-mats	Antifatigue and drainage mats relieve pressure on the feet and spine when standing or walking for long periods of time.
traction-floor-mats	Traction floor mats protect floors and prevent slips on walkways, picking lines, standing workstations, and high-traffic areas.
entrance-mats	Entrance mats clean footwear at doorways and area transitions to prevent dirt and moisture from being tracked between areas and damaging floors.
floor-protection-mats	Floor-protection mats keep floors clean and protect them from damage caused by dirt and traffic.
footwear-sanitizing-mats	Footwear-sanitizing mats hold disinfectant to clean the bottom of the shoe as users move across the mat.
static-control-mats	Static-control mats and devices are made of conductive materials that prevent or dissipate the buildup of static electricity that can cause explosions or damage sensitive electronic equipment.
electric-shock-protection-mats	Electric-shock protection mats safeguard workers from injuries caused by high-voltage electrical discharge.
heated-mats	Heated mats install around heavy equipment or in areas prone to damage from cold temperatures.
antislip-tapes-treads-stair-nosings	Antislip tapes and stair treads and nosings have a raised surface to add traction in wet, oily, and slippery areas to prevent slips and falls.
antislip-tape	Antislip tape has a gritted surface to prevent slips and falls on stair treads, ramps, and flooring.
antislip-tape-treads	Precut antislip tape treads have a gritted surface to prevents slips and falls on stair treads, ramps, and flooring.
antislip-stair-nosings	Antislip stair nosings prevent slipping in wet, oily, or dirty environments.
antislip-stair-treads	Antislip stair treads cover 6" or less of a stair tread to provide traction and wear resistance.
antislip-stair-tread-covers-nosings	Antislip stair-tread covers with a nosing prevent slipping in wet, oily, or dirty environments.
antislip-deck-sheets-plates	Deck sheets and plates have a gritted surface to prevent slips on ramps, walkways, and equipment decks.
fire-protection	Fire protection equipment extinguishes fires, prevents flames from spreading, and alerts building occupants to potential hazards.
fire-suppressants-for-electrical-enclosures-equipment	Fire suppressant products help prevent the spread of fire in electrical enclosures, control cabinets, and other enclosed spaces.
carbon-monoxide-smoke-detectors	Carbon monoxide (CO) and smoke detectors sound an alarm to warn building occupants in the event of a fire or when unhealthy levels of CO or smoke are detected in the air.
facility-fire-alarm-systems	Facility fire alarm systems detect dangers and sound alarms in large facilities.
fire-extinguishers-accessories	Fire extinguishers and accessories help users safely combat small fires and minimize property damage until trained personnel arrive.
fire-hoses-nozzles-storage	Fire hoses and nozzles are used by fire response teams to move and direct water to the area of need.
fire-hydrant-standpipe-accessories	Fire hydrant and standpipe accessories connect hoses to the water source.
firefighting-foams	Firefighting foams smother flames and cool the source of the flame to put out fires and help prevent reignition.
fire-blankets	Fire blankets smother small fires or prevent fire from reaching a person or equipment.
firefighting-tools	Firefighting tools can be carried to the hazard to assist firefighters in removing debris, clearing pathways and rubble, and opening doors.
fire-escape-ladders	Fire ladders hook over a window ledge to provide a means of escape in the event of a fire.
firestops-barriers	Firestops and fire barriers prevent flame and smoke from moving between adjoining spaces.
flame-resistant-retardant-treatments	Flame-resistant and fire-retardant coatings and sprays help prevent fires from starting and spreading.
fire-rescue-fans	Fire and rescue fans remove smoke, heat, and other fire byproducts from burning or smoldering buildings to improve the working conditions for firefighters and other rescue personnel in the buildings.
wildland-firefighting-tools-equipment	Wildland firefighting tools and equipment are optimized for use on rugged and remote terrain.
anti-freeze-protection-fluids-for-sprinkler-systems	Anti-freeze protection fluid for sprinkler systems meets NFPA 13 standards and ensures sprinkler systems operate properly, even in freezing weather conditions.
hydration-products	Hydration products help keep individuals hydrated.
bottled-water	Bottled water comes in single-use, sealable containers that are convenient to carry and take on the go.
sports-drinks-thirst-quenchers	Sports drinks and thirst quenchers are designed to hydrate and replenish electrolytes during physical activity.
chest-coolers-accessories	Chest coolers and accessories help keep drinks and food at a consistent temperature, reducing the risk of food perishing and keeping drinks cool in hot weather.
soft-sided-coolers	Soft-sided coolers are designed for portability, making it easy to transport food, drinks, and other items while keeping them cool.
beverage-dispensing-coolers-accessories	Beverage-dispensing coolers and their accessories are designed to efficiently store and dispense large quantities of water or sports drinks.
reusable-ice-packs	Reusable ice packs for coolers help keep the interior of chest coolers or soft-sided coolers cold for longer.
water-containers-for-storage-transport	Water containers for storage and transport hold large amounts of water and are commonly found on remote job sites where there is no running water.
water-bottles-cups-jugs	Water bottles, cups, and jugs store and transport small amounts of water for individual consumption.
hydration-packs-accessories	Hydration packs and accessories provide convenient, hands-free access to water.
emergency-preparedness-products	Emergency preparedness supplies and products help users prepare for and respond to emergencies such as accidents and natural disasters.
temporary-emergency-shelters-incident-command-supplies	Temporary emergency shelters and incident command supplies help emergency response efforts by organizing information and sheltering casualties from the elements.
emergency-survival-kits-rations	Emergency survival kits and rations contain food and supplies that keep people fed and safe during an emergency.
weather-natural-disaster-preparedness	Weather and natural disaster preparedness supplies help people prepare for and recover from various natural disasters.
decontamination-showers-equipment	Decontamination showers wash chemicals and other harmful substances from people exposed to chemical leaks and other contaminants.
first-aid-wound-care	First-aid and wound-care supplies provide relief for non-critical injuries and illnesses.
first-aid-kits	First aid kits provide a clearly labeled and dedicated location for storing medical supplies.
first-aid-bandages-wound-dressings	First aid bandages and wound dressings treat and protect injuries.
topical-first-aid-medications-treatments	Topical first aid medications and treatments are applied to the skin and treat various conditions.
oral-inhalant-first-aid-medications-treatments	Oral and inhalant first aid medications and treatments are taken by mouth and treat various conditions or illnesses.
heat-packs-cold-packs	Heat packs and cold packs soothe the effects of injuries by heating or cooling the affected area.
medicine-vending-machines	Medicine vending machines store and dispense medications in an easily accessible location and can be configured to regulate medication use through controlled access.
medical-supplies-equipment	Medical supplies and equipment support emergency treatment and long-term care.
aed-cpr-equipment	AED and CPR equipment assists with restoring heart rhythm in the event of cardiac arrest or abnormal heartbeat.
airway-opening-oxygen-delivery-equipment	Airway opening and oxygen delivery equipment treats people in respiratory distress.
ems-rescue-tools	EMS and rescue tools equip first responders with items for treatment and transport during emergencies.
emergency-exam-room-supplies	Emergency and exam room supplies provide items for on-the-go and onsite medical treatment.
exam-room-furnishings	Exam room furnishings create a functional, professional space for patient care.
healthcare-lighting	Healthcare lights illuminate hospitals, clinics, nursing homes, animal care facilities, and other medical and personal care settings.
iv-supplies	IV supplies aid the setup and delivery of intravenous fluids and medications to patients.
medical-diagnostics	Medical diagnostics monitor and measure vital signs and evaluate patients for treatment.
patient-resident-monitoring	Patient and resident monitoring devices and systems assist with managing and responding to resident activity.
rehabilitation-durable-medical-equipment	Rehabilitation and durable medical equipment supports recovery and assists with daily living activities for those coping with injuries, disabilities, and age-related issues.
joint-back-support	Ergonomic products provide support and cushioning to help protect against injuries in manual labor and repetitive use situations.
kneeling-pads	Kneeling pads are thick foam pads that are placed on hard, rough, or uneven surfaces to reduce lower body pain and fatigue.
elbow-knee-shoulder-supports	Elbow, knee, and shoulder supports provide stability to major joints and help reduce pain, swelling, and injury.
back-supports	Back supports wrap around the torso and help prevent back injuries by supporting the back and limiting its range of motion.
arc-flash-protection	Arc-flash-protection equipment encloses or insulates against electrical hazards to reduce the risk of injuries to those working on or near electrical equipment.
arc-protection-blankets	Arc protection blankets help provide barrier protection from exposure to explosive electrical arcs and flashes.
electrical-safety-accessories	Electrical safety accessories help workers use and maintain arc flash protection equipment.
electrical-sticks-rescue-hooks	Electrical sticks and rescue hooks protect workers from electrical charges when checking energized equipment and responding to emergency situations in confined spaces, vaults, and electrical cabinets.
grounding-equipment	Grounding equipment provides a conductive path to the ground to protect workers and equipment from electrical charges when servicing energized systems such as transmission lines, power distribution equipment, power lines, fuses, and load…
insulating-line-hoses	Insulating line hoses are designed to cover high-voltage lines.
shock-protection-blankets	Shock-protection blankets cover energized components to protect workers from electrical hazards.
training	Training materials teach employees the correct processes and procedures to maintain an efficient and safe workplace.
labor-law-posters-workplace-legal-notices	Labor law posters and workplace legal notices communicate crucial information regarding labor laws and employee rights.
workplace-skills-training-systems	Workplace skills training systems provide a safe and repeatable way for employees to learn new skills and demonstrate a working knowledge of certain systems and practices.
workplace-safety-compliance-training	Workplace safety and compliance training educates employees about maintaining a safe work environment and ensuring compliance with all applicable rules and regulations.
human-resources-training	Human resources training educates employees about various human resource topics and helps ensure compliance with applicable rules and regulations in the workplace.
water-safety	Water safety products protect people or assist others working on, in, or near bodies of water.
water-suits-accessories	Water suits and accessories insulate users when immersed in water and help protect them from hypothermia.
life-jackets-pfds-rearming-kits	Life jackets, PFDs (Personal Flotation Devices), and rearming kits help users stay afloat, allowing people to work and play safely in or near bodies of water.
throwable-flotation-rescue-aids	Throwable flotation rescue aids are lightweight, handheld items thrown to a victim to help keep them afloat until rescue occurs.
rescue-boats	Rescue boats, also called inflatable boats or rigid-hulled inflatable boats (RHIBs) are small, lightweight boats that can be quickly deployed with minimal personnel and aid water rescue efforts.
safety-equipment-replacement-parts	Replacement parts replace lost or worn components to keep safety equipment in good repair.
security	Security products prevent unauthorized entry of property, protect items from theft, and help ensure the safety of pedestrians, motorists, building occupants, and civilians.
access-barriers-crowd-control	Access barriers and crowd control products manage heavy foot traffic in busy facilities and outdoor events, restrict access to prohibited areas, block hazards, protect pedestrians, and guide motorists.
bollards-bollard-covers	Bollards serve as visual and physical deterrents to protect pedestrians and property or guide motorists along designated routes.
retractable-belt-barriers	Retractable belt barriers stretch across a space to temporarily restrict access, designate a route, or establish a queue for managing crowds.
plastic-chain-barriers	Plastic chain barriers provide visual guidance for foot traffic to restrict access, create walkways or queues, and surround hazards.
rope-barriers	Rope barriers help guide visitors, guests, and audiences along preferred routes or to established queues without detracting from the aesthetics of museums, theaters, and special events.
post-top-signs-accessories	Post top signs and accessories attach to the top of a barrier post to convey information, add lighting, or provide a functional space.
barrier-flagging-tape	Barrier tape, also called caution tape, alerts pedestrians to temporary hazards, prohibited areas, or guides them along a safe route.
railing-expandable-modular-barricades	Railing, expandable, and modular barricades form rigid, portable barricades for temporary access restrictions.
turnstiles-swing-gates	Turnstiles provide unsupervised crowd control and maintain one person at a time entry and exit in areas with heavy foot traffic.
gate-operator-systems-vehicle-detectors	Gate operator systems provide unsupervised control of entrances to secure property and automate entry for authorized vehicles.
metal-detectors-scanners-accessories	Metal detectors, scanners, and accessories alert security personnel to the presence of metal or explosives.
walk-through-metal-detectors	Walk-through metal detectors provide non-contact screening of individuals to prevent threats from entering a secure area.
handheld-metal-detectors	Handheld metal detectors provide a more precise method for identifying and locating metal objects on an individual, inside a bag, or in the ground.
metal-detector-scanner-accessories	Metal detector and scanner accessories support the maintenance and performance of these devices.
explosive-detectors-neutralizers	Explosive detectors and neutralizers are used to identify the presence of explosives and hazardous chemicals, and can be added to a dangerous chemical to convert it to a non-reactive substance.
security-access-doors	Security and access doors secure entrances to facilities and provide access to areas that house equipment and utilities.
access-inspection-service-doors	Access and inspection service doors provide access to areas that house equipment and utilities that require occasional servicing.
security-doors-door-frames	Security doors and door frames provide durable entry points to keep buildings and their occupants safe and secure.
counter-shutters	Counter shutters secure the wall opening that is used as a counter for customer interactions in retail, reception, and food service applications.
folding-security-gates	Folding security gates expand and retract over large doorways and openings to limit foot and vehicle access to restricted spaces.
key-control-duplication	Key control and duplication products manage keys and access to buildings.
key-cabinets	Key cabinets help organizations manage and secure the keys that access their facility space and valuable assets.
key-tags	Key tags help identify, organize, and track keys in commercial and industrial facilities.
key-rings-clips-lanyards	Key rings, clips, and lanyards help affix keys to labels and provide different carrying and organizing options to prevent the loss of keys.
lockboxes	Lockboxes provide onsite access to properties or facilities and eliminate the need to duplicate and distribute keys.
key-duplicators	Key duplicators are cutting machines that replicate and cut a key blank to match the shape and configuration of an existing key.
accessories-for-key-duplicators	Accessories for key duplicators, also called key cutting machines, support the maintenance and performance of these machines.
key-blanks	Key blanks can be cut to create new keys or duplicate existing keys.
id-cards-printers-supplies	ID cards, printers, and supplies help manage building access for personnel, guests, and visitors.
id-card-printers-encoders-laminators	ID card printers, encoders, and laminators create an onsite badging system to provide identification credentials for authorized personnel to wear, show, use, and gain access to facilities.
id-card-blanks-laminates-printer-ribbons	ID card blanks, laminates, and printer ribbons replace and refill printers and laminators as these consumable items deplete over time when creating credentials for authorized personnel in a facility.
accessories-for-id-card-printers	Accessories for ID card printers support the maintenance and performance of ID card printers.
security-badges-wristbands-hangers	Security badges, wristbands, and hangers help identify guests, attendees, visitors, and their vehicles at events and facilities.
security-id-holders-accessories	Security ID holders and accessories help personnel hold, display and easily access their badges when entering buildings and secure spaces.
locks	Locks secure property from unauthorized access and protect items and equipment from theft.
keyed-padlocks-padlock-keys	Keyed padlocks are detachable locks that open with a padlock key.
combination-padlocks-control-keys	Combination padlocks lock and unlock without keys, however, control keys can be used by authorized personnel to override key-controlled combination locks if the combination is forgotten or unknown.
bluetooth-padlocks	Bluetooth padlocks are controlled with an app on a smartphone to restrict access to property.
cable-locks	Cable locks are flexible cables that wrap around equipment and an anchor point and lock with a key, combination, or both to prevent theft or unauthorized use.
padlock-cables-chains-anchors	Padlock cables, chains, and anchors are used with padlocks to secure fences, gates, doors, garages, and equipment that cannot be easily secured with a padlock alone.
padlock-guards-padlock-guards-with-lock	Padlock guards and padlock guards with locks help prevent theft and vandalism, and they also shield padlocks from harsh weather conditions that could damage and compromise the lock.
cam-locker-cabinet-drawer-locks	Cam, locker, cabinet, and drawer locks install in furniture and lockers to protect the contents from theft and unauthorized use.
mailboxes-mailbox-accessories	Mailboxes receive and hold delivered mail in secure compartments until it can be retrieved.
mailboxes	Mailboxes receive and hold delivered mail in secure compartments until it can be retrieved.
mailbox-posts-pedestals	Mailbox posts and pedestals provide an elevated base for single-unit and multi-unit mailboxes.
accessories-replacement-products-for-mailboxes	These accessories and replacement products support the installation, function, and maintenance of mailboxes.
safes	Safes are locking storage boxes that protect valuable documents and possessions from theft and damage.
security-safes	Security safes store and secure important documents and valuables and feature a variety of mounting options, locking styles, and sizes to meet the needs of general purpose applications in residential, commercial, and industrial settings.
depository-safes	Depository safes secure cash, important records, and valuables in businesses where immediate and preliminary safe-keeping is needed.
gun-safes	Gun safes ensure firearms are properly stored and secured to prevent accidents, theft, and unauthorized use.
pharmacy-safes	Pharmacy safes store and secure medications, medical supplies, and patient records.
hotel-safes	Hotel safes offer a secure place for guests to store their valuables with a self-selected combination code to use for the duration of their stay.
portable-safes-diversion-safes	Portable safes and diversion safes secure small valuables in compact, transportable devices.
accessories-for-safes	Accessories for safes help support the installation, function, and maintenance of safes.
security-alarms-warnings	Security alarms prevent theft and sound warnings in case of emergency.
door-alarms-warnings	Door alarms and warnings signal the unauthorized use of emergency exits or entrances into secure or dangerous areas.
accessories-for-door-alarms	Accessories for door alarms help power alarm components and maintain parts to keep alarm systems in good working order.
security-systems	Security systems consist of sensors, control pads, and networking devices that are used to implement a security system in a facility.
security-equipment-replacement-parts	Replacement parts such as cams, combination chambers, and deadbolts allow you to rebuild a safe, latch, or locking systems.
military-tactical-public-security-equipment	Military, tactical, and public security equipment are essential to completing related tasks.
clothing-protective-equipment-for-military-ems-law-enforcement	Clothing and protective equipment for military, emergency medical service (EMS), and law enforcement personnel ensure these professionals have the uniforms and the necessary protective equipment for their roles.
military-public-safety-firefighting-footwear	Military, public safety, and firefighting footwear provides joint support and protects users from foot fatigue and injury.
duty-gear-holsters-tactical-backpacks	Duty gear, holsters, and tactical backpacks help military, law enforcement, and other public safety personnel keep equipment together and easily accessible when on duty.
binoculars-scopes-thermal-imaging-night-vision-devices	Binoculars, scopes, thermal imaging and night vision devices help military and law enforcement personnel identify risks, locate individuals, and improve target precision.
law-enforcement-public-security-protective-equipment	Law enforcement and public security protective equipment consists of safety products, restraint devices, and tools to help officers perform their duties.
evidence-management-forensics-equipment	Evidence management and forensics equipment aid law enforcement professionals in the investigation of crime scenes.
weapon-storage-maintenance-shooting-targets	Weapon storage, maintenance and shooting targets keep firearms securely stored, maintained and in good working order for military, law enforcement, and public security personnel.
firefighting-clothing-rescue-equipment	Firefighting clothing and rescue equipment protect firefighters from hazards during firefighting and extrication operations.
security-seals	Security seals prevent tampering of shipping containers, freight, and totes to safeguard equipment, tools, and other items.
high-security-seals	High-security seals require a bolt or wire cutter, or a heavy-duty tool for removal.
tamper-evident-seals	Tamper-evident seals show evidence of tampering to indicate when property or cargo has been compromised in shipping, agricultural, law enforcement, storage, and utility applications.
asset-tracking-protection	Asset tracking and protection products help track valuable assets and protect sensitive data.
video-surveillance	Video surveillance cameras and systems record strategic areas to deter theft, vandalism, and other incidence of crime.
video-surveillance-cameras-systems	Video surveillance cameras and systems record strategic locations to deter theft and vandalism.
vehicular-video-surveillance	Vehicular video surveillance cameras and systems record parking lots, garages, or footage in or around individual vehicles to deter theft and vandalism.
video-surveillance-devices-accessories	Video surveillance accessories include parts and components that enhance recording capabilities.
test-instruments	Test instruments and diagnostic test equipment help users isolate and solve problems and maintain vital processes, before they interrupt their work or cause hazards in the facility.
electrical-power-testing	Electrical power testing devices ensure power systems and equipment operate reliably and safely, and reduce maintenance downtime.
multimeters	Multimeters use color-coded test leads to measure voltage, current, and resistance in circuits, components, wall outlets, and other electrical devices.
accessories-for-multimeters-clamp-meters	Accessories pair with compatible multimeters and clamp meters to expand their functionality and enhance performance.
clamp-meters	Clamp meters have jaws that clamp, loop around, or surround conductors, wires, and cables to measure electrical currents without terminating power.
resistance-testers	Resistance testers send voltage pulses through electrical parts and equipment and measure the corresponding resistance to find insulation deterioration, leaks, and shorts.
test-leads-test-probes	Test leads are insulated wires that connect to multimeters or clamp meters while test probes make contact with testing points, carrying a signal to the meter to verify measurement.
power-quality-testers	Power quality testers use insulated test leads to conduct several kinds of testing, such as detecting and measuring voltage, current, power factor, and energy waste in electrical systems and equipment.
voltage-detectors-voltage-testers-continuity-testers	Voltage detectors and testers alert the user when voltage is detected, while continuity testers indicate when electrical lines are live and have continuity, or power.
circuit-tracers-breakers	Circuit tracers and breakers identify wires, matching them to their specific circuit breakers in panel boxes, or find energized and de-energized wires, blown fuses, or test fixtures without disconnecting the power supply.
utility-ground-fault-locators	Utility and ground fault locators detect the location or condition of buried utility lines or cable to diagnose damage or wear, or determine whether areas are safe for excavation.
appliance-medical-testers	Appliance and medical testers perform measurements such as insulation resistance and leakage current, and perform ground-bond tests on equipment in hospitals and healthcare facilities, as well as appliances and tools used in industrial,…
receptacle-gfci-testers-analyzers	Receptacle and GFCI (ground-fault circuit interrupter) testers and analyzers plug into outlets to verify they are in good working order.
high-voltage-testers	High-voltage testers identify areas where insulation is failing, detect performance problems, or the presence of voltage to keep electrical systems functioning properly and protect people from hazards, providing measurements in kilovolts…
phasing-motor-rotation-meters	Phasing and motor rotation meters connect to systems to check motor status and to verify they are installed properly and in good working order.
cable-height-meters	Cable height meters calculate the area between overhead cables and wires and verify their distance from the ground.
installation-testers	Installation testers connect to power systems and infrastructure and test various parameters and functions of the electrical system.
test-instrument-carrying-cases	Test instrument carrying cases protect electrical testing equipment and keep it safe when not in use.
ac-current-line-splitters	AC current line splitters measure the amount of voltage used by electrical tools, devices, and household appliances.
portable-oscilloscopes-accessories	Portable oscilloscopes and accessories verify electrical systems or inverter-type motor drive systems are operating as intended.
energy-management-supplies	Energy management systems connect to electrical systems and equipment for ongoing monitoring and diagnostics.
pressure-vacuum-measurement	Pressure and vacuum instruments verify absolute, static, and differential pressure in positive pressure and vacuum systems.
pressure-vacuum-gauges	Pressure and vacuum gauges check the system pressure of liquids and gases.
differential-pressure-gauges-indicators-transducers	Differential pressure gauges, indicators, and transducers measure the difference in pressure between two points in a system.
pressure-vacuum-transmitters	Pressure and vacuum transmitters feature specific connections that attach to pipes or other process systems.
differential-pressure-transmitters	Differential pressure transmitters verify the difference between two points in a system and transmit the reading for storage and analysis.
manometers-pressure-meters	Manometers and pressure meters verify measurements of pressure, airflow, air velocity, and related system conditions.
submersible-level-transmitters	Submersible level transmitters install at the bottom of a tank, well, or other liquid container.
pressure-gauge-transmitter-accessories	Pressure gauge and transmitter accessories enhance the performance of pressure gauges.
airflow-static-pressure-accessories	Airflow and static pressure accessories aid in airflow measurement and overall maintenance.
temperature-and-environmental-measurement	Temperature and environmental measurement products track changes in humidity, temperature, pressure, and other environmental factors.
infrared-temperature-measurement	Infrared temperature measurement devices detect and measure the frequency and intensity of infrared radiation emitted by objects in the environment.
environmental-measurement	Environmental measurement products evaluate various factors that affect the quality of an environment and provide readings for users.
temperature-probes-components	Temperature probes monitor air, liquid, surface, or food temperatures while probe components repair or modify probes for use.
handheld-benchtop-temperature-meters	Handheld and benchtop temperature meters have digital displays that show temperature readings.
fixed-location-thermometers-thermowells	Fixed-location thermometers and thermowells install in a permanent location to measure and monitor temperatures.
temperature-calibrators	Temperature calibrators regulate temperature-sensing equipment to precise temperatures or confirm that equipment is already calibrated correctly.
clip-on-pocket-thermometers	Clip-on and pocket thermometers are small, lightweight, and offer fast response times for on-the-spot temperature checks.
controlled-critical-environment-thermometers-monitoring	Controlled critical environment thermometers and monitoring equipment verify temperatures in hospitals, clinics, and laboratories and are kept within specified ranges to prevent samples from spoiling.
temperature-strips-dots	Temperature strips and dots stick to surfaces and change color when specific temperatures are reached or surpassed.
liquid-in-glass-laboratory-thermometers	Liquid-in-glass thermometers are used in laboratory and testing applications.
digital-temperature-humidity-switches	Digital temperature and humidity switches measure and control temperature and relative humidity.
temperature-humidity-transmitters	Temperature and humidity transmitters sense and transmit readings in a broad range of applications.
voice-data-testing	Voice and data testing instruments analyze voice, data, and video copper and fiber optic cables to ensure they are in good working order and to identify faults.
copper-cable-testing-instruments	Copper cable testing instruments evaluate voice, data, audio-video, and Ethernet cables and connectors for problems such as continuity, opens, shorts, and miswired installations.
tone-generators-and-speaker-probes-kits	Tone generators and speaker probes use built-in sensors and insulated test leads to analyze cables, determine their location within a system, test for continuity, and identify faults.
fiber-optic-cable-testing-instruments	Fiber optic cable testing instruments evaluate whether fiber optic cables are installed correctly and measure the live optical energy transmitted through them.
telephone-line-test-sets	Telephone line test sets have ports that accommodate telephone lines with RJ (registered jack) connectors or use clips with leads that test telephone binding posts for dial tone.
time-domain-reflectometers	Time domain reflectometers (TDR) detect splices, taps, bends, shorts, and similar faults in copper-core cables.
copper-cable-testing-accessories	Copper cable testing accessories include items used with compatible brand and series of copper cable testing equipment to enhance line testing and diagnostics.
fiber-optic-cable-testing-accessories	Fiber optic cable testing accessories are used with compatible fiber optic test instruments to enhance line testing and diagnostics for fiber optic cables and networks.
replacement-parts-for-construction-and-road-material-testing	Replacement parts for construction and road material testing equipment replace worn or broken parts and help keep equipment operating efficiently.
leak-testing	Leak testing equipment detects the presence of leaks from pressurized systems.
ultrasonic-leak-detectors	Ultrasonic leak detectors use specialized microphones to detect the high-frequency sound common with most pressurized leaks.
ultrasonic-leak-detector-accessories	Ultrasonic leak detector accessories enhance the functionality of leak detectors, improve existing capabilities, or ease setup and transport.
acoustic-imaging-cameras	Acoustic imaging cameras combine a video camera with a highly specialized array of microphones to create a visual overlay of potential leaks over a live video feed.
vibration-testing	Vibration testing equipment detects and measures movement using an internal or external sensor that senses the force of the vibration.
vibration-meters	Vibration meters measure the velocity and acceleration of industrial machinery by observing its vibration.
vibration-meter-accessories	These vibration meter accessories connect, protect, and support vibration meters while in use or during transport.
sound-testing	Sound testing equipment measures the acoustic energy or sound pressure level (SPL) emitted from equipment.
sound-level-meters-kits	Sound level meters measure the intensity of sound energy to help prevent work-related hearing loss.
sound-level-calibrators	Sound level calibrators are finely tuned to emit specific sounds at a specific volume or sound pressure level (SPL).
light-testing	Light testing equipment detects and measures various qualities of a light source such as intensity, spectrum, and polarization.
light-meters	Light meters measure the light shining on their sensors and provide readings in lumens, lux, or candela.
video-inspection-equipment	Video inspection equipment provides visibility to dangerous or cramped spaces, allowing users to inspect them.
borescope-accessories	Borescope accessories adapt the borescope to allow inspection of a variety of spaces, protect it from damage, offer ergonomic support, connect it to probes or cameras, or provide power.
rotational-speed-testing	Rotational speed testing instruments monitor machine health by counting revolutions, or pinpointing issues before they cause downtime.
tachometers	Tachometers measure rotational speed using light, lasers, magnetism, or direct contact with the spinning component.
tachometer-sensors	Tachometer sensors, or remote sensors, detect the revolutions of a machine part or tool while connected to a panel mount tachometer or stroboscope.
tachometer-accessories	These accessories connect, support, or adapt tachometers to measure a variety of objects.
stroboscopes	Stroboscopes produce rapid, even pulses of light at specific frequencies to verify that equipment is operating correctly.
stroboscope-accessories	These accessories enhance visibility or functionality on a stroboscope and protect the device.
thickness-testing	Thickness testing equipment measures the thickness of coatings applied to a base material using sound, magnetism, and direct resistance probing.
ultrasonic-thickness-gauges-accessories	Ultrasonic thickness gauges and accessories use high-frequency sound to measure the thickness of surface coatings.
coating-thickness-gauges-accessories	Coating thickness gauges and accessories measure the depth of surface coatings.
force-testing	Force testing equipment measures various forces from equipment and ensures they are operating within normal parameters.
nonelectrical-properties-testing	Cleaning efficiency meters measure the biological matter in a sample.
conductivity-level-equipment	Conductivity level equipment detects the level of liquid in one or more tanks or vats, using probes that signal level changes to a controller.
cleaning-efficiency-meters-accessories	Cleaning efficiency meters and accessories test and measure the biological residue on a surface by testing for the presence of ATP (adenosine triphosphate).
stopwatches-timers	Stopwatches and timers precisely measure and count down time to analyze the performance of a system, process, or function and ensure that it is within acceptable parameters.
radiation-detectors-accessories	Radiation detectors and accessories verify the presence of nuclear radiation and measure its intensity.
hydronic-manometers	Hydronic manometers measure the pressures and temperatures found within hydronic heating and cooling systems to verify they are operating within acceptable parameters.
magnetic-field-meters	Magnetic field meters detect and measure the strength of magnetic fields generated by equipment and provide a visual reading for quick and accurate diagnosis of system issues.
adhesion-testers-accessories	Adhesion testers measure the strength of bonding agents, paints, or cements.
instrument-training	These online and in-person training courses provide varying levels of instruction on topics like using test equipment in the field.
milk-pasteurization-testers-accessories	Milk pasteurization testers and accessories work together to ensure that milk is pasteurized.
samplers	Samplers provide a safe, effective, single-step method to simplify sample collection processes.
coating-pin-hole-detectors	Coating pinhole detectors identify the presence of holes, gaps, and other discontinuities in the surface coatings of metallic items.
liquid-level-temperature-controls	Liquid level and temperature controllers monitor and adjust the level and temperature of a fluid in a tank.
soluble-salt-testers-accessories	Soluble salt testers and accessories work together to analyze samples taken from a surface, verify the presence of salts, and provide an accurate measurement of the salts found in the sample.
air-movement-quality-testing	Air movement and quality testing equipment measures the speed of air moving through an HVAC system and analyzes its composition to verify conditions are safe for occupants.
air-movement-testing	Air movement testing equipment detects and measures the flow of air across their sensors and helps configure ventilation systems.
indoor-air-quality-testing	Indoor air quality testing equipment analyzes interior air and provides measurements for various factors that affect indoor air quality.
data-recording	Data recording equipment helps to store, organize, and accurately document measurements and other important data.
nonelectrical-properties-data-loggers-accessories	Non-electrical properties data loggers and accessories record and store measurements and data readings for later review and analysis.
circular-chart-recorders-accessories	Circular chart recorders and accessories connect to compatible sensors and help users document their readings over a specific period.
electrical-properties-data-loggers	Electrical properties data loggers detect, measure, and record various electrical properties such as current, voltage, frequency, and phase.
strip-chart-temperature-recorders-accessories	Strip chart temperature recorders and accessories help users record high-resolution measurements of temperature over time.
recorder-sensor-kits	Recorder sensor kits connect to compatible data-recording test equipment and provide additional inputs to measure and record, enhancing the accuracy of test results.
combustion-testing	Combustion testing equipment analyzes combustion gases and helps identify issues like rich/lean combustion or lack of airflow.
combustion-analyzers	Combustion analyzers measure the various factors of a combustion exhaust stream and provide a visual readout of the levels of different compounds, chemicals, and other factors such as temperature.
combustion-analyzer-accessories	Combustion analyzer accessories aid in testing and analyzing the composition of exhaust gases.
concrete-asphalt-pavement-testing	Concrete, asphalt, and pavement testing equipment helps users verify the composition and strength of their paved surfaces.
concrete-testing	Concrete testing equipment aids users in testing concrete composition, mixing, and load testing.
electronic-bench-testing	Electronic bench testing verifies electrical test measurements with more precision than compact models or protects electrical components from electrostatic discharge.
bench-type-digital-multimeters	Bench type digital multimeters are heavier and larger than handheld multimeters, but they measure current, voltage, frequency, and resistance with more precision than compact models.
battery-capacity-analyzers-accessories	Battery capacity analyzers determine the remaining voltage on critical battery backups like security systems and UPSs (uninterrupted power supplies) while their accessories support the analyzers during testing.
lcr-meters	LCR meters verify the inductance (L), capacitance (C), and resistance (R) of the device under test, determining the impedance based off those readings.
decade-boxes	Decade boxes connect to test equipment and modify the signals they receive by varying their capacitance, resistance, or inductance without batteries or connecting to main power.
electronic-loads	Electronic loads connect a power source to the equipment being tested, allowing the user to program and simulate real-world loads and test performance.
bench-testing-power-supplies-accessories	Bench testing power supplies and accessories convert, regulate, protect, and monitor current and voltage.
antistatic-safety-equipment	Antistatic safety equipment furnishes a workspace, equips employees, or tests for static discharge to protect sensitive electronics from damage during handling.
bench-pressure-calibrators	Bench pressure calibrators verify that a pressure gauge, switch, or transducer is measuring correctly, and adjust the unit accordingly when a discrepancy is detected.
function-pulse-generators	Function and pulse generators work in tandem with an oscilloscope, generating waveforms to test the frequency of electrical equipment.
data-acquisition-systems-accessories	Data acquisition systems and accessories monitor and store data readings from various sensors and equipment for later analysis and review.
spectrum-analyzers-accessories	Spectrum analyzers and accessories identify transient or short-lived issues to ensure that equipment is operating correctly.
process-pressure-calibration	Process and pressure calibration verifies the measurement accuracy of the pressure or flow rate of enclosed systems like pipes, test valves, transducers, and pressure transmitters.
calibrators-accessories	Calibrators and accessories test or enable testing of process transmitters, electrical equipment, or test valves to verify they operate or measure within acceptable parameters.
ultrasonic-flowmeters-accessories	Ultrasonic flowmeters and accessories determine flow rate through the wall of a pipe by emitting an ultrasonic signal and reading the acoustic reflection of that signal.
panel-mount-tachometers	Panel mount tachometers mount into equipment racks and panels to measure and display the rotational speed of the monitored equipment.
tools	Tools install fasteners, make cuts, form materials, take measurements, and perform various other tasks at jobsites and in production environments.
hand-tools	Hand tools operate manually to complete maintenance, repair, and construction tasks.
wrenches	Wrenches are tools used for gripping and turning objects such as pipe and fasteners.
screwdrivers-nut-drivers-keys	Screwdrivers, nut drivers, and keys turn various types of fasteners.
ratchets-drive-tools	Ratchets and drive tools hold sockets and bit sockets to turn nuts, bolts, and other fasteners for installation and removal.
pliers	Pliers squeeze their jaws together to grip or cut.
hammers	Hammers strike objects and surfaces to drive fasteners, position parts, remove material, shape metal, and more.
punching-tools-chisels	Punching tools and chisels strike their tip or cutting edge against workpieces to make holes or cuts, shape or remove material, and set parts in place.
files	Files slide their cutting faces along workpiece surfaces to smooth and shape them.
pryers-pullers	Pryers and pullers move, remove, or position parts and materials.
scissors-snips-cutting-tools	Scissors, snips, and cutting tools use one or more blades to cut a variety of materials.
knives-blades	Knives and blades make cuts in a variety of materials.
hand-saws-blades	Hand saws cut material layer by layer as they move their toothed blade back and forth.
clamps	Clamps grip workpieces together or press them against a work surface.
vises-anvils	Vises and anvils complement each other to provide a workholder and a work surface in maintenance and repair, metalworking, fabrication, blacksmithing, and woodworking applications.
hand-nailers-staplers-riveting-tools	Hand nailers, staplers, and riveting tools drive fasteners to secure and join materials.
electrical-data-hand-tools	Electrical and data hand tools are used by electricians, network technicians, assembly line workers, and others who install and repair wire and cable.
pipe-hose-conduit-hand-tools	Benders create curves in tubing and pipe to route them around obstacles, fit them along corners, or align one length with another.
drain-cleaning-plumbing-hand-tools	These hand tools clean drains and keep plumbing in good repair.
wire-rope-swaging-tools	Hand-operated wire rope swaging tools compress swage sleeves and ferrules onto wire rope to create loops (eyes), join two lengths of rope, or form end stops.
sheet-metal-folders-crimpers	Sheet metal folders and crimpers bend and shape sheet metal for HVAC ductwork, roofing, and metal fabrication applications.
assorted-tool-sets-kits	Assorted tool sets and kits include various types of tools to perform a range of tasks or complete different steps in a process.
hand-tool-replacement-parts	Hand tool replacement parts change out worn or broken components to restore tool function.
inspection-retrieval-tools	Inspection and retrieval tools provide visibility into and around equipment, recover dropped parts, and collect metal debris.
scrapers-compound-spreading-hand-tools	Scrapers and compound-spreading hand tools remove surface coatings or apply substances to surfaces.
drywall-trowels-tapers-mud-pans	These drywall tools perform taping, mudding, and finishing tasks.
concrete-masonry-hand-tools	Concrete and masonry hand tools assist with forming and finishing flatwork or laying brick and stone.
asphalt-hand-tools	Asphalt hand tools clean up asphalt surfaces and apply crack fillers, sealcoatings, and other compounds that repair or prevent damage to pavement.
flooring-tile-carpet-hand-tools	Flooring, tile, and carpet hand tools speed the installation of floor coverings and ensure a proper fit and finished appearance.
bolt-screw-extractor-tools	Bolt and screw extractor tools remove broken bolts, screws, and studs when the head of a fastener has been damaged and can't be gripped.
power-tools	Power tools operate on electric or battery power to perform a variety of jobsite tasks.
cordless-tool-tracking-tags	Cordless tool tracking tags attach to power tools, ladders, carts, and other equipment to manage inventories, prevent loss, and save time finding tools.
cordless-tool-jobsite-fans	Cordless tool jobsite fans supply a personal, portable cooling source that runs on power tool batteries.
cordless-tool-batteries-power-accessories	Cordless tool batteries and power accessories keep tools powered and batteries charged.
cordless-tool-combination-kits	Combination kits include two or more cordless power tools plus accessories for performing different tasks.
cordless-tool-jobsite-radios-speakers	Cordless tool jobsite radios and speakers withstand rough conditions to provide work crews with music, entertainment, and news reports.
impact-wrenches-power-torque-wrenches-power-ratchets	Impact wrenches, power torque wrenches, and power ratchets use interchangeable sockets to turn nuts and bolts.
cordless-tool-lighting	Cordless tool lighting operates on power tool batteries to illuminate remote jobsites, emergency scenes, and other locations without access to wired power.
drills-drivers	Drills and drivers use interchangeable bits to make holes and turn fasteners.
grinders-cut-off-tools	Grinders and cut-off tools remove material and prepare surfaces for coating.
heat-guns-heat-blowers-hot-knives	Heat guns, heat blowers, and hot knives generate heat to melt, dry, soften, or cut through materials.
mud-mixers-concrete-vibrators	Mud mixers and concrete vibrators produce a thorough, cavity-free concrete mix that sets properly, forms a strong bond with rebar, and remains structurally sound.
power-planers-jointers-joiners	Power planers, jointers, and joiners flatten, shape, and slot wood workpieces to prepare them for assembly.
electrician-s-power-tools	Electrician's power tools install and connect wire and cable to set up and maintain electrical, data, and telecom systems.
plumbing-power-tools	Plumbing power tools restore flow in pipe and join or repair pipe to set up and maintain piping systems.
power-punching-tools	Power punching tools produce striking force for making holes or press fitting materials.
sanding-finishing-tools	Power sanders and finishing tools use abrasives that remove material and refine surfaces to prepare for coatings or create a final finish.
engravers-accessories	Engravers carve letters, numbers, and designs into surfaces to mark tools, equipment, and materials for ownership and inventory control.
power-saws-blades	Power saws use power saw blades to cut wood, metal, plastic, and other materials.
power-shears-nibblers	Power shears and nibblers make straight or curved cuts in sheet metal or other thin materials.
nail-guns-staple-guns-rivet-tools	Nail guns, staple guns, and rivet tools set fasteners to join or secure materials.
rebar-tying-tools-cutters-benders	Rebar tying tools, cutters, and benders fasten, size, and shape reinforcing bars ahead of concrete placement.
rotary-hammers-demolition-hammers-breaker-hammers	Rotary, demolition, and breaker hammers deliver high-impact power for drilling or chiseling concrete and masonry—producing more force and faster material removal than hammer drills.
routers-bits-wood-shapers	Routers, bits, and wood shapers remove material from wood workpieces to cut and shape them.
dust-collectors-extractors	Dust collectors and extractors capture airborne dust from cutting, drilling, grinding, and other material-removal tasks, reducing respiratory hazards and surface buildup.
power-tool-replacement-parts	Power tool replacement parts change out worn or broken components to restore tool function.
rotary-tools-oscillating-tools-cut-out-tools	Rotary, oscillating, and cut-out tools perform surface prep and finishing work on small areas and workpieces.
woodturning-lathes	Woodturning lathes shape wood and resin into cylindrical workpieces, such as spindles, dowels, and table legs.
railroad-power-tools	Railroad power tools are designed for use in the railroad industry.
measuring-layout-tools	Measuring and layout tools take dimensional, distance, and alignment readings for building, design, and maintenance tasks.
rail-track-gauges	Rail track gauges are precision measuring tools that ensure rail tracks are properly spaced and level.
tape-measures	Tape measures extend their blade for measuring and retract their blade for storage.
long-reeled-measuring-tapes	Long and reeled measuring tapes have an extra-long blade to take measurements that are beyond the capacity of standard tape measures.
adhesive-tape-measures	Adhesive tape measures stick to counters, workbenches, walls, machine frames and other smooth, flat surfaces where length measurements are frequently made.
oil-gauging-tapes	Oil gauging tapes insert their measuring blade into storage tanks to check liquid levels.
measuring-wheels-accessories	Measuring wheels roll along surfaces to take readings over long distances that are beyond the capacity of reeled tape measures and measuring ropes.
distance-meters-accessories	Distance meters aim a laser beam from one point to another to measure the length in between without the hassle of laying out measuring tape or rolling a measuring wheel.
rulers	Rulers provide a graduated scale to measure the length of small objects and surfaces.
levels-plumb-bobs	Levels and plumb bobs indicate whether surfaces are horizontally even (level) and vertically straight (plumb).
laser-levels	Laser levels project light beams to guide alignment, layout, leveling, and plumbing tasks across longer distances and with more repeatability than traditional levels.
squares-angle-finders	Squares and angle finders measure and transfer angles in building and layout applications.
length-measuring-machines	Length measuring machines are mechanical devices that measure the length of materials for manufacturing, production, retail, and field applications.
marking-tools	Marking tools add lines, symbols, and other marks to identify items, indicate status, and organize stock.
sockets-bits	Sockets and bits pair with drive tools to turn fasteners for installation and removal.
sockets-sets	Sockets grip fully around fastener heads for a secure hold during tightening and loosening.
bit-sockets-sets	Bit sockets and sets have a socket end that connects to a drive tool and a tip that slots into a screwhead drive for tightening and loosening fasteners.
socket-adapters-extensions-accessories	Socket adapters, extensions, and accessories convert sockets and drive tools to different drive sizes or shapes, increase their reach, or modify them for specific applications.
screwdriver-bits	Screwdriver bits pair with a driving tool and fit their tip into a screwhead drive to turn screws.
double-ended-driver-bits	Double-ended driver bits have a different tip size or style at each end so that a single bit can do double duty.
nutsetters-sets	Nutsetters and nutsetter sets pair with power tools and grip fastener heads by the flats to drive them faster and with more force (torque) than hand-driven tools.
bit-holders	Bit holders secure bits in the chuck of a power drill, power screwdriver, or other compatible power tool.
tool-storage	Tool storage products keep tools and supplies organized and ready for a job.
jobsite-boxes-cabinets	Jobsite boxes and cabinets provide ample space to gather and secure tools and equipment at worksites.
tool-cabinets-chests-carts	Tool cabinets, chests, and carts have ample room to store tools and supplies and keep them ready for use within facilities.
modular-tool-storage-systems	Modular tool storage systems consist of stackable, interlocking components for creating custom storage that can be reconfigured to meet various storage needs.
tool-backpacks-rolling-tool-bags	Tool backpacks and rolling tool bags are soft-sided with a large main compartment for ample storage space in a portable form.
tool-totes-wide-mouth-tool-bags	Tool totes and wide-mouth tool bags have a large center compartment that allows full access to select tools, parts, and supplies.
portable-tool-boxes-cases	Portable tool boxes and cases have a hard shell to protect their contents from damage, but they are light enough to carry or roll to the jobsite.
tool-pouches-holsters-sheaths	Tool pouches, holsters, and sheaths attach to belts or straps, adding storage space for tools, parts, and supplies.
tool-belts-aprons-suspenders-vests	Tool belts, aprons, suspenders, and vests allow workers to wear their tools.
flat-zippered-tool-bags	Flat zippered tool bags have a single pocket to store pencils, nuts, bolts, and other small tools and parts.
tool-organizers	Tool organizers sort and store tools on the job, in the workshop, or within larger tool storage units.
tool-storage-accessories	These accessories enhance the function of tool cabinets, boxes, and chests or keep them in good repair.
cordless-tool-battery-holders	Cordless tool and battery holders provide mounts for storing power tools and tool batteries.
tool-balancers-retractors-accessories	Tool balancers, retractors, and accessories position and secure pneumatic, electric, and hydraulic tools for assembly, fabrication, manufacturing, and packaging and shipping operations.
balancer-retractor-chains-cables-saddles	Chains, cables, and saddles prevent damage to balancers and retractors, reduce the risk of injuries to those working near them, or enhance their function to suit specific applications.
lanyards	Lanyards secure tools and materials directly to an individual working above the ground, keeping them within reach to enhance efficiency and prevent loss or injuries from dropped items.
welding	Welding and soldering are an integral part of manufacturing, construction, and pipeline maintenance that uses high heat to join two or more materials.
arc-welding	Arc welding uses an electrical arc to create strong joints on metal workpieces.
mig-welding	MIG (metal inert gas) welding uses consumable electrode wire to produce clean welds on workpieces in a wide range of thicknesses.
tig-welding	TIG welding creates clean, precise welds on a wide range of materials.
stick-welding	Stick welding uses consumable electrodes but does not require shielding gas, so it's more portable than MIG or TIG welding and can be done in windy outdoor areas
multiprocess-welders	Multiprocess welders are all-in-one power sources that can perform multiple welding applications, allowing operators to complete a variety of welding tasks without the time and expense of maintaining separate machines
engine-driven-welders-accessories	Engine-driven welders are portable standalone generators that provide power for stick, TIG, and MIG welding applications.
battery-powered-welders	Battery-powered welders are portable machines that can be used in remote locations where access to a mains power supply is limited.
welding-cobots	Welding cobots are semi-automated welding stations that connect to a welder.
welding-cable-connectors-cable-grounds	Welding cable, connectors, and cable grounds create a secure connection between welding equipment and a workpiece.
welder-remote-controls	Welder remote controls let operators adjust the output of a welding machine without moving away from the workpiece.
welder-covers	Welder covers slip over compatible welding machines when they're not in use.
welding-carts-running-gear	Welding carts and running gear are used to transport welding machines, gas cylinders, and other heavy equipment.
welding-coolant-systems-accessories	Welding coolant systems and accessories cool welding torches to extend their working life and improve weld quality.
welding-training-systems	Welding training systems consist of physical equipment that pairs with software to simulate a virtual welding environment.
filler-metals	Filler metals melt when heat is applied to provide material for joining or repairing metal workpieces in welding, brazing, and soldering applications.
stick-welding-electrodes	Stick welding electrodes have a metal core that melts and fuses with material from a workpiece to create a weld in SMAW (shielded metal arc welding) tasks.
welding-wire	Welding wire is fed through a welding gun to provide filler metal for creating joints on metal parts in MIG (metal inert gas) welding tasks.
tig-welding-rods	TIG (tungsten inert gas) rods provide filler metal for welding metal workpieces in GTAW (gas tungsten arc welding) tasks.
brazing-soldering-filler-metals	Brazing and soldering use heat and filler metals to join parts made from similar and dissimilar metals.
gas-welding-rods	These rods provide filler material for gas welding, which uses an oxygen and fuel gas mixture to create a high-heat flame at the tip of a gas welding torch.
gas-equipment	Oxy-fuel equipment mixes fuel gases such as acetylene, propane, propylene, or natural gas with a dedicated oxygen supply for high-temperature cutting, heating, and welding of ferrous metals.
oxy-fuel-equipment	Oxy-fuel equipment uses fuel gases like acetylene, propylene, and propane mixed with oxygen to create a hotter flame.
map-pro-propane-equipment	MAP-Pro and propane torches connect to handheld cylinders for brazing, soldering, and heating applications or to larger cylinders for brush burning, roofing, asphalt, and other outdoor applications.
air-acetylene-equipment	Air-acetylene torch kits mix acetylene with atmospheric air, with no additional oxygen tank required, and attain a target heat of around 2700 °F.
butane-torches-lighters	Torches and lighters use butane fuel, which is safe, non-toxic, and clean burning.
gas-regulators-flowmeters	Gas regulators control the pressure of gas.
gas-cylinders-accessories	Gas cylinders and canisters are used to safely store, transport, and dispense compressed gases.
flint-lighters	Flint lighters create a spark used to ignite a torch.
laser-welding	Laser welding uses a focused, high-energy beam of light to join metals or thermoplastics for applications requiring high precision.
laser-welders	Laser welders are precision tools that use a high-intensity beam of light to melt and fuse a part or workpiece.
plasma-cutting	Plasma cutting is a process where ionized compressed gas is used to make precise cuts in conductive materials.
plasma-cutters	Plasma cutters are used with plasma torches to make precise cuts in metal workpieces and conductive materials.
plasma-torch-consumables	Plasma torch consumables attach to compatible plasma torches to focus, shape, and control the stream of plasma that flows through the torches in plasma cutting tasks.
plasma-torches	Plasma torches connect to compatible plasma cutters to make precise cuts or gouges in metals such as steel, stainless steel, and aluminum.
plasma-cutting-guides	Cutting guides attach to compatible plasma torches to maximize precision and speed during plasma cutting tasks.
plasma-torch-adapter-kits	Plasma torch adapter kits include fittings for connecting plasma torches to plasma cutters that typically would not be compatible with the torches.
plasma-cutter-air-filters	Air filters install into plasma cutters to remove moisture and other impurities from the compressed air that goes into the cutters.
cnc-plasma-cutting-tables	CNC plasma cutting tables are used for making intricate and complex cuts in fabrication shops and other large-scale industrial applications.
soldering	Soldering is the process of forming a joint between two surfaces by heating a filler material (also known as solder wire or solder) at 840°F or lower until it flows between two surfaces and then cools to form a bond.
soldering-irons-accessories	Soldering irons are hand tools used to melt solder to flow into joints and bond workpieces together.
soldering-stations-accessories	Soldering and desoldering stations are benchtop machines that allow users to control and adjust the heat setting of soldering and desoldering irons.
desoldering-equipment	Desoldering equipment helps remove solder from workpieces.
soldering-desoldering-tip-cleaners	These cleaners remove flux residue from soldering and desoldering tips.
solder-pots	These pots keep molten solder at a consistent temperature for tinning wire leads, soldering iron tips, or small electrical components.
soldering-iron-testers-thermometers	Soldering iron testers and thermometers measure tip temperature, leak voltage, and iron temperature.
soldering-workholders-positioners	Soldering work holders and positioners aid users in soldering and desoldering applications by holding workpieces in place.
conformal-coatings-removers	Conformal coatings and removers are protective resins that conform to the small parts of printed circuit boards (PCBs) to shield them from environmental conditions.
air-carbon-arc-cutting-gouging	Air carbon arc (CAC-A) cutting and gouging removes layers of material from a metal workpiece without damaging the underlying material.
air-carbon-arc-cutting-gouging-electrodes	Air carbon arc (CAC-A) electrodes are made from a mixture of graphite and carbon.
air-carbon-arc-cutting-gouging-torch-parts-accessories	These parts and accessories are used to maintain and operate compatible air carbon arc torches.
plastic-welding	Plastic welding is commonly used for manufacturing or repairing plastic parts.
plastic-welding-rods	Plastic welding rods supply filler material for joining or repairing parts in plastic welding applications.
plastic-welding-tips	These tips attach to compatible plastic welders to focus and direct hot air to plastic workpieces in plastic welding tasks.
plastic-welders	Plastic welders connect to plastic welding tips.
spot-welding	Spot welding joins thinner materials such as sheet metal and wire mesh, and it is less likely to damage these materials than arc welding or soldering.
spot-welding-tips	Spot welding tips install onto compatible spot welding tongs, and the tongs clamp onto a workpiece to hold a joint together and provide pressure for the spot welding process.
spot-welding-tongs	Spot welding tongs clamp onto a workpiece to hold a joint together and provide pressure for the spot welding process.
stud-welding	Stud welding permanently joins a threaded fastener (also known as a weld stud) to one side of a workpiece while leaving the other side unmarred.
weld-studs	Weld studs are threaded fasteners that take less time to install than fasteners that require drilling, tapping, punching, or screwing.
stud-welding-collets-chucks	Stud welding collets and chucks securely hold weld studs on a stud welding gun and transfer current and pressure to the studs during welding.
stud-welding-stop-pins	Stud welding stop pins prevent weld studs from penetrating too far into the workpiece in CD (capacitor discharge) stud welding applications.
stud-welding-ferrule-grips	Ferrule grips hold ceramic ferrules on drawn arc weld studs to secure them in place on compatible welding guns during the drawn arc welding process.
stud-welders	Stud welders connect to compatible stud welding guns and supply current to weld studs held in the guns.
welding-soldering-area-protection	Welding and soldering activities create sparks, spatter, and ultraviolet light that can damage surrounding equipment or pose a risk to others.
welding-blankets	Welding blankets drape over workbenches, equipment, floors, and other surfaces to protect against damage caused by exposure to nearby welding heat, sparks, spatter, and sometimes slag.
welding-blanket-rolls	Welding blanket rolls are long lengths of cloth that can be cut to length to customize blanket length or width.
welding-curtains	Welding curtains separate workspaces to protect passersby from sparks and ambient UV light produced during welding operations.
welding-screens	Welding screens form a barrier between a welding activity and nearby areas.
welding-screen-curtain-accessories	Welding curtain and screen accessories keep screens, frames, and curtains in good working order.
welding-booths	Welding booths have four sides to fully enclose a welding area to protect surrounding areas and passersby from sparks, spatter, and some ultraviolet (UV) light.
welding-umbrellas	Welding umbrellas provide shade when working in direct sunlight.
insulated-welding-pads	Welding pads protect surfaces from direct contact with sparks and high heat.
pipeline-cooling-wraps	Pipeline cooling wraps drape over newly created welds to allow them to cool more slowly and help prevent the weld from cracking.
welding-soldering-fume-extraction	Fume extraction and filtering removes harmful vapors, gasses, and particulates created during welding and soldering applications.
fume-extractors	Fume extractors filter and remove from the air harmful gases, vapors, and fine particulates created during welding operations.
fume-extractor-filters	Welding and soldering fume extractor filters trap and remove harmful vapors, gasses, and particulates created during welding and soldering operations.
fume-extractor-hoses-nozzles	Hoses and nozzles for welding and soldering fume extractors move contaminated air to the fume extractor for filtering or removal to an outside space.
fume-extractor-exhauster-arms	Arms for welding-fume extractors and exhausters are positioned close to the weld point to effectively draw fumes out of the air.
weld-fixturing-marking-preparation	Weld fixturing, marking, and preparation tools enhance welding operations to speed work and improve weld quality.
welding-tables-accessories	Welding tables hold workpieces for metal fabrication and repair.
welding-magnets	Welding magnets hold workpieces in place during welding tasks.
pipe-welding-layout-preparation-tools	Pipe welding layout and preparation tools help ensure accurate and repeatable welds.
rotary-welding-positioners	Rotary welding positioners slowly turn a part at a consistent speed to increase productivity, reduce fatigue, and allow welders to create a high-quality weld.
electrochemical-marking-etching-tools	Electrochemical marking and etching tools make permanent marks on metal.
weld-through-primer	Weld-through primer prevents rust and corrosion from forming on welded parts.
ceramic-weld-backing	Ceramic weld backing is applied to the backside of metal parts to bridge large gaps between them, ensure a clean root pass and smooth back bead, and provide precise alignment during welding.
weld-testing-inspection	Weld testing and inspection verifies weld quality and ensures weldments are correctly prepared for welding.
dye-penetrant-testing	Dye penetrant testing is a type of nondestructive testing (NDT) that reveals weld surface breaks, pits, and cracks by applying a liquid penetrant and developer.
magnetic-particle-testing	Magnetic particle testing checks for flaws in welds on magnetic metals.
weld-inspection-gauges	Weld inspection gauges guide weld set up and measure finished welds to ensure they conform to standards.
welding-temperature-indicators	These indicators melt at a set point to indicate that the workpiece has reached a workable temperature.
weld-cleaning	Weld cleaning tools remove contaminants and restore metal surfaces.
weld-cleaning-systems	Weld cleaning systems remove heat tint from aluminum and stainless steel to passivate surfaces and restore corrosion resistance without affecting the surface finish.
weld-cleaning-system-accessories	Weld cleaning system accessories work with electrolytic weld cleaning systems to remove contaminants after welding stainless steel and aluminum.
welding-torch-tip-nozzle-cleaning-tools	Welding torch tip and nozzle cleaning tools remove spatter to extend tool life and improve gas flow and arc quality, which improves weld quality.
