abrasives	Abrasives
sanding-abrasives	Sanding Abrasives
sanding-discs	Sanding Discs
sanding-belts	Sanding Belts
hand-sanding-pads-sponges-steel-wool	Hand Sanding Pads, Sponges & Steel Wool
sandpaper-sheets	Sandpaper Sheets
sanding-rolls	Sanding Rolls
flap-wheels	Flap Wheels
surface-conditioning-wheels	Surface-Conditioning Wheels
cartridge-rolls	Cartridge Rolls
spiral-bands	Spiral Bands
specialty-abrasives	Specialty Abrasives
abrasive-cord	Abrasive Cord
cut-off-grinding-abrasives	Cut-Off & Grinding Abrasives
cut-off-wheels	Cut-Off Wheels
grinding-wheels	Grinding Wheels
combination-cut-off-grinding-wheels	Combination Cut-Off & Grinding Wheels
grinding-cones-plugs	Grinding Cones & Plugs
rubbing-bricks	Rubbing Bricks
surface-grinding-segments	Surface Grinding Segments
dressing-truing-tools	Dressing & Truing Tools
abrasive-brushes	Abrasive Brushes
wire-wheel-brushes	Wire Wheel Brushes
cup-brushes	Cup Brushes
end-brushes	End Brushes
wire-brush-kits	Wire Brush Kits
disc-brushes	Disc Brushes
power-tube-brushes	Power Tube Brushes
honing-brushes	Honing Brushes
abrasive-blasting	Abrasive Blasting
abrasive-blasting-media	Abrasive Blasting Media
blasting-cabinets	Blasting Cabinets
blasting-cabinet-parts-accessories	Blasting Cabinet Parts & Accessories
portable-abrasive-blasters	Portable Abrasive Blasters
blasting-guns-nozzles	Blasting Guns & Nozzles
abrasive-blasting-dust-collectors-accessories	Abrasive Blasting Dust Collectors & Accessories
abrasive-blasting-hoods	Abrasive Blasting Hoods
deburring	Deburring
carbide-burs	Carbide Burs
mounted-points-kits	Mounted Points & Kits
hand-deburring-tools-blades	Hand Deburring Tools & Blades
sharpening	Sharpening
sharpening-stones	Sharpening Stones
abrasive-sharpening-files	Abrasive Sharpening Files
sharpening-machines	Sharpening Machines
hand-sharpening-tools	Hand Sharpening Tools
buffing-polishing	Buffing & Polishing
buffing-wheels	Buffing Wheels
buffing-polishing-compounds	Buffing & Polishing Compounds
buffing-polishing-kits	Buffing & Polishing Kits
lapping-compounds	Lapping Compounds
diamond-polishing-pads	Diamond Polishing Pads
felt-bobs	Felt Bobs
vibratory-tumbling-finishing	Vibratory Tumbling & Finishing
tumbling-media	Tumbling Media
tumbling-media-finishing-compounds	Tumbling Media Finishing Compounds
vibratory-tumblers	Vibratory Tumblers
vibratory-tumbler-bowls-lids	Vibratory Tumbler Bowls & Lids
vibratory-tumbler-replacement-parts	Vibratory Tumbler Replacement Parts
manual-separating-screens	Manual Separating Screens
abrasive-accessories	Abrasive Accessories
backing-pads-fasteners	Backing Pads & Fasteners
mandrels-arbors-adapters-for-abrasives	Mandrels, Arbors & Adapters for Abrasives
expanding-drums-wheels	Expanding Drums & Wheels
sanding-blocks	Sanding Blocks
adhesives-sealants-and-tape	Adhesives, Sealants and Tape
adhesives-glues	Adhesives & Glues
load-bearing-structural-adhesives	Load-Bearing Structural Adhesives
construction-adhesives	Construction Adhesives
spray-adhesives	Spray Adhesives
contact-adhesives	Contact Adhesives
instant-adhesives	Instant Adhesives
hot-melt-adhesives	Hot Melt Adhesives
wood-glues	Wood Glues
general-purpose-glues	General Purpose Glues
shoe-fabric-repair-glues	Shoe & Fabric Repair Glues
hybrid-adhesive-sealants	Hybrid Adhesive Sealants
adhesive-sealant-surface-preparation	Adhesive & Sealant Surface Preparation
caulks-sealants-gasket-makers	Caulks, Sealants & Gasket Makers
caulks-sealants	Caulks & Sealants
spray-foam-sealants	Spray Foam Sealants
gasket-sealants-makers	Gasket Sealants & Makers
pipe-sealants	Pipe Sealants
valve-sealants	Valve Sealants
threadlockers-retaining-compounds	Threadlockers & Retaining Compounds
threadlockers-for-metals	Threadlockers for Metals
threadlockers-for-plastics	Threadlockers for Plastics
reusable-threadlockers-for-metals-plastics	Reusable Threadlockers for Metals & Plastics
retaining-compounds-for-metals	Retaining Compounds for Metals
potting-compounds-protective-coatings	Potting Compounds & Protective Coatings
concrete-asphalt-repair	Concrete & Asphalt Repair
cold-patch-for-pothole-repair	Cold Patch for Pothole Repair
patching-compounds-for-concrete-asphalt-repair	Patching Compounds for Concrete & Asphalt Repair
joint-sealants-crack-fillers-for-concrete-asphalt-repair	Joint Sealants & Crack Fillers for Concrete & Asphalt Repair
cleaners-sealcoatings-for-concrete-asphalt	Cleaners & Sealcoatings for Concrete & Asphalt
concrete-mix-cement	Concrete Mix & Cement
mortar-grout-joint-sand	Mortar, Grout & Joint Sand
patching-repairing-compounds	Patching & Repairing Compounds
repair-putties	Repair Putties
wall-repair-patching	Wall Repair Patching
wood-fillers-hardeners	Wood Fillers & Hardeners
surface-repair-patches-fillers	Surface Repair Patches & Fillers
adhesive-sealant-dispensing-equipment	Adhesive & Sealant Dispensing Equipment
caulk-gun-applicators-accessories	Caulk Gun Applicators & Accessories
two-part-applicators-nozzles	Two-Part Applicators & Nozzles
spray-applicators	Spray Applicators
hot-melt-applicators	Hot Melt Applicators
dispensing-syringes-bottles-tips	Dispensing Syringes, Bottles & Tips
tape	Tape
sealing-repair-tape	Sealing & Repair Tape
masking-tape-painter-s-tape-dispensers	Masking Tape, Painter's Tape & Dispensers
electrical-tape	Electrical Tape
mounting-bonding-tape-dispensers	Mounting & Bonding Tape & Dispensers
adhesive-transfer-tape-dispensers	Adhesive Transfer Tape & Dispensers
surface-protection-tape	Surface Protection Tape
specialty-application-tape	Specialty Application Tape
residue-free-gaffer-s-tape	Residue-Free Gaffer's Tape
cleaning-and-janitorial	Cleaning and Janitorial
waste-recycling-trash-supplies	Waste, Recycling & Trash Supplies
trash-bags	Trash Bags
trash-recycling-containers	Trash & Recycling Containers
prepaid-recycling-kits	Prepaid Recycling Kits
cigarette-disposal	Cigarette Disposal
pet-waste-disposal	Pet Waste Disposal
sanitary-napkin-disposal	Sanitary Napkin Disposal
trash-pickers-grabbers	Trash Pickers & Grabbers
trash-compactors-balers-can-crushers	Trash Compactors, Balers & Can Crushers
paper-products-dispensers	Paper Products & Dispensers
paper-towels-dispensers	Paper Towels & Dispensers
bathroom-tissue-dispensers	Bathroom Tissue & Dispensers
facial-tissues-dispensers	Facial Tissues & Dispensers
toilet-seat-covers-dispensers	Toilet Seat Covers & Dispensers
door-handle-tissues-dispensers	Door Handle Tissues & Dispensers
hand-personal-care	Hand & Personal Care
hand-soap-cleaners-dispensers	Hand Soap, Cleaners & Dispensers
hand-cleaning-wipes	Hand Cleaning Wipes
hand-sanitizer-dispensers	Hand Sanitizer & Dispensers
hand-body-lotion	Hand & Body Lotion
facial-body-hair-care	Facial, Body & Hair Care
hand-dryers	Hand Dryers
sanitary-napkins-tampons-dispensers	Sanitary Napkins, Tampons & Dispensers
oral-care	Oral Care
cleaning-chemicals	Cleaning Chemicals
surface-disinfectants-sanitizers	Surface Disinfectants & Sanitizers
degreasers	Degreasers
cleaners	Cleaners
dilution-control-systems	Dilution Control Systems
dishwashing	Dishwashing
floor-care-chemicals	Floor Care Chemicals
laundry	Laundry
drain-cleaners-openers	Drain Cleaners & Openers
calcium-lime-rust-removers	Calcium, Lime & Rust Removers
adhesive-removers	Adhesive Removers
carpet-upholstery-cleaners	Carpet & Upholstery Cleaners
portable-toilet-odor-eliminators	Portable Toilet Odor Eliminators
mold-mildew-removers	Mold & Mildew Removers
moisture-absorbers	Moisture Absorbers
graffiti-removers	Graffiti Removers
water-repellent-fabric-protectors	Water-Repellent Fabric Protectors
pool-chemicals	Pool Chemicals
odor-control-chemicals-supplies	Odor Control Chemicals & Supplies
air-fresheners-odor-eliminators	Air Fresheners & Odor Eliminators
air-freshener-systems	Air Freshener Systems
toilet-urinal-mats	Toilet & Urinal Mats
urinal-cakes-urinal-screens-toilet-rim-hangers	Urinal Cakes, Urinal Screens & Toilet Rim Hangers
floor-cleaning-machines	Floor Cleaning Machines
vacuum-cleaners	Vacuum Cleaners
floor-scrubbers	Floor Scrubbers
burnishers-polishers	Burnishers & Polishers
pads-brushes	Pads & Brushes
carpet-floor-sweepers	Carpet & Floor Sweepers
carpet-cleaners	Carpet Cleaners
multi-surface-cleaning-machines	Multi-Surface Cleaning Machines
steam-cleaners	Steam Cleaners
gum-cleaning-machines	Gum Cleaning Machines
dry-wipes-rags-towels	Dry Wipes, Rags & Towels
dry-wipes	Dry Wipes
shop-towels-rags	Shop Towels & Rags
microfiber-cloths	Microfiber Cloths
controlled-environment-wipes	Controlled Environment Wipes
add-your-own-solution-bucket-system	Add-Your-Own Solution Bucket System
personal-care-dry-wipes	Personal-Care Dry Wipes
dry-wipe-dispensers	Dry Wipe Dispensers
mops-brooms-brushes	Mops, Brooms & Brushes
brushes-brooms-dust-pans	Brushes, Brooms & Dust Pans
mops-floor-finish-applicators	Mops & Floor Finish Applicators
squeegees-window-cleaning	Squeegees & Window Cleaning
dusters	Dusters
buckets-spray-bottles	Buckets & Spray Bottles
cleaning-buckets	Cleaning Buckets
spray-bottles-trigger-sprayers	Spray Bottles & Trigger Sprayers
cleaning-dispenser-containers-accessories	Cleaning Dispenser Containers & Accessories
electrostatic-sprayers	Electrostatic Sprayers
sponges-scouring-pads	Sponges & Scouring Pads
cleaning-carts-caddies	Cleaning Carts & Caddies
cleaning-carts	Cleaning Carts
cleaning-supplies-holders	Cleaning Supplies Holders
plungers	Plungers
cleaning-janitorial-equipment-parts	Cleaning & Janitorial Equipment Parts
electrical	Electrical
wire-cable-cordsets	Wire, Cable & Cordsets
automotive-electric-vehicle-ev-wire-cable	Automotive & Electric Vehicle (EV) Wire & Cable
bonding-grounding-wire	Bonding & Grounding Wire
building-wire-cable	Building Wire & Cable
bus-drop-tray-cable	Bus Drop & Tray Cable
continuous-flexing-automation-robotics-cable	Continuous Flexing Automation & Robotics Cable
diesel-locomotive-dlo-cable	Diesel Locomotive (DLO) Cable
direct-burial-submersible-wire-cable	Direct Burial & Submersible Wire & Cable
fire-alarm-cables	Fire Alarm Cables
flat-cable	Flat Cable
hvac-control-wire-cable	HVAC Control Wire & Cable
industrial-power-communication-cordsets	Industrial Power & Communication Cordsets
machine-tool-specialty-wire	Machine Tool & Specialty Wire
portable-cord	Portable Cord
voice-data-cables-patch-cords	Voice & Data Cables & Patch Cords
communication-control-cables	Communication & Control Cables
computer-cables	Computer Cables
electrical-boxes-enclosures	Electrical Boxes & Enclosures
electrical-boxes-covers	Electrical Boxes & Covers
electrical-enclosures-accessories	Electrical Enclosures & Accessories
server-rack-enclosures-accessories	Server Rack Enclosures & Accessories
conduit-fittings-strut-channel-framing	Conduit, Fittings & Strut Channel Framing
conduit-fittings	Conduit & Fittings
beam-clamps-conduit-pipe-cable-mounting-supports	Beam Clamps & Conduit, Pipe & Cable Mounting Supports
strut-channel-components	Strut Channel & Components
electrical-connectors-wiring-devices	Electrical Connectors & Wiring Devices
wire-connectors-terminals-lugs	Wire Connectors, Terminals & Lugs
plugs-receptacles-wiring-devices	Plugs, Receptacles & Wiring Devices
circular-connectors	Circular Connectors
rectangular-connectors	Rectangular Connectors
modular-industrial-power-battery-connectors	Modular Industrial Power & Battery Connectors
data-network-interface-connectors	Data & Network Interface Connectors
voice-data-connectors-jacks-housings	Voice & Data Connectors, Jacks & Housings
power-data-distribution-blocks	Power & Data Distribution Blocks
wire-cable-management	Wire & Cable Management
wireways	Wireways
cable-ladder-wire-mesh-trays	Cable Ladder & Wire Mesh Trays
surface-raceways-cable-concealers	Surface Raceways & Cable Concealers
wiring-ducts	Wiring Ducts
cable-hangers-clips-organizers	Cable Hangers, Clips & Organizers
cable-hose-carriers	Cable & Hose Carriers
corrugated-loom-tubing	Corrugated Loom Tubing
cable-sleeving-wraps	Cable Sleeving & Wraps
cable-ramps-cable-floor-covers	Cable Ramps & Cable Floor Covers
cable-ties-mounts	Cable Ties & Mounts
cable-grips-mesh-grips-safety-springs	Cable Grips, Mesh Grips & Safety Springs
heat-shrink-cold-shrink-tubing	Heat Shrink & Cold Shrink Tubing
cable-reels-for-teaching-pendants	Cable Reels for Teaching Pendants
power-strips-extension-cords-cord-reels	Power Strips, Extension Cords & Cord Reels
power-strips-surge-protectors-accessories	Power Strips, Surge Protectors & Accessories
extension-cords	Extension Cords
extension-cord-reels	Extension Cord Reels
extension-cords-with-outlet-boxes	Extension Cords with Outlet Boxes
gfci-elci-cords-plugs-panels	GFCI & ELCI Cords, Plugs & Panels
extension-cord-adapters	Extension Cord Adapters
power-cords	Power Cords
anti-restart-extension-cords	Anti-Restart Extension Cords
grounding-rods-braids-connectors	Grounding Rods, Braids & Connectors
grounding-braids	Grounding Braids
grounding-rods	Grounding Rods
pipe-rod-wire-grounding-clamps	Pipe, Rod & Wire Grounding Clamps
isolated-ground-bars	Isolated Ground Bars
grounding-strips-busbars-kits	Grounding Strips, Busbars & Kits
grounding-crimping-connectors	Grounding Crimping Connectors
fuses-circuit-breakers-safety-switches	Fuses, Circuit Breakers & Safety Switches
fuses-accessories	Fuses & Accessories
circuit-breakers-panelboards-load-centers	Circuit Breakers, Panelboards & Load Centers
safety-disconnect-switches	Safety & Disconnect Switches
solar-panels-accessories	Solar Panels & Accessories
solar-panels-kits	Solar Panels & Kits
solar-inverters	Solar Inverters
solar-charge-controllers	Solar Charge Controllers
solar-testers-meters	Solar Testers & Meters
pv-solar-wire	PV Solar Wire
solar-panel-accessories-tools	Solar Panel Accessories & Tools
temporary-power-distribution	Temporary Power Distribution
temporary-power-distribution-boxes-carts	Temporary Power Distribution Boxes & Carts
power-centers-portable-power-stations	Power Centers & Portable Power Stations
temporary-power-distribution-cords-accessories	Temporary Power Distribution Cords & Accessories
mobile-medical-equipment-power-inverters	Mobile Medical Equipment Power Inverters
industrial-controls-automation-and-machine-safety	Industrial Controls, Automation and Machine Safety
control-stations-control-pendants-tumbler-switches	Control Stations, Control Pendants & Tumbler Switches
operator-switches-pilot-lights	Operator Switches & Pilot Lights
limit-switches	Limit Switches
snap-action-switches	Snap-Action Switches
liquid-level-control-switches	Liquid-Level Control Switches
pressure-vacuum-switches	Pressure & Vacuum Switches
proximity-motion-vision-sensors	Proximity, Motion & Vision Sensors
machine-safety	Machine Safety
industrial-automation	Industrial Automation
relays	Relays
robotics	Robotics
tower-lights	Tower Lights
motor-controls	Motor Controls
contactors-overload-relays	Contactors & Overload Relays
motor-starters-combination-starters	Motor Starters & Combination Starters
motor-monitoring-management-systems	Motor Monitoring & Management Systems
drum-motor-switches	Drum & Motor Switches
motor-emc-suppressors	Motor EMC Suppressors
contactor-motor-starter-replacement-parts-accessories	Contactor & Motor Starter Replacement Parts & Accessories
transformers-ups-power-supplies	Transformers, UPS & Power Supplies
transformers-phase-converters	Transformers & Phase Converters
ups-ups-batteries	UPS & UPS Batteries
power-supplies	Power Supplies
power-conditioners	Power Conditioners
micro-data-center-systems	Micro Data Center Systems
electronics-batteries	Electronics & Batteries
batteries-battery-chargers	Batteries & Battery Chargers
battery-storage-organizers	Battery Storage & Organizers
disposable-batteries	Disposable Batteries
sump-pump-batteries-battery-acid	Sump Pump Batteries & Battery Acid
portable-device-chargers	Portable Device Chargers
rechargeable-batteries-chargers	Rechargeable Batteries & Chargers
sealed-lead-acid-lithium-batteries-chargers	Sealed Lead Acid & Lithium Batteries & Chargers
electronic-communication-equipment	Electronic Communication Equipment
video-equipment	Video Equipment
audio-equipment	Audio Equipment
audio-video-accessories	Audio-Video Accessories
antenna-and-satellite-dish-mounts-accessories	Antenna and Satellite Dish Mounts & Accessories
data-entry-devices-accessories	Data Entry Devices & Accessories
communications	Communications
message-display-sign-accessories	Message Display Sign Accessories
fasteners	Fasteners
bolts-screws	Bolts & Screws
hex-head-bolts	Hex Head Bolts
socket-drive-cap-screws	Socket Drive Cap Screws
drilling-tapping-screws	Drilling & Tapping Screws
machine-screws	Machine Screws
eye-bolts	Eye Bolts
u-bolts	U-Bolts
round-head-bolts	Round Head Bolts
shoulder-screws	Shoulder Screws
set-screws	Set Screws
hanger-bolts-dowel-screws	Hanger Bolts & Dowel Screws
binding-posts	Binding Posts
thumb-screws	Thumb Screws
captive-panel-screws	Captive Panel Screws
square-head-bolts	Square Head Bolts
bolt-screw-caps	Bolt & Screw Caps
nuts	Nuts
hex-nuts	Hex Nuts
lock-nuts	Lock Nuts
cap-nuts	Cap Nuts
coupling-nuts	Coupling Nuts
flange-nuts	Flange Nuts
square-nuts	Square Nuts
wing-nuts	Wing Nuts
thumb-nuts	Thumb Nuts
handle-nuts	Handle Nuts
eye-nuts	Eye Nuts
weld-nuts	Weld Nuts
clinch-nuts	Clinch Nuts
cage-nuts-spring-nuts	Cage Nuts & Spring Nuts
t-nuts-for-wood	T-Nuts for Wood
push-nuts-retainers	Push Nuts & Retainers
sealing-nuts	Sealing Nuts
socket-nuts	Socket Nuts
washers	Washers
flat-washers	Flat Washers
lock-washers	Lock Washers
sealing-cushioning-washers	Sealing & Cushioning Washers
insulator-washers	Insulator Washers
countersunk-washers	Countersunk Washers
spherical-washers	Spherical Washers
structural-washers	Structural Washers
ogee-washers	Ogee Washers
retaining-washers	Retaining Washers
threaded-rods-studs	Threaded Rods & Studs
fully-threaded-rods-studs	Fully-Threaded Rods & Studs
double-end-threaded-rods-studs	Double-End Threaded Rods & Studs
single-end-threaded-studs	Single-End Threaded Studs
mounted-studs	Mounted Studs
clinch-studs	Clinch Studs
anchors	Anchors
anchors-for-concrete-block-brick	Anchors for Concrete, Block, & Brick
anchors-for-drywall-plaster	Anchors for Drywall & Plaster
adhesive-anchors	Adhesive Anchors
rod-hangers	Rod Hangers
spring-anchors	Spring Anchors
threaded-inserts	Threaded Inserts
helical-inserts	Helical Inserts
self-locking-inserts	Self-Locking Inserts
key-locking-inserts	Key-Locking Inserts
rivet-nuts	Rivet Nuts
self-tapping-inserts	Self-Tapping Inserts
press-fit-inserts	Press-Fit Inserts
heat-set-inserts	Heat-Set Inserts
threaded-inserts-weld-nuts	Weld Nuts
threaded-inserts-t-nuts-for-wood	T-Nuts for Wood
threaded-inserts-socket-nuts	Socket Nuts
rivets	Rivets
blind-rivets	Blind Rivets
solid-rivets	Solid Rivets
tubular-rivets	Tubular Rivets
push-in-rivets	Push-In Rivets
drive-pin-rivets	Drive Pin Rivets
rivet-washers	Rivet Washers
lock-bolts-lock-bolt-collars	Lock Bolts & Lock Bolt Collars
nails-spikes	Nails & Spikes
nails	Nails
collated-nails	Collated Nails
spikes	Spikes
u-drive-screw-nails-for-masonry	U-Drive Screw Nails For Masonry
staples	Staples
spacers	Spacers
standard-spacers	Standard Spacers
retaining-spacers	Retaining Spacers
compression-limiters	Compression Limiters
standoffs	Standoffs
male-x-female-standoffs	Male x Female Standoffs
female-x-female-standoffs	Female x Female Standoffs
clinch-standoffs	Clinch Standoffs
panel-mount-standoffs	Panel-Mount Standoffs
thread-adapters	Thread Adapters
male-x-female-thread-adapters	Male x Female Thread Adapters
male-x-male-thread-adapters	Male x Male Thread Adapters
female-x-female-thread-adapters	Female x Female Thread Adapters
pins	Pins
dowel-pins	Dowel Pins
clevis-pins	Clevis Pins
cotter-pins	Cotter Pins
industrial-safety-pins	Industrial Safety Pins
grooved-pins	Grooved Pins
hitch-pins	Hitch Pins
spring-pins	Spring Pins
lynch-pins	Lynch Pins
taper-pins	Taper Pins
snap-buttons	Snap Buttons
quick-release-pins-receptacles	Quick-Release Pins & Receptacles
retaining-rings	Retaining Rings
external-retaining-rings	External Retaining Rings
internal-retaining-rings	Internal Retaining Rings
keys-key-stock	Keys & Key Stock
machine-keys	Machine Keys
key-stock	Key Stock
shims-shim-stock	Shims & Shim Stock
round-shims-arbor-shims	Round Shims & Arbor Shims
round-arbor-spacers	Round Arbor Spacers
slotted-shims	Slotted Shims
shim-stock	Shim Stock
wedge-shims	Wedge Shims
safety-lockwire	Safety Lockwire
fleet-vehicle-maintenance	Fleet & Vehicle Maintenance
garage-equipment	Garage Equipment
vehicle-lifting-support-equipment	Vehicle Lifting & Support Equipment
creepers-accessories	Creepers & Accessories
garage-dollies	Garage Dollies
tire-wheel-equipment	Tire & Wheel Equipment
oil-filter-crushers	Oil Filter Crushers
fuel-cans-tanks-caddies	Fuel Cans, Tanks & Caddies
vehicle-extended-reach-platforms	Vehicle Extended Reach Platforms
vehicle-key-tags	Vehicle Key Tags
vehicle-protection-covers	Vehicle Protection Covers
tire-brake-maintenance	Tire & Brake Maintenance
tire-repair	Tire Repair
tire-wheel-performance	Tire & Wheel Performance
tire-wheel-replacement	Tire & Wheel Replacement
brake-service	Brake Service
vehicle-tools	Vehicle Tools
vehicle-diagnostic-tools	Vehicle Diagnostic Tools
drivetrain-tools	Drivetrain Tools
vehicle-electrical-lighting-tools	Vehicle Electrical & Lighting Tools
vehicle-engine-tools	Vehicle Engine Tools
vehicle-exhaust-tools	Vehicle Exhaust Tools
vehicle-fuel-air-tools	Vehicle Fuel & Air Tools
general-fleet-shop-tools	General Fleet Shop Tools
vehicle-heating-cooling-tools	Vehicle Heating & Cooling Tools
vehicle-lubricant-tools	Vehicle Lubricant Tools
steering-suspension-tools	Steering & Suspension Tools
transmission-clutch-tools	Transmission & Clutch Tools
vehicle-windshield-tools	Vehicle Windshield Tools
wheel-brake-tools	Wheel & Brake Tools
vehicle-lubricants-fluids	Vehicle Lubricants & Fluids
antifreeze-coolants	Antifreeze & Coolants
brake-fluids	Brake Fluids
diesel-exhaust-fluids-def	Diesel Exhaust Fluids (DEF)
engine-motor-oils	Engine & Motor Oils
fuel-engine-oil-additives	Fuel & Engine Oil Additives
fuel-stabilizers-fogging-oils	Fuel Stabilizers & Fogging Oils
power-steering-fluids	Power Steering Fluids
starting-fluids	Starting Fluids
transmission-fluids-gear-oils	Transmission Fluids & Gear Oils
2-cycle-4-cycle-fuels	2-Cycle & 4-Cycle Fuels
vehicle-flushes	Vehicle Flushes
vehicle-grease-lubricants	Vehicle Grease & Lubricants
vehicle-uv-leak-detection-dyes-ac-oils-coolant-additives	Vehicle UV Leak Detection Dyes, AC Oils & Coolant Additives
vehicle-equipment-filters	Vehicle & Equipment Filters
engine-air-filters	Engine Air Filters
cabin-air-filters	Cabin Air Filters
crankcase-ventilation-ccv-filters	Crankcase Ventilation (CCV) Filters
vehicle-coolant-filters	Vehicle Coolant Filters
diesel-exhaust-fluid-def-filters	Diesel Exhaust Fluid (DEF) Filters
vehicle-fuel-filters	Vehicle Fuel Filters
vehicle-equipment-hydraulic-filters	Vehicle & Equipment Hydraulic Filters
oil-filters	Oil Filters
power-steering-filters	Power Steering Filters
transmission-filters	Transmission Filters
vehicle-filter-service-kits	Vehicle Filter Service Kits
vehicle-filter-parts-accessories	Vehicle Filter Parts & Accessories
vehicle-engine-radiator-exhaust-maintenance	Vehicle Engine, Radiator & Exhaust Maintenance
vehicle-engine-maintenance	Vehicle Engine Maintenance
vehicle-exhaust-maintenance	Vehicle Exhaust Maintenance
vehicle-a-c-radiator-maintenance	Vehicle A/C & Radiator Maintenance
vehicle-transmission-maintenance	Vehicle Transmission Maintenance
vehicle-electrical-battery-power-maintenance	Vehicle Electrical & Battery Power Maintenance
vehicle-battery-power-charging	Vehicle Battery Power & Charging
vehicle-equipment-spark-plugs	Vehicle & Equipment Spark Plugs
vehicle-wiring	Vehicle Wiring
vehicle-lighting	Vehicle Lighting
exterior-vehicle-lighting	Exterior Vehicle Lighting
interior-vehicle-lighting	Interior Vehicle Lighting
towing-trailer-equipment	Towing & Trailer Equipment
trailer-locking	Trailer Locking
towing-recovery	Towing & Recovery
vehicle-to-trailer-connection	Vehicle to Trailer Connection
trailer-lifting	Trailer Lifting
trailer-electrical-braking	Trailer Electrical & Braking
d-rings-lashing-rings	D-Rings & Lashing Rings
trailer-accessories	Trailer Accessories
vehicle-accessories	Vehicle Accessories
vehicle-backup-alarms-horns-sirens	Vehicle Backup Alarms, Horns & Sirens
vehicle-camera-systems	Vehicle Camera Systems
gps-units-accessories	GPS Units & Accessories
vehicle-storage	Vehicle Storage
vehicle-safety-accessories	Vehicle Safety Accessories
interior-vehicle-accessories	Interior Vehicle Accessories
exterior-vehicle-accessories	Exterior Vehicle Accessories
vehicle-inspection-documentation	Vehicle Inspection & Documentation
snow-plows-pushers-equipment	Snow Plows, Pushers & Equipment
vehicle-snow-brushes-brooms-ice-scrapers	Vehicle Snow Brushes, Brooms & Ice Scrapers
electro-hydraulic-third-function-kits-for-tractors	Electro-hydraulic Third Function Kits for Tractors
vehicle-cleaning-supplies	Vehicle Cleaning Supplies
brake-cleaners-degreasers	Brake Cleaners & Degreasers
vehicle-parts-cleaners-degreasers	Vehicle Parts Cleaners & Degreasers
parts-washer-equipment	Parts Washer Equipment
vehicle-interior-care-detailing	Vehicle Interior Care & Detailing
vehicle-exterior-care-detailing	Vehicle Exterior Care & Detailing
vehicle-cleaning-applicators-equipment	Vehicle Cleaning Applicators & Equipment
vehicle-windshield-maintenance	Vehicle Windshield Maintenance
vehicle-windshield-washer-fluids-parts	Vehicle Windshield Washer Fluids & Parts
windshield-wiper-blades-parts	Windshield Wiper Blades & Parts
auto-body-repair	Auto Body Repair
auto-body-sealants-fillers	Auto Body Sealants & Fillers
auto-body-tools	Auto Body Tools
auto-body-equipment	Auto Body Equipment
auto-body-tapes	Auto Body Tapes
auto-body-masking-machines	Auto Body Masking Machines
body-clips	Body Clips
door-hinge-pin-brushing-kits	Door Hinge Pin & Brushing Kits
fleet-vehicle-maintenance-replacement-parts	Fleet & Vehicle Maintenance Replacement Parts
fleet-vehicle-maintenance-parts	Fleet & Vehicle Maintenance Parts
food-service-food-processing	Food Service & Food Processing
refrigerators-freezers-blast-chillers	Refrigerators, Freezers & Blast Chillers
refrigerators	Refrigerators
combination-refrigerator-microwaves	Combination Refrigerator-Microwaves
commercial-refrigerators	Commercial Refrigerators
walk-in-refrigerators	Walk-in Refrigerators
walk-in-freezers	Walk-in Freezers
freezers	Freezers
commercial-freezers	Commercial Freezers
blast-chillers	Blast Chillers
refrigerated-merchandisers-display-cases	Refrigerated Merchandisers & Display Cases
kegerators	Kegerators
replacement-parts-for-refrigerators-freezers	Replacement Parts for Refrigerators & Freezers
ice-machines-accessories	Ice Machines & Accessories
ice-machines	Ice Machines
ice-bins	Ice Bins
manual-fill-ice-dispensers	Manual-Fill Ice Dispensers
ice-machine-cleaners-disinfectants	Ice Machine Cleaners & Disinfectants
ice-caddies-totes	Ice Caddies & Totes
ice-bags-picks-scoops-holders	Ice Bags, Picks, Scoops & Holders
ice-machine-pumps	Ice Machine Pumps
ice-machine-dispenser-replacement-parts	Ice Machine & Dispenser Replacement Parts
coffee-snacks-condiments	Coffee, Snacks & Condiments
coffee-tea-beverage-mixes	Coffee, Tea & Beverage Mixes
creamers-sweeteners	Creamers & Sweeteners
snack-foods	Snack Foods
juices-energy-drinks	Juices & Energy Drinks
condiments	Condiments
pet-treats	Pet Treats
breakroom-food-service-disposables	Breakroom & Food Service Disposables
disposable-drinking-cups-sleeves	Disposable Drinking Cups & Sleeves
disposable-lids-for-drinking-cups	Disposable Lids for Drinking Cups
disposable-plates	Disposable Plates
disposable-bowls	Disposable Bowls
disposable-napkins	Disposable Napkins
disposable-cutlery	Disposable Cutlery
dispensers-for-food-service-disposables	Dispensers for Food Service Disposables
disposable-carry-out-containers-lids	Disposable Carry-Out Containers & Lids
disposable-portion-dessert-cups	Disposable Portion & Dessert Cups
disposable-placemats-tray-table-covers	Disposable Placemats, Tray & Table Covers
disposable-food-wrap-dispensers-safety-labeling	Disposable Food Wrap, Dispensers & Safety Labeling
straws-toothpicks-stirrers	Straws, Toothpicks & Stirrers
disposable-coffee-filters	Disposable Coffee Filters
disposables-for-serving-heated-cart-systems	Disposables for Serving & Heated Cart Systems
food-service-towels	Food Service Towels
kitchen-equipment	Kitchen Equipment
kitchen-prepware-cutlery-cookware	Kitchen Prepware, Cutlery & Cookware
beverage-frozen-food-appliances	Beverage & Frozen Food Appliances
toasters	Toasters
ovens-microwaves	Ovens & Microwaves
fryers	Fryers
food-warming-display	Food Warming & Display
ranges-stoves	Ranges & Stoves
grills-griddles	Grills & Griddles
food-preparation-appliances	Food Preparation Appliances
steam-cooking	Steam Cooking
waterbath-cooking	Waterbath Cooking
warewashing-equipment	Warewashing Equipment
food-service-worktables-stations-storage	Food Service Worktables, Stations & Storage
food-kitchen-storage	Food & Kitchen Storage
food-service-worktables	Food Service Worktables
tableware-service-supplies	Tableware & Service Supplies
tableware	Tableware
buffet-service-serving-line-equipment	Buffet Service & Serving Line Equipment
bartending-supplies	Bartending Supplies
food-service-apparel	Food Service Apparel
food-service-transportation	Food Service Transportation
meal-delivery-service-equipment-for-institutions	Meal Delivery Service Equipment for Institutions
vending-kiosk-carts	Vending & Kiosk Carts
merchandising-carryout-shelving	Merchandising & Carryout Shelving
meal-service-bussing-transport	Meal Service & Bussing Transport
food-beverage-processing-supplies	Food & Beverage Processing Supplies
hygienic-shovels	Hygienic Shovels
hygienic-hand-bowl-scoops	Hygienic Hand & Bowl Scoops
hygienic-scrapers-hoes	Hygienic Scrapers & Hoes
hygienic-mixing-paddles	Hygienic Mixing Paddles
hygienic-rakes-forks	Hygienic Rakes & Forks
hygienic-dairy-pails	Hygienic Dairy Pails
food-processing-cutlery-shears	Food Processing Cutlery & Shears
beverage-regulators	Beverage Regulators
food-processing-brushes	Food Processing Brushes
large-food-processing-mixers	Large Food Processing Mixers
furnishings-hospitality-building-materials	Furnishings, Hospitality & Building Materials
furniture	Furniture
office-task-drafting-chairs-accessories	Office, Task & Drafting Chairs & Accessories
folding-chairs	Folding Chairs
stackable-chairs	Stackable Chairs
conference-tables	Conference Tables
seminar-training-tables	Seminar & Training Tables
folding-tables	Folding Tables
folding-table-chair-sets	Folding Table & Chair Sets
filing-storage-furniture	Filing & Storage Furniture
office-furniture-collections	Office Furniture Collections
office-desks-workstations	Office Desks & Workstations
office-pods	Office Pods
reception-lounge-furniture	Reception & Lounge Furniture
display-cases	Display Cases
utility-tables	Utility Tables
drafting-art-tables	Drafting & Art Tables
cafeteria-dining-breakroom-furniture	Cafeteria, Dining & Breakroom Furniture
classroom-furniture	Classroom Furniture
room-dividers	Room Dividers
media-furniture	Media Furniture
lecterns	Lecterns
stages	Stages
mail-literature-organizers-sorting-tables-risers	Mail & Literature Organizers, Sorting Tables & Risers
literature-displays	Literature Displays
mattresses-bed-frames-bases	Mattresses, Bed Frames & Bases
institutional-furniture	Institutional Furniture
furniture-glides-tips-repair-kits	Furniture Glides, Tips & Repair Kits
breakroom-counters-cabinets	Breakroom Counters & Cabinets
outdoor-furniture	Outdoor Furniture
picnic-tables	Picnic Tables
outdoor-benches	Outdoor Benches
bike-racks	Bike Racks
bleachers-stadium-chairs	Bleachers & Stadium Chairs
patio-umbrellas-bases	Patio Umbrellas & Bases
exterior-sun-shades	Exterior Sun Shades
patio-furniture	Patio Furniture
planters	Planters
awnings	Awnings
outdoor-dry-erase-boards	Outdoor Dry-Erase Boards
hospitality-supplies	Hospitality Supplies
housekeeping-supplies	Housekeeping Supplies
hospitality-uniforms	Hospitality Uniforms
bellman-carts	Bellman Carts
garment-racks-coat-racks-hooks	Garment Racks, Coat Racks & Hooks
shoe-racks	Shoe Racks
umbrella-stands-bags	Umbrella Stands & Bags
fitness-sports-recreation	Fitness, Sports & Recreation
exercise-equipment	Exercise Equipment
pool-spa-equipment	Pool & Spa Equipment
recreational-games	Recreational Games
team-sports-physical-education-equipment	Team Sports & Physical Education Equipment
playground-structures	Playground Structures
dog-park-equipment	Dog Park Equipment
furnishings-building-supplies	Furnishings & Building Supplies
ceiling-tiles-hanging-hardware	Ceiling Tiles & Hanging Hardware
window-treatments	Window Treatments
flooring-tiles-wall-bases	Flooring Tiles & Wall Bases
doors	Doors
noise-control-products	Noise Control Products
mobility-products	Mobility Products
wheelchair-ramps	Wheelchair Ramps
mobility-scooters	Mobility Scooters
hvac-and-refrigeration	HVAC and Refrigeration
air-filters	Air Filters
panel-and-pleated-air-filters	Panel and Pleated Air Filters
box-air-filters	Box Air Filters
bag-air-filters	Bag Air Filters
air-filters-pads-and-rolls	Air Filters Pads and Rolls
fan-shroud-air-filters	Fan Shroud Air Filters
air-filter-gasketing-holding-clips-pullers	Air Filter Gasketing, Holding Clips & Pullers
air-treatment	Air Treatment
air-purifiers-cleaners	Air Purifiers & Cleaners
air-scrubbers-negative-air-machines	Air Scrubbers & Negative Air Machines
dehumidifiers	Dehumidifiers
humidifiers	Humidifiers
cooling-fans	Cooling Fans
industrial-cooling-fans	Industrial Cooling Fans
office-desk-fans	Office & Desk Fans
equipment-cooling-axial-fans	Equipment-Cooling & Axial Fans
portable-air-movers	Portable Air Movers
ventilation-equipment	Ventilation Equipment
ventilation-fans	Ventilation Fans
blowers-air-movers	Blowers & Air Movers
draft-inducers-combustion-air-systems	Draft Inducers & Combustion Air Systems
energy-heat-recovery-ventilators	Energy- & Heat-Recovery Ventilators
air-curtains	Air Curtains
duct-venting	Duct & Venting
dampers-louvers	Dampers & Louvers
plenum-plenum-components	Plenum & Plenum Components
air-conditioners-evaporative-coolers	Air Conditioners & Evaporative Coolers
air-conditioners	Air Conditioners
evaporative-coolers	Evaporative Coolers
central-equipment	Central Equipment
whole-house-gas-furnaces	Whole-House Gas Furnaces
air-handlers	Air Handlers
evaporator-coils-for-air-conditioners	Evaporator Coils for Air Conditioners
replacement-compressors-condensing-units	Replacement Compressors & Condensing Units
heaters	Heaters
electric-heaters	Electric Heaters
spa-hot-tub-heaters	Spa & Hot Tub Heaters
electric-process-heaters	Electric Process Heaters
gas-oil-kerosene-heaters	Gas, Oil & Kerosene Heaters
hydronic-boilers-heaters	Hydronic Boilers & Heaters
heat-exchangers	Heat Exchangers
shell-tube-heat-exchangers	Shell & Tube Heat Exchangers
high-efficiency-plate-heat-exchangers	High-Efficiency Plate Heat Exchangers
immersion-heat-exchangers	Immersion Heat Exchangers
heat-exchanger-replacement-parts	Heat Exchanger Replacement Parts
hvac-controls-and-thermostats	HVAC Controls and Thermostats
thermostats	Thermostats
hvac-sensors-switches	HVAC Sensors & Switches
hvac-hydronic-valves	HVAC Hydronic Valves
steam-system-traps-vents	Steam System Traps & Vents
hvac-equipment-controls-components	HVAC Equipment Controls & Components
actuators-for-hvac-dampers-valves	Actuators for HVAC Dampers & Valves
pneumatic-controls	Pneumatic Controls
refrigerants-heat-transfer-fluids-lubricants	Refrigerants, Heat-Transfer Fluids & Lubricants
refrigerants	Refrigerants
heat-transfer-fluids	Heat-Transfer Fluids
glycol-testing	Glycol Testing
refrigeration-oils	Refrigeration Oils
pumps-for-refrigeration-oils	Pumps for Refrigeration Oils
heaters-for-refrigerant-cylinders	Heaters for Refrigerant Cylinders
hvac-diagnostics-recovery-evacuation	HVAC Diagnostics, Recovery & Evacuation
refrigerant-evacuation-recovery	Refrigerant Evacuation & Recovery
hvac-manifold-gauge-sets-gauges-hoses	HVAC Manifold Gauge Sets, Gauges & Hoses
refrigeration-access-valves-tools-accessories	Refrigeration Access Valves, Tools & Accessories
hvacr-leak-detection	HVACR Leak Detection
hvac-cleaning-chemicals-equipment-kits	HVAC Cleaning Chemicals, Equipment & Kits
coil-cleaning-chemicals-sprayers	Coil Cleaning Chemicals & Sprayers
descaling-chemicals	Descaling Chemicals
descaling-systems	Descaling Systems
ultraviolet-disinfection-cleaning-systems	Ultraviolet Disinfection Cleaning Systems
hvac-brushes-combs	HVAC Brushes & Combs
heat-exchanger-cleaning-equipment	Heat Exchanger Cleaning Equipment
disinfectants-odor-neutralizers	Disinfectants & Odor Neutralizers
flushing-equipment-accessories	Flushing Equipment & Accessories
heating-fuel-treatments	Heating Fuel Treatments
hvac-installation-repair-mounting-equipment	HVAC Installation, Repair, & Mounting Equipment
refrigeration-valves	Refrigeration Valves
condensate-management	Condensate Management
hvac-tapes-sealants-cements	HVAC Tapes, Sealants & Cements
air-conditioning-installation-mounting-equipment	Air Conditioning Installation & Mounting Equipment
air-conditioning-theft-protection	Air Conditioning Theft Protection
filter-driers-sight-glasses-suction-line-accumulators	Filter Driers, Sight Glasses & Suction Line Accumulators
fan-blades-and-propellers	Fan Blades and Propellers
aluminum-fan-blades	Aluminum Fan Blades
condenser-fan-blades	Condenser Fan Blades
condenser-propeller-hubs	Condenser Propeller Hubs
plastic-fan-blades	Plastic Fan Blades
replacement-propellers	Replacement Propellers
tubeaxial-fan-blades	Tubeaxial Fan Blades
hvac-refrigeration-replacement-parts	HVAC & Refrigeration Replacement Parts
replacement-motor-accessories-for-hvacr-equipment	Replacement Motor Accessories for HVACR Equipment
bearings-bushings-sheaves-for-hvacr-equipment	Bearings, Bushings & Sheaves for HVACR Equipment
replacement-hvacr-controls-switches-thermostats	Replacement HVACR Controls, Switches & Thermostats
replacement-hvacr-fans-filters-ventilation-parts	Replacement HVACR Fans, Filters & Ventilation Parts
replacement-hvacr-pumps-valves-tubing	Replacement HVACR Pumps, Valves & Tubing
hvacr-bases-housings-mounting-kits	HVACR Bases, Housings & Mounting Kits
seals-fittings-fasteners-for-hvacr-equipment	Seals, Fittings & Fasteners for HVACR Equipment
replacement-parts-for-hvacr-heaters-heat-exchangers	Replacement Parts for HVACR Heaters & Heat Exchangers
power-sources-cables-for-hvacr-equipment	Power Sources & Cables for HVACR Equipment
knobs-handles-wheels-for-hvacr-equipment	Knobs, Handles & Wheels for HVACR Equipment
hardware	Hardware
wire-hangers-suspension-kits	Wire Hangers & Suspension Kits
door-hardware	Door Hardware
locksets-exit-devices	Locksets & Exit Devices
door-locks-strike-plates	Door Locks & Strike Plates
door-closers-operators	Door Closers & Operators
door-guards-sweeps-and-weatherstripping	Door Guards, Sweeps and Weatherstripping
door-stops-holders	Door Stops & Holders
door-thresholds	Door Thresholds
door-ramps	Door Ramps
door-knockers-viewers	Door Knockers & Viewers
sliding-door-hardware	Sliding Door Hardware
glass-door-hardware	Glass Door Hardware
screen-door-hardware	Screen Door Hardware
window-hardware	Window Hardware
door-window-replacement-screen	Door & Window Replacement Screen
rubber-locking-gaskets	Rubber Locking Gaskets
window-door-seals	Window & Door Seals
window-insulation-kits	Window Insulation Kits
window-locks-hardware	Window Locks & Hardware
window-security-bars	Window Security Bars
window-opening-control-devices	Window Opening Control Devices
handles-pulls-knobs	Handles, Pulls & Knobs
handles-pulls	Handles & Pulls
load-rated-pull-handles	Load-Rated Pull Handles
recessed-handles-pulls	Recessed Handles & Pulls
cabinet-knobs	Cabinet Knobs
closet-door-knobs	Closet Door Knobs
hand-knobs	Hand Knobs
hand-wheels	Hand Wheels
machine-handles	Machine Handles
drawer-slides	Drawer Slides
hinges	Hinges
butt-hinges	Butt Hinges
electrified-hinges	Electrified Hinges
piano-hinges	Piano Hinges
lift-off-hinges	Lift-Off Hinges
pivot-hinges	Pivot Hinges
spring-hinges	Spring Hinges
concealed-hinges	Concealed Hinges
specialty-hinges	Specialty Hinges
hasps-latches-and-catches	Hasps, Latches and Catches
hasps	Hasps
push-to-close-latches-catches	Push-to-Close Latches & Catches
cam-latches	Cam Latches
compression-latches	Compression Latches
draw-latches	Draw Latches
door-bolts-latches-chain-guards	Door Bolts, Latches & Chain Guards
hanging-door-latches-locks-hardware	Hanging Door Latches, Locks & Hardware
corner-guards-wall-protection-handrails	Corner Guards, Wall Protection & Handrails
corner-guards-edge-guards-bumpers	Corner Guards, Edge Guards & Bumpers
crash-rails-bumper-guards	Crash Rails & Bumper Guards
combined-handrail-wall-guards	Combined Handrail & Wall Guards
wall-mounted-handrails	Wall-Mounted Handrails
door-handle-wall-guards	Door Handle Wall Guards
protective-wall-panels-coverings	Protective Wall Panels & Coverings
wall-rub-rails-strips	Wall Rub Rails & Strips
wall-handrail-adhesives-sealers	Wall & Handrail Adhesives & Sealers
sealing-supplies	Sealing Supplies
o-rings-o-ring-kits	O-Rings & O-Ring Kits
rubber-edging	Rubber Edging
edge-protection-grommets	Edge Protection Grommets
rubber-edge-trim-seals	Rubber Edge Trim Seals
hole-plugs	Hole Plugs
nylon-bushings	Nylon Bushings
rubber-edging-seal-application-tools	Rubber Edging & Seal Application Tools
springs	Springs
compression-die-springs	Compression & Die Springs
extension-springs	Extension Springs
torsion-springs	Torsion Springs
disc-belleville-springs	Disc & Belleville Springs
constant-force-coil-springs	Constant Force Coil Springs
garter-springs	Garter Springs
gas-springs-shock-absorbers-accessories	Gas Springs, Shock Absorbers & Accessories
rotary-dampers	Rotary Dampers
tarps-tarp-accessories	Tarps & Tarp Accessories
tarps	Tarps
tarp-accessories	Tarp Accessories
tarp-replacement-grommets	Tarp Replacement Grommets
hooks-eye-pulleys-snap-hooks	Hooks, Eye Pulleys, & Snap Hooks
utility-hooks	Utility Hooks
snap-hooks-connectors	Snap Hooks & Connectors
s-hooks	S Hooks
eye-pulleys	Eye Pulleys
rope-guides	Rope Guides
vibration-control-leveling-mounts	Vibration Control & Leveling Mounts
surface-mount-vibration-damping-bumpers	Surface-Mount Vibration Damping Bumpers
hanger-mount-vibration-isolators	Hanger-Mount Vibration Isolators
floor-mount-vibration-isolators	Floor-Mount Vibration Isolators
vibration-isolating-pads	Vibration-Isolating Pads
vibration-isolating-mounts	Vibration Isolating Mounts
leveling-mounts	Leveling Mounts
anti-vibration-grip-wraps	Anti-Vibration Grip Wraps
magnets-magnetic-strips	Magnets & Magnetic Strips
ceramic-magnets	Ceramic Magnets
alnico-magnets	Alnico Magnets
rare-earth-magnets	Rare Earth Magnets
flexible-magnets	Flexible Magnets
braces-brackets	Braces & Brackets
shelf-closet-hardware	Shelf & Closet Hardware
braces-reinforcement-hardware	Braces & Reinforcement Hardware
handrail-brackets	Handrail Brackets
seismic-bracing-hardware	Seismic Bracing Hardware
structural-support-braces-replacement-hardware	Structural Support Braces & Replacement Hardware
hangers	Hangers
mirror-clips-hangers	Mirror Clips & Hangers
hook-loop-fasteners	Hook & Loop Fasteners
hook-loop-cut-to-length-bulk-rolls	Hook & Loop Cut-to-Length Bulk Rolls
hook-loop-pre-cut-pieces	Hook & Loop Pre-Cut Pieces
hook-loop-straps	Hook & Loop Straps
flooring-hardware	Flooring Hardware
protective-caps-plugs-netting	Protective Caps, Plugs & Netting
sealing-finishing-caps-plugs	Sealing & Finishing Caps & Plugs
thread-protection-caps-plugs	Thread-Protection Caps & Plugs
sheet-metal-button-plugs	Sheet Metal Button Plugs
expandable-sleeve-netting	Expandable Sleeve Netting
handle-grips	Handle Grips
corner-cover-caps	Corner Cover Caps
hydraulics	Hydraulics
hydraulic-accumulators	Hydraulic Accumulators
bladder-accumulators-accessories	Bladder Accumulators & Accessories
diaphragm-accumulators	Diaphragm Accumulators
hydraulic-accumulator-charging-gauging-kits	Hydraulic Accumulator Charging & Gauging Kits
piston-accumulators-accessories	Piston Accumulators & Accessories
hydraulic-cylinders-seals	Hydraulic Cylinders & Seals
compact-hydraulic-cylinders	Compact Hydraulic Cylinders
hydraulic-cylinder-mounts	Hydraulic Cylinder Mounts
hydraulic-cylinder-seals	Hydraulic Cylinder Seals
tie-rod-hydraulic-cylinders	Tie-Rod Hydraulic Cylinders
welded-hydraulic-cylinders	Welded Hydraulic Cylinders
telescopic-hydraulic-cylinders	Telescopic Hydraulic Cylinders
workholding-hydraulic-cylinders	Workholding Hydraulic Cylinders
snowplow-hydraulic-cylinders	Snowplow Hydraulic Cylinders
hydraulic-cylinder-stroke-controls	Hydraulic Cylinder Stroke Controls
hydraulic-equipment-replacement-parts	Hydraulic Equipment Replacement Parts
hydraulics-equipment-parts	Hydraulics Equipment Parts
hydraulic-filtration	Hydraulic Filtration
filtration-carts	Filtration Carts
handheld-filtration-units	Handheld Filtration Units
hydraulic-tank-filters	Hydraulic Tank Filters
in-line-hydraulic-filters	In-Line Hydraulic Filters
hydraulic-interchangeable-filter-elements	Hydraulic Interchangeable Filter Elements
hydraulic-oil-test-kits	Hydraulic Oil Test Kits
replacement-parts-for-hydraulic-filtration-systems	Replacement Parts for Hydraulic Filtration Systems
hydraulic-fittings	Hydraulic Fittings
hydraulic-flange-fittings	Hydraulic Flange Fittings
sight-plugs	Sight Plugs
hydraulic-tank-plugs	Hydraulic Tank Plugs
hydraulic-hose-crimping-machines-accessories	Hydraulic Hose Crimping Machines & Accessories
hydraulic-hose-crimping-machines	Hydraulic Hose Crimping Machines
dies-die-sets-for-hydraulic-hose-crimping-machines	Dies & Die Sets for Hydraulic Hose Crimping Machines
hydraulic-hose-crimper-die-racks	Hydraulic Hose Crimper Die Racks
accessories-for-hydraulic-hose-crimping-machines	Accessories for Hydraulic Hose Crimping Machines
hydraulic-motors-replacement-parts	Hydraulic Motors & Replacement Parts
hydraulic-motors	Hydraulic Motors
hydraulic-motor-replacement-parts	Hydraulic Motor Replacement Parts
hydraulic-oil-coolers	Hydraulic Oil Coolers
air-cooled-oil-coolers	Air-Cooled Oil Coolers
forced-air-oil-coolers	Forced Air Oil Coolers
off-line-forced-air-oil-coolers	Off-Line Forced Air Oil Coolers
hydraulic-tools	Hydraulic Tools
hydraulic-torque-wrenches	Hydraulic Torque Wrenches
hydraulic-cable-cutters	Hydraulic Cable Cutters
replacement-blades-heads-for-hydraulic-cable-cutters	Replacement Blades & Heads for Hydraulic Cable Cutters
hydraulic-cable-crimping-heads	Hydraulic Cable Crimping Heads
hydraulic-pipe-cutters-accessories	Hydraulic Pipe Cutters & Accessories
hydraulic-pipe-benders	Hydraulic Pipe Benders
hydraulic-impact-wrenches-nut-runners	Hydraulic Impact Wrenches & Nut Runners
hydraulic-impact-hammer-drills	Hydraulic Impact Hammer Drills
hydraulic-chain-saws-pruners	Hydraulic Chain Saws & Pruners
hydraulic-paving-breakers	Hydraulic Paving Breakers
hydraulic-sign-post-drivers	Hydraulic Sign Post Drivers
hydraulic-tampers	Hydraulic Tampers
hydraulic-valve-exercisers	Hydraulic Valve Exercisers
hydraulic-bar-cutters	Hydraulic Bar Cutters
hydraulic-bench-vises	Hydraulic Bench Vises
hydraulic-bolt-tensioners	Hydraulic Bolt Tensioners
hydraulic-magnetic-drills	Hydraulic Magnetic Drills
hydraulic-core-drills	Hydraulic Core Drills
hydraulic-reciprocating-saws	Hydraulic Reciprocating Saws
hydraulic-hacksaws	Hydraulic Hacksaws
hydraulic-rotary-hammers	Hydraulic Rotary Hammers
hydraulic-portable-bandsaws	Hydraulic Portable Bandsaws
hydraulic-pipe-cutting-kits	Hydraulic Pipe Cutting Kits
hydraulic-power-units	Hydraulic Power Units
ac-hydraulic-power-units	AC Hydraulic Power Units
dc-hydraulic-power-units	DC Hydraulic Power Units
gas-powered-hydraulic-power-units	Gas Powered Hydraulic Power Units
hydraulic-power-unit-replacement-parts-accessories	Hydraulic Power Unit Replacement Parts & Accessories
hydraulic-pumps	Hydraulic Pumps
electric-hydraulic-pump-units	Electric Hydraulic Pump Units
air-operated-hydraulic-pump-units	Air-Operated Hydraulic Pump Units
manual-hydraulic-pump-units	Manual Hydraulic Pump Units
hydraulic-gear-pumps	Hydraulic Gear Pumps
hydraulic-vane-pumps	Hydraulic Vane Pumps
hydraulic-piston-pumps	Hydraulic Piston Pumps
pto-driven-hydraulic-gear-pumps	PTO-Driven Hydraulic Gear Pumps
replacement-parts-for-hydraulic-pumps	Replacement Parts for Hydraulic Pumps
engine-driven-hydraulic-pump-units	Engine-Driven Hydraulic Pump Units
hydraulic-rams-tools	Hydraulic Rams & Tools
hydraulic-maintenance-sets	Hydraulic Maintenance Sets
hydraulic-nut-splitters	Hydraulic Nut Splitters
hydraulic-ram-accessories	Hydraulic Ram Accessories
hydraulic-ram-machine-lifts	Hydraulic Ram Machine Lifts
hydraulic-ram-pullers	Hydraulic Ram Pullers
hydraulic-rams	Hydraulic Rams
hydraulic-ram-spreaders	Hydraulic Ram Spreaders
hydraulic-post-tension-stressing-jacks	Hydraulic Post-Tension & Stressing Jacks
synchronized-hydraulic-lifting-systems	Synchronized Hydraulic Lifting Systems
hydraulic-tanks	Hydraulic Tanks
aluminum-hydraulic-tanks	Aluminum Hydraulic Tanks
hydraulic-tank-flanges	Hydraulic Tank Flanges
hydraulic-tank-isolators	Hydraulic Tank Isolators
pump-motor-mounts	Pump & Motor Mounts
steel-hydraulic-tanks	Steel Hydraulic Tanks
hydraulic-valves-flow-control	Hydraulic Valves & Flow Control
hydraulic-cartridge-valves	Hydraulic Cartridge Valves
hydraulic-flow-dividers	Hydraulic Flow Dividers
hydraulic-ball-valves	Hydraulic Ball Valves
hydraulic-check-valves	Hydraulic Check Valves
hydraulic-stack-valves	Hydraulic Stack Valves
hydraulic-manifold-valves	Hydraulic Manifold Valves
hydraulic-selector-valves	Hydraulic Selector Valves
hydraulic-manual-spool-monoblock-valves	Hydraulic Manual Spool Monoblock Valves
hydraulic-pressure-relief-valves	Hydraulic Pressure Relief Valves
hydraulic-pressure-control-valves	Hydraulic Pressure Control Valves
hydraulic-flow-control-valves	Hydraulic Flow Control Valves
hydraulic-tank-drain-valves-fittings	Hydraulic Tank Drain Valves & Fittings
lighting	Lighting
light-bulbs-lamps	Light Bulbs & Lamps
linear-light-bulbs-lamps	Linear Light Bulbs & Lamps
standard-decorative-light-bulbs-lamps	Standard & Decorative Light Bulbs & Lamps
spot-reflector-flood-light-bulbs-lamps	Spot, Reflector & Flood Light Bulbs & Lamps
high-output-hid-led-light-bulbs-lamps	High-Output HID & LED Light Bulbs & Lamps
miniature-light-bulbs-lamps	Miniature Light Bulbs & Lamps
plug-in-cfl-led-light-bulbs-lamps	Plug-In CFL & LED Light Bulbs & Lamps
u-bend-light-bulbs-lamps	U-Bend Light Bulbs & Lamps
circular-light-bulbs-lamps	Circular Light Bulbs & Lamps
light-bulb-lamp-accessories-changers	Light Bulb & Lamp Accessories & Changers
ballasts-drivers	Ballasts & Drivers
fluorescent-ballasts	Fluorescent Ballasts
hid-ballasts	HID Ballasts
led-drivers	LED Drivers
emergency-lighting-ballasts-drivers	Emergency Lighting Ballasts & Drivers
lighting-fixtures-retrofit-kits	Lighting Fixtures & Retrofit Kits
surface-mount-light-fixtures	Surface Mount Light Fixtures
panel-troffer-light-fixtures	Panel & Troffer Light Fixtures
bay-lights	Bay Lights
can-lights-downlights	Can Lights & Downlights
vapor-tight-light-fixtures	Vapor-Tight Light Fixtures
vandal-resistant-confinement-light-fixtures	Vandal-Resistant & Confinement Light Fixtures
hazardous-location-light-fixtures	Hazardous Location Light Fixtures
healthcare-light-fixtures	Healthcare Light Fixtures
disinfecting-sanitizing-uv-light-fixtures	Disinfecting & Sanitizing UV Light Fixtures
track-light-fixtures	Track Light Fixtures
under-cabinet-accent-lights	Under-Cabinet & Accent Lights
decorative-light-fixtures	Decorative Light Fixtures
rope-tape-lights	Rope & Tape Lights
grow-lights-for-indoor-plants	Grow Lights for Indoor Plants
night-lights	Night Lights
outdoor-lighting	Outdoor Lighting
wall-packs-decorative-wall-lights	Wall Packs & Decorative Wall Lights
floodlights	Floodlights
parking-garage-canopy-lights	Parking Garage & Canopy Lights
street-parking-lot-lights	Street & Parking Lot Lights
landscape-lights	Landscape Lights
security-lights	Security Lights
solar-lights	Solar Lights
outdoor-lampholders	Outdoor Lampholders
parks-recreation-lights	Parks & Recreation Lights
emergency-exit-lighting	Emergency & Exit Lighting
emergency-light-fixtures	Emergency Light Fixtures
remote-head-emergency-lights	Remote Head Emergency Lights
combination-exit-signs-emergency-lights	Combination Exit Signs & Emergency Lights
lighted-exit-signs	Lighted Exit Signs
self-luminous-exit-signs	Self-Luminous Exit Signs
led-exit-sign-retrofit-kits	LED Exit Sign Retrofit Kits
emergency-lighting-accessories-batteries	Emergency Lighting Accessories & Batteries
task-jobsite-lighting	Task & Jobsite Lighting
hand-lamps	Hand Lamps
jobsite-lights	Jobsite Lights
360-degree-jobsite-lights	360-Degree Jobsite Lights
remote-area-emergency-scene-lights	Remote Area & Emergency Scene Lights
hanging-string-lights	Hanging & String Lights
dock-lights-replacement-heads	Dock Lights & Replacement Heads
workstation-task-lights	Workstation Task Lights
magnifier-lights	Magnifier Lights
machine-tool-lights	Machine Tool Lights
flashlights	Flashlights
handheld-flashlights	Handheld Flashlights
headlamps-helmet-lights	Headlamps & Helmet Lights
penlights-inspection-lights	Penlights & Inspection Lights
right-angle-flashlights	Right-Angle Flashlights
lanterns-spotlights	Lanterns & Spotlights
weapon-mounted-flashlights	Weapon-Mounted Flashlights
hand-crank-power-outage-flashlights	Hand Crank & Power Outage Flashlights
clip-keychain-flashlights	Clip & Keychain Flashlights
flashlight-parts-accessories	Flashlight Parts & Accessories
lighting-controls	Lighting Controls
lighting-dimmers	Lighting Dimmers
lighting-occupancy-sensors	Lighting Occupancy Sensors
lighting-control-accessories	Lighting Control Accessories
light-bulb-lamp-crushers	Light Bulb & Lamp Crushers
lighting-replacement-parts	Lighting Replacement Parts
lighting-parts	Lighting Parts
lamp-replacement-parts	Lamp Replacement Parts
lubrication	Lubrication
grease	Grease
multipurpose-grease	Multipurpose Grease
food-grade-multipurpose-grease	Food-Grade Multipurpose Grease
bearing-grease	Bearing Grease
food-grade-bearing-grease	Food-Grade Bearing Grease
o-ring-grease	O-Ring Grease
open-gear-grease	Open Gear Grease
plumbing-grease	Plumbing Grease
oils	Oils
hydraulic-oils	Hydraulic Oils
food-grade-hydraulic-oils	Food-Grade Hydraulic Oils
circulating-oils	Circulating Oils
gear-oils	Gear Oils
food-grade-gear-oils	Food-Grade Gear Oils
machine-oils	Machine Oils
food-grade-machine-oils	Food-Grade Machine Oils
food-grade-divider-oils	Food-Grade Divider Oils
way-oils	Way Oils
spindle-oils	Spindle Oils
lubricants-penetrating-lubricants	Lubricants & Penetrating Lubricants
lubricants	Lubricants
dry-lubricants	Dry Lubricants
penetrating-lubricants	Penetrating Lubricants
anti-seize-compounds	Anti-Seize Compounds
mold-release-agents	Mold Release Agents
grease-guns	Grease Guns
manual-grease-guns	Manual Grease Guns
battery-powered-grease-guns	Battery-Powered Grease Guns
air-operated-grease-guns	Air-Operated Grease Guns
electric-corded-grease-guns	Electric Corded Grease Guns
hoses-pipes-barrels-for-grease-guns	Hoses, Pipes & Barrels for Grease Guns
couplers-dispensing-tips-for-grease-guns	Couplers & Dispensing Tips for Grease Guns
accessories-for-grease-guns	Accessories for Grease Guns
dispensing-syringes	Dispensing Syringes
grease-fittings-for-equipment	Grease Fittings for Equipment
grease-fittings	Grease Fittings
adapters-manifolds-for-grease-fittings	Adapters & Manifolds for Grease Fittings
washers-caps-tools-for-grease-fittings	Washers, Caps & Tools for Grease Fittings
handheld-oilers-oil-measuring-containers	Handheld Oilers & Oil Measuring Containers
handheld-oil-dispensers	Handheld Oil Dispensers
oil-measuring-containers	Oil Measuring Containers
machine-mount-lubricators	Machine-Mount Lubricators
single-point-grease-lubricators	Single-Point Grease Lubricators
service-kits-for-single-point-grease-lubricators	Service Kits for Single-Point Grease Lubricators
constant-level-drip-feed-oilers	Constant-Level & Drip-Feed Oilers
accessories-for-constant-level-drip-feed-oilers	Accessories for Constant-Level & Drip-Feed Oilers
lubrication-systems	Lubrication Systems
oil-storage-dispensing-systems	Oil Storage & Dispensing Systems
oil-storage-containers-transfer-lids	Oil Storage Containers & Transfer Lids
extension-hoses-hand-pumps-for-oil-containers	Extension Hoses & Hand Pumps for Oil Containers
bulk-oil-storage-tanks-dispensing-systems	Bulk Oil Storage Tanks & Dispensing Systems
desiccant-breathers-breather-vents	Desiccant Breathers & Breather Vents
desiccant-breathers	Desiccant Breathers
breather-vents	Breather Vents
level-gauges-flow-sights-for-lubrication-equipment	Level Gauges & Flow Sights for Lubrication Equipment
oil-level-gauges	Oil Level Gauges
lubricant-flow-sights-viewports	Lubricant Flow Sights & Viewports
machining	Machining
drilling-holemaking	Drilling & Holemaking
drill-bits	Drill Bits
reamers	Reamers
countersinks-center-drills-spotting-drills	Countersinks, Center Drills & Spotting Drills
counterbores-port-tools	Counterbores & Port Tools
broaches	Broaches
punches-dies	Punches & Dies
drill-bushings	Drill Bushings
drill-bit-extensions	Drill Bit Extensions
holemaking-blanks	Holemaking Blanks
milling	Milling
end-mills	End Mills
cnc-router-bits	CNC Router Bits
engraving-tools-blanks	Engraving Tools & Blanks
milling-cutters	Milling Cutters
mold-die-milling-tools	Mold & Die Milling Tools
threading	Threading
taps	Taps
dies	Dies
threading-sets	Threading Sets
tap-die-accessories	Tap & Die Accessories
thread-repair-tools	Thread Repair Tools
thread-mills	Thread Mills
turning-boring-grooving	Turning, Boring & Grooving
boring-bars-sets	Boring Bars & Sets
internal-threading-tools-sets	Internal Threading Tools & Sets
knurling-tools	Knurling Tools
lathe-tool-bits-blanks-sets	Lathe Tool Bits, Blanks & Sets
turning-grooving-tools-sets	Turning & Grooving Tools & Sets
indexable-cutting-tools	Indexable Cutting Tools
indexable-boring	Indexable Boring
indexable-exchangeable-head-milling	Indexable & Exchangeable-Head Milling
indexable-modular-drilling-holemaking	Indexable & Modular Drilling & Holemaking
indexable-parting-grooving	Indexable Parting & Grooving
indexable-threading	Indexable Threading
indexable-turning	Indexable Turning
replacement-parts-accessories-for-indexable-cutting-tools	Replacement Parts & Accessories for Indexable Cutting Tools
machinery	Machinery
buffing-grinding-machines	Buffing & Grinding Machines
drill-presses	Drill Presses
hydraulic-presses-accessories	Hydraulic Presses & Accessories
lathes	Lathes
metal-fabrication-machines	Metal Fabrication Machines
milling-machines	Milling Machines
electric-tapping-arms	Electric Tapping Arms
engraving-marking-machines	Engraving & Marking Machines
waterjet-cutting-machines	Waterjet Cutting Machines
metal-dust-collection-air-filtration	Metal Dust Collection & Air Filtration
machine-bases	Machine Bases
machine-leveling-components	Machine Leveling Components
storage-baskets	Storage Baskets
toolholding-tooling-systems	Toolholding & Tooling Systems
drill-chucks-accessories	Drill Chucks & Accessories
collets-accessories	Collets & Accessories
collet-chucks	Collet Chucks
tapping-heads-holders	Tapping Heads & Holders
lathe-tool-posts-tool-post-holders	Lathe Tool Posts & Tool Post Holders
end-mill-holders-adapters-accessories	End Mill Holders, Adapters & Accessories
milling-chucks	Milling Chucks
face-mill-holders	Face Mill Holders
shell-mill-holders	Shell Mill Holders
boring-heads-holders	Boring Heads & Holders
rotary-broach-holders-set-up-plugs	Rotary Broach Holders & Set-Up Plugs
retention-knobs	Retention Knobs
cnc-toolholder-tightening-fixtures	CNC Toolholder Tightening Fixtures
cnc-toolholder-storage	CNC Toolholder Storage
clamping-workholding-positioning	Clamping, Workholding & Positioning
manual-toggle-hold-down-clamps	Manual Toggle & Hold-Down Clamps
air-powered-swing-toggle-clamps	Air-Powered Swing & Toggle Clamps
machine-table-clamps-hardware	Machine Table Clamps & Hardware
fixture-clamps	Fixture Clamps
machine-vises-accessories	Machine Vises & Accessories
indexing-positioning-equipment	Indexing & Positioning Equipment
lathe-centers-chucks-jaws	Lathe Centers, Chucks & Jaws
stationary-fixturing	Stationary Fixturing
precision-measuring-tools	Precision Measuring Tools
calipers-accessories	Calipers & Accessories
micrometers-depth-gauges-accessories	Micrometers, Depth Gauges & Accessories
height-gauges-accessories	Height Gauges & Accessories
indicators-indicator-holders-accessories	Indicators, Indicator Holders & Accessories
pin-plug-ring-gauges	Pin, Plug & Ring Gauges
inside-diameter-gauges	Inside Diameter Gauges
inspection-calibration-tools-equipment	Inspection & Calibration Tools & Equipment
magnification-instruments	Magnification Instruments
precision-measuring-tool-kits	Precision Measuring Tool Kits
protractors-machinists-squares-sets	Protractors, Machinists Squares & Sets
quick-check-reference-gauges	Quick-Check Reference Gauges
setup-layout-alignment-tools	Setup, Layout & Alignment Tools
surface-property-testing	Surface Property Testing
thickness-gauges-feeler-gauges-snap-gauges	Thickness Gauges, Feeler Gauges & Snap Gauges
spc-components-for-precision-measuring-tools	SPC Components for Precision Measuring Tools
coordinate-measuring-machines-cmm-components-accessories	Coordinate Measuring Machines (CMM), Components & Accessories
metalworking-fluids	Metalworking Fluids
cutting-fluids	Cutting Fluids
metalworking-fluid-additives	Metalworking Fluid Additives
layout-fluids	Layout Fluids
cutting-tool-cleaners	Cutting Tool Cleaners
machine-tool-sump-cleaners	Machine Tool Sump Cleaners
electrical-discharge-machining-fluids	Electrical-Discharge Machining Fluids
coolant-systems-accessories	Coolant Systems & Accessories
mist-coolant-systems	Mist Coolant Systems
flood-coolant-systems	Flood Coolant Systems
minimum-quantity-lubrication-systems	Minimum-Quantity Lubrication Systems
cold-air-coolant-systems	Cold Air Coolant Systems
coolant-mixers	Coolant Mixers
coolant-nozzles	Coolant Nozzles
flexible-coolant-shields	Flexible Coolant Shields
oil-skimmers-coalescers	Oil Skimmers & Coalescers
coolant-cleaner-vacuums	Coolant Cleaner Vacuums
coolant-system-filtration	Coolant System Filtration
machine-tool-coolant-pumps-mounting-brackets	Machine Tool Coolant Pumps & Mounting Brackets
tool-blanks	Tool Blanks
3d-printing	3D Printing
3d-printers	3D Printers
3d-printing-filament	3D Printing Filament
3d-printing-resin	3D Printing Resin
3d-printing-pellets	3D Printing Pellets
3d-printing-accessories	3D Printing Accessories
injection-molding	Injection Molding
injection-molding-ejector-core-pins	Injection Molding Ejector & Core Pins
injection-molding-locking-stopping-components	Injection Molding Locking & Stopping Components
injection-molding-leader-pins-ejector-bushings	Injection Molding Leader Pins & Ejector Bushings
injection-molding-support-pillars	Injection Molding Support Pillars
material-handling	Material Handling
ladders-platforms-personnel-lifts	Ladders, Platforms & Personnel Lifts
step-stools	Step Stools
ladders	Ladders
stairs	Stairs
work-platforms	Work Platforms
platforms-mezzanines	Platforms & Mezzanines
elevated-safety-gates	Elevated Safety Gates
scaffolding	Scaffolding
personnel-lifts	Personnel Lifts
dock-loading-equipment	Dock & Loading Equipment
rail-yard-equipment	Rail Yard Equipment
wheel-chocks	Wheel Chocks
trailer-stabilizing-jacks	Trailer-Stabilizing Jacks
loading-ramps-plates-boards	Loading Ramps, Plates & Boards
dock-bumpers	Dock Bumpers
dock-seals-shelters	Dock Seals & Shelters
dock-doors-curtains-openers	Dock Doors, Curtains & Openers
dock-gates	Dock Gates
dock-door-safety-nets	Dock Door Safety Nets
trailer-curtains-strip-doors	Trailer Curtains & Strip Doors
wheel-risers	Wheel Risers
clearance-bars	Clearance Bars
guardrails-handrails-protectors	Guardrails, Handrails & Protectors
guardrails	Guardrails
handrails	Handrails
column-protectors	Column Protectors
corner-wall-protectors	Corner & Wall Protectors
lifting-pulling-positioning	Lifting, Pulling & Positioning
tongs	Tongs
hoists-trolleys	Hoists & Trolleys
cranes-festoon-cable-systems	Cranes & Festoon Cable Systems
winches	Winches
lift-tables-turntables-pallet-positioners	Lift Tables, Turntables & Pallet Positioners
box-dumpers	Box Dumpers
drywall-lifts	Drywall Lifts
lifting-rigging-hardware	Lifting & Rigging Hardware
chains	Chains
lifting-slings	Lifting Slings
rope-twine	Rope & Twine
wire-rope-fittings	Wire Rope & Fittings
cargo-lifting-nets	Cargo Lifting Nets
below-the-hook-lifting-devices	Below-the-Hook Lifting Devices
suction-lifters	Suction Lifters
lifting-magnets	Lifting Magnets
manual-lifting-straps	Manual Lifting Straps
push-pull-jacks	Push-Pull Jacks
load-securing-cargo-control	Load Securing & Cargo Control
ratchet-straps-cam-straps	Ratchet Straps & Cam Straps
winch-straps-tie-down-winches-winch-bars	Winch Straps, Tie-Down Winches & Winch Bars
bungee-cords-straps-balls	Bungee Cords, Straps & Balls
rope-tie-downs	Rope Tie-Downs
corner-protectors-for-cargo-loads	Corner Protectors for Cargo Loads
load-binders-for-chain-tie-downs	Load Binders for Chain Tie-Downs
load-cargo-bars	Load & Cargo Bars
cargo-nets	Cargo Nets
truck-trailer-anchors-for-tie-downs	Truck & Trailer Anchors for Tie-Downs
bulk-webbing-hardware	Bulk Webbing & Hardware
accessories-for-load-securing-cargo-control	Accessories for Load Securing & Cargo Control
scales-scale-accessories	Scales & Scale Accessories
industrial-bench-scales	Industrial Bench Scales
shipping-scales	Shipping Scales
dimensioners	Dimensioners
floor-scales	Floor Scales
crane-scales-dynamometers	Crane Scales & Dynamometers
hanging-scales	Hanging Scales
conveyor-scales	Conveyor Scales
medical-scales	Medical Scales
food-scales	Food Scales
industrial-balances	Industrial Balances
mechanical-scales	Mechanical Scales
truck-axle-scales	Truck & Axle Scales
scale-calibration-weights	Scale Calibration Weights
load-cells	Load Cells
scale-indicators-accessories	Scale Indicators & Accessories
structural-framing-systems	Structural Framing Systems
t-slot-framing-systems	T-Slot Framing Systems
quick-assemble-press-fit-framing-systems	Quick-Assemble Press-Fit Framing Systems
clamp-on-pipe-framing-systems	Clamp-On Pipe Framing Systems
heavy-duty-slide-on-pipe-railing-systems	Heavy-Duty Slide-On Pipe Railing Systems
storage-workspace	Storage & Workspace
shelving-storage-racks	Shelving & Storage Racks
storage-cabinets	Storage Cabinets
lockers	Lockers
storage-panels-panel-racks	Storage Panels & Panel Racks
bin-compartmented-storage-units	Bin & Compartmented Storage Units
workbenches-shop-furniture	Workbenches & Shop Furniture
buildings-shelters	Buildings & Shelters
partitions-wire-machine-guards-curtain-walls	Partitions, Wire Machine Guards & Curtain Walls
storage-containers-bins	Storage Containers & Bins
drums-buckets-ibc-totes-tanks	Drums, Buckets, IBC Totes & Tanks
pallets	Pallets
casters-wheels	Casters & Wheels
plate-mount-casters	Plate-Mount Casters
stem-casters	Stem Casters
bolt-hole-casters	Bolt-Hole Casters
side-mount-casters	Side-Mount Casters
caster-wheels	Caster Wheels
track-wheels	Track Wheels
pneumatic-flat-free-wheels	Pneumatic & Flat-Free Wheels
replacement-tires-tubes-for-pneumatic-wheels	Replacement Tires & Tubes for Pneumatic Wheels
accessories-for-casters-wheels	Accessories for Casters & Wheels
transporting	Transporting
carts-trucks	Carts & Trucks
hand-trucks-dollies	Hand Trucks & Dollies
heavy-machinery-equipment-dollies-skates-pry-bars	Heavy Machinery & Equipment Dollies, Skates & Pry Bars
conveyors-components	Conveyors & Components
self-dumping-hoppers-lids	Self-Dumping Hoppers & Lids
forklifts-forklift-attachments	Forklifts & Forklift Attachments
lift-trucks	Lift Trucks
pallet-jacks-container-tilters	Pallet Jacks & Container Tilters
walk-along-tuggers	Walk-Along Tuggers
powered-cargo-carriers	Powered Cargo Carriers
bicycles-tricycles	Bicycles & Tricycles
material-handling-replacement-parts	Material Handling Replacement Parts
material-handling-parts	Material Handling Parts
motors	Motors
ac-motors	AC Motors
single-phase-general-purpose-ac-motors	Single-Phase General Purpose AC Motors
three-phase-general-purpose-ac-motors	Three-Phase General Purpose AC Motors
ac-definite-purpose-motors	AC Definite Purpose Motors
hvac-ac-motors	HVAC AC Motors
electronically-commutated-ec-motors	Electronically Commutated (EC) Motors
farm-duty-ac-motors	Farm Duty AC Motors
pump-ac-motors	Pump AC Motors
washdown-ac-motors	Washdown AC Motors
hazardous-location-ac-motors	Hazardous Location AC Motors
air-compressor-ac-motors	Air Compressor AC Motors
vacuum-ac-motors	Vacuum AC Motors
ac-motors-with-integrated-vfd	AC Motors with Integrated VFD
oem-replacement-ac-motors	OEM Replacement AC Motors
dc-motors	DC Motors
general-purpose-dc-motors	General Purpose DC Motors
hazardous-location-dc-motors	Hazardous Location DC Motors
hvac-dc-motors	HVAC DC Motors
hydraulic-lift-dc-motors	Hydraulic Lift DC Motors
stepper-dc-motors	Stepper DC Motors
vacuum-dc-motors	Vacuum DC Motors
washdown-dc-motors	Washdown DC Motors
dc-definite-purpose-motors	DC Definite Purpose Motors
motor-capacitors	Motor Capacitors
motor-start-capacitors	Motor Start Capacitors
motor-run-capacitors	Motor Run Capacitors
power-factor-correction-capacitors	Power Factor Correction Capacitors
motor-capacitor-service-kits	Motor Capacitor Service Kits
motor-capacitor-accessories	Motor Capacitor Accessories
motor-drives-speed-controls	Motor Drives & Speed Controls
ac-motor-speed-controls	AC Motor Speed Controls
dc-motor-speed-controls-and-accessories	DC Motor Speed Controls and Accessories
ec-motor-speed-controls	EC Motor Speed Controls
motor-soft-starts-accessories	Motor Soft Starts & Accessories
variable-frequency-drives-accessories	Variable Frequency Drives & Accessories
motor-maintenance-accessories-replacement-parts	Motor Maintenance Accessories & Replacement Parts
motor-maintenance-accessories	Motor Maintenance & Accessories
motor-replacement-parts	Motor Replacement Parts
motor-mounting-accessories	Motor Mounting Accessories
belt-drive-motor-adjustable-bases	Belt Drive Motor Adjustable Bases
motor-resilient-ring-mounts	Motor Resilient Ring Mounts
motor-flange-c-face-mount-adapters	Motor Flange & C-Face Mount Adapters
motor-mounting-brackets	Motor Mounting Brackets
motor-tie-rods	Motor Tie Rods
outdoor-equipment	Outdoor Equipment
weed-killers-herbicides	Weed Killers & Herbicides
outdoor-power-equipment	Outdoor Power Equipment
debris-leaf-blowers	Debris & Leaf Blowers
string-trimmers-brush-cutters-edgers	String Trimmers, Brush Cutters & Edgers
mowers-aerators-power-rakes	Mowers, Aerators & Power Rakes
landscaping-power-heads-attachments	Landscaping Power Heads & Attachments
power-brushes-leaf-litter-vacuums-chipper-shredders	Power Brushes, Leaf & Litter Vacuums & Chipper Shredders
chainsaws-pole-saws-log-splitters	Chainsaws, Pole Saws & Log Splitters
hedge-trimmers-pruners	Hedge Trimmers & Pruners
outdoor-utility-vehicles	Outdoor Utility Vehicles
cultivators-tillers	Cultivators & Tillers
outdoor-equipment-combination-kits	Outdoor Equipment Combination Kits
power-concrete-mixers-compactors-finishing-tools	Power Concrete Mixers, Compactors & Finishing Tools
power-earth-augers-post-drivers	Power Earth Augers & Post Drivers
batteries-chargers-for-outdoor-equipment	Batteries & Chargers for Outdoor Equipment
wheelbarrows	Wheelbarrows
standard-wheelbarrows	Standard Wheelbarrows
battery-powered-wheelbarrows-carts	Battery-Powered Wheelbarrows & Carts
wheelbarrow-handles	Wheelbarrow Handles
replacement-parts-for-wheelbarrows	Replacement Parts for Wheelbarrows
outdoor-hand-tools	Outdoor Hand Tools
shovels-scoops-garden-trowels	Shovels, Scoops & Garden Trowels
rakes	Rakes
forks-hoes-weed-cutters	Forks, Hoes & Weed Cutters
axes-machetes-hooks-wedges	Axes, Machetes, Hooks & Wedges
digging-bars-mattocks-soil-probes	Digging Bars, Mattocks & Soil Probes
hand-tampers	Hand Tampers
brush-removal-tools-log-grapples	Brush Removal Tools & Log Grapples
hookaroons	Hookaroons
post-drivers-post-hole-diggers	Post Drivers & Post Hole Diggers
saws-knives-shears-loppers	Saws, Knives, Shears & Loppers
garden-tool-shovel-replacement-handles	Garden Tool & Shovel Replacement Handles
garden-fabrics-erosion-control-blankets-tree-care	Garden Fabrics, Erosion Control Blankets & Tree Care
erosion-control-blankets	Erosion Control Blankets
weed-barrier-landscape-fabric	Weed Barrier & Landscape Fabric
tree-watering-bags-root-feeders	Tree Watering Bags & Root Feeders
tree-grates	Tree Grates
landscape-edging	Landscape Edging
plant-protection-fabric	Plant Protection Fabric
tree-wraps-protectors	Tree Wraps & Protectors
garden-stakes-plant-supports	Garden Stakes & Plant Supports
fencing	Fencing
chicken-wire	Chicken Wire
silt-fence	Silt Fence
barbed-wire-supplies	Barbed Wire & Supplies
electric-fence-supplies	Electric Fence Supplies
smooth-wire	Smooth Wire
deer-fence	Deer Fence
snow-fence	Snow Fence
privacy-wind-screens	Privacy & Wind Screens
fence-stretching-tools	Fence Stretching Tools
t-posts-u-posts-for-fencing	T-Posts & U-Posts for Fencing
chain-link-fence-posts-hardware	Chain Link Fence, Posts & Hardware
gate-hardware	Gate Hardware
privacy-fences-gates-supplies	Privacy Fences, Gates & Supplies
small-engines-accessories	Small Engines & Accessories
small-engines	Small Engines
small-engine-service-kits-mufflers-parts	Small Engine Service Kits, Mufflers & Parts
watering-equipment-irrigation-systems	Watering Equipment & Irrigation Systems
garden-hose-nozzles	Garden Hose Nozzles
lawn-sprinklers	Lawn Sprinklers
sprinkler-heads-nozzles	Sprinkler Heads & Nozzles
sprinkler-valves	Sprinkler Valves
automatic-sprinkler-systems	Automatic Sprinkler Systems
watering-controllers-timers-sensors	Watering Controllers, Timers & Sensors
drip-sprinkler-systems-accessories	Drip Sprinkler Systems & Accessories
irrigation-maintenance-repair-parts	Irrigation Maintenance & Repair Parts
watering-cans	Watering Cans
irrigation-fittings	Irrigation Fittings
rain-barrels-harvesting-pumps-accessories	Rain Barrels, Harvesting Pumps & Accessories
electrical-generators-power-stations	Electrical Generators & Power Stations
portable-generators	Portable Generators
portable-power-stations	Portable Power Stations
standby-generators	Standby Generators
generator-light-towers	Generator Light Towers
generator-transfer-switches	Generator Transfer Switches
generator-accessories	Generator Accessories
ground-protection-mats	Ground-Protection Mats
insect-wildlife-control	Insect & Wildlife Control
bug-insect-control	Bug & Insect Control
rodent-control	Rodent Control
bird-control	Bird Control
wildlife-control	Wildlife Control
pressure-washers	Pressure Washers
electric-pressure-washers	Electric Pressure Washers
gas-powered-pressure-washers	Gas-Powered Pressure Washers
battery-powered-pressure-washers	Battery-Powered Pressure Washers
trailer-pressure-washers	Trailer Pressure Washers
nozzles-for-pressure-washers	Nozzles for Pressure Washers
spray-guns-wands-foamers-for-pressure-washers	Spray Guns, Wands & Foamers for Pressure Washers
pressure-washer-detergents	Pressure Washer Detergents
rotary-surface-cleaners-water-brooms	Rotary Surface Cleaners & Water Brooms
duct-tank-manhole-cleaners-for-pressure-washers	Duct, Tank & Manhole Cleaners for Pressure Washers
replacement-parts-for-pressure-washers	Replacement Parts for Pressure Washers
snow-ice-removal	Snow & Ice Removal
ice-melt-traction-control	Ice Melt & Traction Control
snow-blowers	Snow Blowers
maintenance-kits-accessories-repair-parts-for-snow-blowers	Maintenance Kits, Accessories & Repair Parts for Snow Blowers
snow-shovels-pushers	Snow Shovels & Pushers
roof-rakes	Roof Rakes
ice-scrapers-choppers	Ice Scrapers & Choppers
snow-sweepers-replacement-brushes	Snow Sweepers & Replacement Brushes
sprayers-foggers	Sprayers & Foggers
handheld-cart-sprayers	Handheld & Cart Sprayers
backpack-sprayers	Backpack Sprayers
walk-behind-sprayers	Walk-Behind Sprayers
tow-behind-sprayers	Tow-Behind Sprayers
vehicle-mounted-sprayers	Vehicle-Mounted Sprayers
hoses-wands-guns-nozzles-for-sprayers	Hoses, Wands, Guns & Nozzles for Sprayers
parts-accessories-for-sprayers	Parts & Accessories for Sprayers
foggers	Foggers
spreaders	Spreaders
walk-behind-spreaders	Walk-Behind Spreaders
shoulder-handheld-spreaders	Shoulder & Handheld Spreaders
vehicle-mounted-spreaders	Vehicle-Mounted Spreaders
tow-behind-spreaders	Tow-Behind Spreaders
parts-accessories-for-spreaders	Parts & Accessories for Spreaders
temporary-outdoor-structures-furniture	Temporary Outdoor Structures & Furniture
canopy-tents-temporary-shelters	Canopy Tents & Temporary Shelters
sidewalls-bags-for-canopy-tents-temporary-shelters	Sidewalls & Bags for Canopy Tents & Temporary Shelters
anchors-weights-for-canopies-temporary-shelters	Anchors & Weights for Canopies & Temporary Shelters
collapsible-outdoor-tables-chairs	Collapsible Outdoor Tables & Chairs
replacement-parts-for-canopy-tents-temporary-structures	Replacement Parts for Canopy Tents & Temporary Structures
packaging-shipping	Packaging & Shipping
shipping-boxes-pads-tubes	Shipping Boxes, Pads & Tubes
shipping-boxes	Shipping Boxes
mailing-tubes	Mailing Tubes
corrugated-pads-sheets	Corrugated Pads & Sheets
retail-gift-boxes	Retail & Gift Boxes
packing-tape	Packing Tape
standard-packing-tape	Standard Packing Tape
water-activated-kraft-tape	Water-Activated Kraft Tape
strapping-tape	Strapping Tape
pressure-sensitive-paper-tape	Pressure-Sensitive Paper Tape
quiet-packing-tape	Quiet Packing Tape
crystal-clear-packing-tape	Crystal Clear Packing Tape
color-coding-packing-tape	Color-Coding Packing Tape
cold-temperature-packing-tape	Cold-Temperature Packing Tape
preprinted-packing-tape	Preprinted Packing Tape
pre-cut-packing-tape-sheets-strips	Pre-Cut Packing Tape Sheets & Strips
bag-sealing-tape	Bag Sealing Tape
label-protection-tape	Label Protection Tape
packing-tape-dispensers-machines	Packing Tape Dispensers & Machines
packing-list-envelopes	Packing List Envelopes
printed-packing-list-envelopes	Printed Packing List Envelopes
clear-packing-list-envelopes	Clear Packing List Envelopes
bilingual-packing-list-envelopes	Bilingual Packing List Envelopes
recycled-plastic-packing-list-envelopes	Recycled Plastic Packing List Envelopes
sds-packing-list-envelopes	SDS Packing List Envelopes
transportation-packing-list-envelopes	Transportation Packing List Envelopes
military-spec-packing-list-envelopes	Military Spec Packing List Envelopes
barcode-labeling-scanning	Barcode Labeling & Scanning
barcode-labels-ribbons	Barcode Labels & Ribbons
barcode-label-printers	Barcode Label Printers
barcode-label-scanners	Barcode Label Scanners
shipping-mailers	Shipping Mailers
bubble-mailers	Bubble Mailers
recyclable-mailers	Recyclable Mailers
tear-resistant-poly-mailers	Tear-Resistant Poly Mailers
chipboard-fiberboard-flat-mailers	Chipboard & Fiberboard Flat Mailers
glamour-mailers	Glamour Mailers
protective-packaging	Protective Packaging
bubble-bags-rolls	Bubble Bags & Rolls
foam-rolls-pouches-sheets	Foam Rolls, Pouches & Sheets
packaging-paper	Packaging Paper
air-pillow-machines-films	Air Pillow Machines & Films
dunnage-bag-packaging	Dunnage Bag Packaging
packaging-peanuts	Packaging Peanuts
instant-foam	Instant Foam
anti-static-packaging	Anti-Static Packaging
corrosion-inhibiting-packaging	Corrosion Inhibiting Packaging
temperature-controlled-packaging	Temperature-Controlled Packaging
bubble-foam-dispensers-cutters	Bubble & Foam Dispensers & Cutters
moisture-absorbent-packaging	Moisture Absorbent Packaging
stretch-wrap	Stretch Wrap
stretch-wrap-rolls	Stretch Wrap Rolls
stretch-wrap-dispensers	Stretch Wrap Dispensers
stretch-wrap-machines-turntables	Stretch Wrap Machines & Turntables
top-sheeting	Top Sheeting
strapping	Strapping
strapping-bands	Strapping Bands
strapping-seals-buckles	Strapping Seals & Buckles
strapping-tools	Strapping Tools
strapping-carts	Strapping Carts
strapping-kits	Strapping Kits
strapping-machines	Strapping Machines
strapping-accessories	Strapping Accessories
baling-wire-ties	Baling Wire & Ties
replacement-parts-for-strapping-tools	Replacement Parts for Strapping Tools
edge-corner-protectors	Edge & Corner Protectors
edge-protectors	Edge Protectors
corner-protectors	Corner Protectors
strapping-guards	Strapping Guards
edge-protector-cutters	Edge Protector Cutters
packing-shipping-bags	Packing & Shipping Bags
open-ended-poly-bags	Open-Ended Poly Bags
reclosable-bags	Reclosable Bags
poly-tubing	Poly Tubing
drawstring-bags	Drawstring Bags
bin-liners-pallet-covers	Bin Liners & Pallet Covers
bulk-bags	Bulk Bags
retail-bags	Retail Bags
shipping-handling-labels-tags-stencils	Shipping & Handling Labels, Tags & Stencils
shipping-handling-labels-dispensers	Shipping & Handling Labels & Dispensers
dot-un-handling-labels-placards	DOT & UN Handling Labels & Placards
damage-indicators	Damage Indicators
shipping-tags	Shipping Tags
shipping-stencils	Shipping Stencils
heat-shrink-wrap	Heat Shrink Wrap
shrink-film-rolls	Shrink Film Rolls
shrink-film-bags	Shrink Film Bags
shrink-film-tubing	Shrink Film Tubing
shrink-film-bands	Shrink Film Bands
box-staplers-staples	Box Staplers & Staples
box-staplers	Box Staplers
box-staples	Box Staples
shipping-accessories-equipment	Shipping Accessories & Equipment
bag-dispensers	Bag Dispensers
carton-stands	Carton Stands
moving-blankets	Moving Blankets
pallet-accessories	Pallet Accessories
poly-bag-shrink-film-heat-sealers	Poly Bag & Shrink Film Heat Sealers
packing-tables	Packing Tables
nonadhesive-material-cutters-accessories	Nonadhesive Material Cutters & Accessories
paints-equipment-and-supplies	Paints, Equipment and Supplies
spray-paints-spray-primers	Spray Paints & Spray Primers
spray-paints	Spray Paints
spray-primers	Spray Primers
spray-can-applicator-grips	Spray Can Applicator Grips
spray-paint-can-filling-system	Spray Paint Can Filling System
striping-marking-paints-equipment	Striping & Marking Paints & Equipment
striping-marking-paints-chalks	Striping & Marking Paints & Chalks
heat-activated-pavement-markings	Heat Activated Pavement Markings
line-stripers	Line Stripers
tree-marking-spray-gun	Tree Marking Spray Gun
paints-coatings	Paints & Coatings
roof-leak-coatings	Roof & Leak Coatings
floor-coatings	Floor Coatings
specialized-paints-coatings	Specialized Paints & Coatings
multipurpose-protective-coatings	Multipurpose Protective Coatings
interior-exterior-paints	Interior & Exterior Paints
paint-primers	Paint Primers
stains-sealers	Stains & Sealers
powder-coatings	Powder Coatings
automotive-paints-coatings	Automotive Paints & Coatings
paint-thinners-removers	Paint Thinners & Removers
paint-removers	Paint Removers
paint-thinners	Paint Thinners
paint-applicator-cleaners	Paint Applicator Cleaners
mastic-adhesive-removers	Mastic & Adhesive Removers
wax-tar-removers	Wax & Tar Removers
wallpaper-removal	Wallpaper Removal
paint-preparation-restoration	Paint Preparation & Restoration
preparation-cleaning	Preparation Cleaning
restoration-coatings	Restoration Coatings
painting-equipment	Painting Equipment
paint-coating-applicators	Paint & Coating Applicators
paint-trays-buckets	Paint Trays & Buckets
surface-protection-dust-barriers	Surface Protection & Dust Barriers
paint-spray-guns-systems	Paint Spray Guns & Systems
paint-spray-booths	Paint Spray Booths
paint-shakers-stir-sticks	Paint Shakers & Stir Sticks
paint-can-tools	Paint Can Tools
wallpaper-tools	Wallpaper Tools
pipe-hose-tube-fittings	Pipe, Hose, Tube & Fittings
pipe-pipe-fittings	Pipe & Pipe Fittings
standard-pipe-pipe-fittings	Standard Pipe & Pipe Fittings
pipe-fitting-gaskets	Pipe Fitting Gaskets
bulkhead-tank-fittings	Bulkhead Tank Fittings
rotating-joints-unions	Rotating Joints & Unions
pipe-expansion-joints	Pipe Expansion Joints
bolted-pipe-couplings	Bolted Pipe Couplings
pipe-flange-covers	Pipe Flange Covers
pipe-fitting-spray-shields	Pipe Fitting Spray Shields
pipe-nipple-caddies	Pipe Nipple Caddies
spray-nozzle-pipe-fittings	Spray Nozzle Pipe Fittings
hose-hose-fittings-hose-reels	Hose, Hose Fittings & Hose Reels
hose	Hose
hose-fittings-couplings	Hose Fittings & Couplings
hose-reels	Hose Reels
hose-protection	Hose Protection
hose-safety-restraints	Hose Safety Restraints
flexible-hose-systems	Flexible Hose Systems
tube-tube-fittings	Tube & Tube Fittings
tubing	Tubing
tube-fittings	Tube Fittings
tube-hose-fitting-clamps	Tube & Hose Fitting Clamps
worm-gear-tube-hose-clamps	Worm Gear Tube & Hose Clamps
bolt-close-clamps-for-tube-hose	Bolt-Close Clamps for Tube & Hose
crimp-on-ear-clamps-for-tube-hose	Crimp-On Ear Clamps for Tube & Hose
buckle-on-band-clamps-for-tube-hose	Buckle-On Band Clamps for Tube & Hose
snap-on-clamps-for-tube-hose	Snap-On Clamps for Tube & Hose
spring-tension-clamps-for-tube-hose	Spring-Tension Clamps for Tube & Hose
heat-shrink-clamps-for-tube-hose	Heat-Shrink Clamps for Tube & Hose
tube-hose-clamp-kits	Tube & Hose Clamp Kits
tube-pipe-routing-clamps-supports-hangers	Tube & Pipe Routing Clamps, Supports & Hangers
surface-mount-tube-pipe-clamps	Surface-Mount Tube & Pipe Clamps
surface-mount-tube-pipe-supports	Surface-Mount Tube & Pipe Supports
suspended-tube-pipe-hangers	Suspended Tube & Pipe Hangers
tube-pipe-insulation-jacketing-coatings	Tube & Pipe Insulation, Jacketing & Coatings
equipment-tube-pipe-insulation	Equipment, Tube & Pipe Insulation
insulation-shielding-jackets	Insulation Shielding Jackets
insulation-tapes-coatings-adhesives	Insulation Tapes, Coatings & Adhesives
tube-pipe-blocking-plugs	Tube & Pipe Blocking Plugs
mechanical-blocking-plugs	Mechanical Blocking Plugs
mechanical-blocking-plugs-with-bypass	Mechanical Blocking Plugs with Bypass
inflatable-blocking-plugs	Inflatable Blocking Plugs
inflatable-blocking-plugs-with-bypass	Inflatable Blocking Plugs with Bypass
blocking-plug-replacement-parts-accessories	Blocking Plug Replacement Parts & Accessories
pipe-testing-equipment	Pipe Testing Equipment
tube-pipe-repair-clamps-kits	Tube & Pipe Repair Clamps & Kits
pipe-hose-tube-cleaners-accessories	Pipe, Hose, Tube Cleaners & Accessories
tube-pipe-manifolds	Tube & Pipe Manifolds
plumbing	Plumbing
faucets	Faucets
bathroom-faucets	Bathroom Faucets
kitchen-faucets	Kitchen Faucets
utility-faucets	Utility Faucets
laboratory-faucets	Laboratory Faucets
faucet-replacement-parts	Faucet Replacement Parts
outdoor-hose-bibbs-hydrants	Outdoor Hose Bibbs & Hydrants
sinks-wash-fountains-repair-parts	Sinks, Wash Fountains & Repair Parts
bathroom-sinks	Bathroom Sinks
kitchen-bar-sinks	Kitchen & Bar Sinks
utility-laundry-sinks	Utility & Laundry Sinks
mop-sinks	Mop Sinks
hospital-lab-classroom-sinks	Hospital, Lab & Classroom Sinks
hand-wash-fountains-sinks-stations	Hand Wash Fountains, Sinks & Stations
sink-wash-fountain-wash-station-parts	Sink, Wash Fountain & Wash Station Parts
bathtubs-showers-repair-parts	Bathtubs, Showers & Repair Parts
bathtubs	Bathtubs
showers	Showers
bathtub-shower-repair-parts	Bathtub & Shower Repair Parts
toilets-urinals-repair-parts	Toilets, Urinals & Repair Parts
flush-valves-retrofit-kits	Flush Valves & Retrofit Kits
toilets	Toilets
urinals	Urinals
toilet-seats	Toilet Seats
toilet-repair-parts-accessories	Toilet Repair Parts & Accessories
urinal-repair-parts-accessories	Urinal Repair Parts & Accessories
drinking-fountains-bottle-fillers-water-dispensers	Drinking Fountains, Bottle Fillers & Water Dispensers
drinking-fountains-bottle-fillers	Drinking Fountains & Bottle Fillers
water-dispensers	Water Dispensers
remote-water-chillers	Remote Water Chillers
water-filtration-purification-systems	Water Filtration & Purification Systems
general-purpose-water-filter-cartridges-housings	General Purpose Water Filter Cartridges & Housings
appliance-water-filter-systems	Appliance Water Filter Systems
plumbing-fixtures-water-filter-systems	Plumbing Fixtures Water Filter Systems
whole-house-water-filter-systems	Whole House Water Filter Systems
medical-grade-water-filter-systems	Medical Grade Water Filter Systems
reverse-osmosis-water-filter-systems	Reverse Osmosis Water Filter Systems
water-filter-bags-water-filter-bag-housings	Water Filter Bags & Water Filter Bag Housings
ultraviolet-water-disinfection-systems	Ultraviolet Water Disinfection Systems
water-strainers	Water Strainers
mounting-hardware-repair-parts-tools-for-water-filter-systems	Mounting Hardware, Repair Parts & Tools for Water Filter Systems
water-softeners-softening-salt	Water Softeners & Softening Salt
water-softener-salt	Water Softener Salt
water-softeners	Water Softeners
water-softener-chemicals	Water Softener Chemicals
water-heaters	Water Heaters
electric-tank-water-heaters	Electric Tank Water Heaters
electric-tankless-water-heaters	Electric Tankless Water Heaters
gas-tank-water-heaters	Gas Tank Water Heaters
gas-tankless-water-heaters	Gas Tankless Water Heaters
heat-pump-water-heaters	Heat Pump Water Heaters
water-heater-storage-tanks	Water Heater Storage Tanks
replacement-parts-accessories-for-water-heaters	Replacement Parts & Accessories for Water Heaters
bathroom-partitions-partition-hardware	Bathroom Partitions & Partition Hardware
bathroom-partitions	Bathroom Partitions
hardware-replacement-parts-for-bathroom-partitions	Hardware & Replacement Parts for Bathroom Partitions
bathroom-fixtures	Bathroom Fixtures
bathroom-grab-bars	Bathroom Grab Bars
bathroom-mirrors	Bathroom Mirrors
changing-stations-liners	Changing Stations & Liners
bathroom-hooks	Bathroom Hooks
bathroom-shelves-towel-bars	Bathroom Shelves & Towel Bars
shower-curtains-rods-rings	Shower Curtains, Rods & Rings
shower-chairs-seats	Shower Chairs & Seats
shower-baskets-soap-dishes-retractable-clotheslines	Shower Baskets, Soap Dishes & Retractable Clotheslines
drains	Drains
gutter-downspout-accessories	Gutter & Downspout Accessories
sink-drains-strainers-traps	Sink Drains, Strainers & Traps
bathtub-shower-pan-drains	Bathtub & Shower Pan Drains
floor-drains	Floor Drains
floor-sinks	Floor Sinks
trench-drains	Trench Drains
roof-drains	Roof Drains
cleanouts-cleanout-covers	Cleanouts & Cleanout Covers
drain-air-vents-valves	Drain Air Vents & Valves
drain-interceptors-dilution-tanks	Drain Interceptors & Dilution Tanks
plumbing-valves	Plumbing Valves
shut-off-valves	Shut-Off Valves
backflow-prevention-valves	Backflow Prevention Valves
throttling-valves	Throttling Valves
pressure-temperature-control-valves	Pressure & Temperature Control Valves
solenoid-valves	Solenoid Valves
air-operated-piston-valves	Air-Operated Piston Valves
valve-repair-kits-replacement-parts	Valve Repair Kits & Replacement Parts
valve-boxes-enclosures	Valve Boxes & Enclosures
valve-actuators-accessories	Valve Actuators & Accessories
hose-stations-hoses-nozzles	Hose Stations, Hoses & Nozzles
hose-stations	Hose Stations
replacement-hoses-nozzles-covers	Replacement Hoses, Nozzles & Covers
institutional-plumbing-fixtures	Institutional Plumbing Fixtures
institutional-faucets	Institutional Faucets
institutional-sinks	Institutional Sinks
institutional-toilets-urinals	Institutional Toilets & Urinals
flush-valves-valve-covers-for-institutional-toilets-urinals	Flush Valves & Valve Covers for Institutional Toilets & Urinals
institutional-sink-toilet-combination-units	Institutional Sink & Toilet Combination Units
water-management-system-for-institutional-combination-units	Water Management System for Institutional Combination Units
institutional-showers-bathtub-spouts	Institutional Showers & Bathtub Spouts
institutional-bathroom-fixtures	Institutional Bathroom Fixtures
institutional-drains	Institutional Drains
repair-parts-for-institutional-plumbing-fixtures	Repair Parts for Institutional Plumbing Fixtures
plumbing-fixture-remote-monitoring-modules	Plumbing
supply-valve-outlet-boxes	Supply Valve Outlet Boxes
plumbing-replacement-parts	Plumbing Replacement Parts
plumbing-parts	Plumbing Parts
pneumatics	Pneumatics
pneumatic-tools	Pneumatic Tools
air-guns-vacuum-guns-air-excavation-tools	Air Guns, Vacuum Guns & Air Excavation Tools
air-hose-tool-balancers	Air Hose Tool Balancers
air-powered-sanding-finishing-tools	Air-Powered Sanding & Finishing Tools
air-powered-engravers-accessories	Air-Powered Engravers & Accessories
air-powered-files	Air-Powered Files
air-powered-concrete-vibrators	Air-Powered Concrete Vibrators
air-powered-grinders-cut-off-tools	Air-Powered Grinders & Cut-Off Tools
air-powered-routers	Air-Powered Routers
air-powered-drills-drivers	Air-Powered Drills & Drivers
air-powered-scarifiers-cutter-bundles	Air-Powered Scarifiers & Cutter Bundles
air-powered-hammers-chisels	Air-Powered Hammers & Chisels
air-powered-shears-nibblers	Air-Powered Shears & Nibblers
air-powered-nail-guns-staple-guns-riveting-tools	Air-Powered Nail Guns, Staple Guns & Riveting Tools
air-powered-wrenches-ratchets	Air-Powered Wrenches & Ratchets
diggers-breakers-jackhammers-sand-rammers	Diggers, Breakers, Jackhammers & Sand Rammers
air-powered-saws	Air-Powered Saws
torque-arms-holders	Torque Arms & Holders
air-tool-accessories	Air Tool Accessories
air-tool-combination-kits	Air Tool Combination Kits
air-tool-oils	Air Tool Oils
flexible-air-fittings	Flexible Air Fittings
needle-scalers-scaling-needles	Needle Scalers & Scaling Needles
air-tapping-tools	Air Tapping Tools
air-tapping-arms	Air Tapping Arms
air-tool-pneumatic-replacement-parts	Air Tool Pneumatic Replacement Parts
air-powered-pipe-cutting-kits	Air-Powered Pipe Cutting Kits
air-powered-circular-saws	Air-Powered Circular Saws
air-powered-magnetic-drills	Air-Powered Magnetic Drills
air-powered-scabblers	Air-Powered Scabblers
pneumatic-dust-extractors	Pneumatic Dust Extractors
cable-reels	Cable Reels
cable-reels-cable-reels	Cable Reels
hose-and-hose-reel-replacement-parts	Hose and Hose Reel Replacement Parts
air-compressors-vacuum-pumps-blowers	Air Compressors, Vacuum Pumps & Blowers
air-compressors	Air Compressors
vacuum-pumps	Vacuum Pumps
combination-compressor-vacuum-pumps	Combination Compressor & Vacuum Pumps
blowers	Blowers
compressed-air-treatment	Compressed Air Treatment
compressed-air-filters	Compressed Air Filters
compressed-air-regulators	Compressed Air Regulators
compressed-air-filter-regulators	Compressed Air Filter/Regulators
compressed-air-lubricators	Compressed Air Lubricators
filter-regulator-lubricators-frls	Filter, Regulator & Lubricators (FRLs)
compressed-air-dryers	Compressed Air Dryers
compressed-air-aftercoolers	Compressed Air Aftercoolers
compressed-air-separators	Compressed Air Separators
compressed-air-line-lockout-valves	Compressed Air Line Lockout Valves
compressed-air-flow-rate-sensors	Compressed Air Flow Rate Sensors
compressed-breathing-air-purifiers	Compressed Breathing Air Purifiers
filter-regulator-lubricator-accessories	Filter, Regulator & Lubricator Accessories
compressed-air-treatment-replacement-parts	Compressed Air Treatment Replacement Parts
pneumatic-actuators	Pneumatic Actuators
air-cylinders	Air Cylinders
rotary-actuators	Rotary Actuators
pneumatic-slide-tables	Pneumatic Slide Tables
pneumatic-grippers	Pneumatic Grippers
pneumatic-gripper-jaws-jaw-blanks	Pneumatic Gripper Jaws & Jaw Blanks
end-of-arm-tooling-systems	End-of-Arm Tooling Systems
pneumatic-actuator-controls	Pneumatic Actuator Controls
pneumatic-actuator-sensors-hardware	Pneumatic Actuator Sensors & Hardware
pneumatic-actuator-shock-absorbers-floating-joints	Pneumatic Actuator Shock Absorbers & Floating Joints
pneumatic-motors-gearmotors	Pneumatic Motors & Gearmotors
air-motors	Air Motors
air-gearmotors	Air Gearmotors
air-motor-accessories	Air Motor Accessories
air-motor-gearmotor-replacement-parts	Air Motor & Gearmotor Replacement Parts
pneumatic-coolers-air-knives	Pneumatic Coolers & Air Knives
air-knives	Air Knives
air-wipes	Air Wipes
air-amplifiers	Air Amplifiers
cold-air-guns	Cold Air Guns
vortex-tubes	Vortex Tubes
cabinet-enclosure-vortex-coolers	Cabinet & Enclosure Vortex Coolers
lifting-bags-valves	Lifting Bags & Valves
pneumatic-system-components	Pneumatic System Components
exhaust-breather-vents-mufflers-silencers	Exhaust Breather Vents, Mufflers & Silencers
pneumatic-check-valves	Pneumatic Check Valves
pneumatic-safety-valves	Pneumatic Safety Valves
air-fuses	Air Fuses
air-liquid-bypass-valves	Air & Liquid Bypass Valves
zero-loss-condensate-drains	Zero-Loss Condensate Drains
air-operated-drain-valves	Air Operated Drain Valves
timed-electric-auto-drain-valves	Timed Electric Auto Drain Valves
pneumatic-soft-start-up-valves	Pneumatic Soft Start-up Valves
vacuum-system-components	Vacuum System Components
vacuum-pads-pad-assemblies	Vacuum Pads & Pad Assemblies
vacuum-pad-adapters	Vacuum Pad Adapters
vacuum-buffers	Vacuum Buffers
vacuum-pad-mounting-brackets	Vacuum Pad Mounting Brackets
vacuum-saving-valves	Vacuum Saving Valves
vacuum-generators	Vacuum Generators
vacuum-generators-with-gripper-assembly	Vacuum Generators with Gripper Assembly
vacuum-area-gripping-systems	Vacuum Area Gripping Systems
vacuum-gripper-integration-kits	Vacuum Gripper Integration Kits
magnetic-grippers-for-vacuum-systems	Magnetic Grippers for Vacuum Systems
benchtop-vacuum-systems	Benchtop Vacuum Systems
vacuum-regulators	Vacuum Regulators
vacuum-suction-filters	Vacuum Suction Filters
vacuum-water-separators	Vacuum Water Separators
vacuum-pressure-switches	Vacuum Pressure Switches
cobotic-end-of-arm-vacuum-tool-extensions	Cobotic End-of-Arm Vacuum Tool Extensions
cobotic-vacuum-system-end-effectors	Cobotic Vacuum System End Effectors
cobotic-tool-changers-tool-mounts	Cobotic Tool Changers & Tool Mounts
cobotic-mounting-quick-change-components	Cobotic Mounting & Quick-Change Components
pneumatic-valves	Pneumatic Valves
pneumatic-directional-control-valve-systems-fieldbus-modules-accessories	Pneumatic Directional Control Valve Systems, Fieldbus Modules & Accessories
inline-air-control-valves	Inline Air Control Valves
pneumatic-limit-valves	Pneumatic Limit Valves
pneumatic-flow-control-needle-valves	Pneumatic Flow Control & Needle Valves
pneumatic-shuttle-valves	Pneumatic Shuttle Valves
vacuum-pressure-relief-valves	Vacuum & Pressure Relief Valves
electro-pneumatic-actuators	Electro-Pneumatic Actuators
piloted-non-return-valves	Piloted Non-Return Valves
exhaust-flow-controls	Exhaust Flow Controls
filtered-ball-valves	Filtered Ball Valves
pneumatic-pressure-regulators	Pneumatic Pressure Regulators
sandwich-manifold-compressed-air-regulators	Sandwich Manifold Compressed Air Regulators
pneumatic-sleeve-valves	Pneumatic Sleeve Valves
vibration-isolating-air-springs	Vibration-Isolating Air Springs
pneumatic-equipment-parts	Pneumatic Equipment Parts
power-transmission	Power Transmission
bearings	Bearings
rolling-element-bearings	Rolling-Element Bearings
plain-bearings	Plain Bearings
spherical-bearings	Spherical Bearings
cam-followers-track-rollers	Cam Followers & Track Rollers
slewing-ring-bearings	Slewing Ring Bearings
bearing-adapters-withdrawal-sleeves-locknuts	Bearing Adapters, Withdrawal Sleeves, & Locknuts
bearing-heaters	Bearing Heaters
bushings	Bushings
quick-detachable-bushings	Quick Detachable Bushings
split-taper-bushings	Split Taper Bushings
taper-lock-bushings	Taper Lock Bushings
keyless-bushings	Keyless Bushings
idler-bushings	Idler Bushings
weld-on-bushing-hubs	Weld-On Bushing Hubs
gearmotors	Gearmotors
ac-gearmotors	AC Gearmotors
dc-gearmotors	DC Gearmotors
universal-ac-dc-gearmotors	Universal AC/DC Gearmotors
gearmotor-accessories	Gearmotor Accessories
gearmotor-replacement-parts	Gearmotor Replacement Parts
speed-reducers-gearboxes	Speed Reducers & Gearboxes
speed-reducers	Speed Reducers
mounting-bases	Mounting Bases
flange-coupling-kits	Flange Coupling Kits
bushings-torque-arm-kits	Bushings & Torque Arm Kits
speed-reducer-replacement-parts	Speed Reducer Replacement Parts
brakes-clutches-torque-limiters	Brakes, Clutches & Torque Limiters
brakes-clutches	Brakes & Clutches
torque-limiters	Torque Limiters
brake-clutch-accessories	Brake & Clutch Accessories
brake-clutch-replacement-parts	Brake & Clutch Replacement Parts
shaft-couplings-universal-joints	Shaft Couplings & Universal Joints
flexible-couplings	Flexible Couplings
precision-motion-control-couplings	Precision Motion Control Couplings
rigid-couplings-shaft-adapters	Rigid Couplings & Shaft Adapters
universal-joints	Universal Joints
quick-fit-couplings	Quick-Fit Couplings
shaft-collars	Shaft Collars
one-piece-shaft-collars	One-Piece Shaft Collars
two-piece-shaft-collars	Two-Piece Shaft Collars
set-screw-shaft-collars	Set Screw Shaft Collars
thin-shaft-collars	Thin Shaft Collars
double-wide-shaft-collars	Double-Wide Shaft Collars
heavy-duty-shaft-collars	Heavy-Duty Shaft Collars
mountable-shaft-collars	Mountable Shaft Collars
mountable-clamping-lever-shaft-collars	Mountable Clamping Lever Shaft Collars
clamping-lever-shaft-collars	Clamping Lever Shaft Collars
cam-lever-quick-clamping-shaft-collars	Cam Lever Quick-Clamping Shaft Collars
shaft-collars-for-threaded-shafts	Shaft Collars for Threaded Shafts
shaft-collars-for-keyed-shafts	Shaft Collars for Keyed Shafts
shaft-collars-for-d-shafts	Shaft Collars for D-Shafts
shaft-collars-for-hexagonal-shafts	Shaft Collars for Hexagonal Shafts
bearing-locknuts	Bearing Locknuts
shaft-collar-damping-washers	Shaft Collar Damping Washers
sensor-brackets-for-shaft-collars	Sensor Brackets for Shaft Collars
belts-pulleys	Belts & Pulleys
v-belts	V-Belts
v-belt-pulleys-idlers	V-Belt Pulleys & Idlers
timing-belts	Timing Belts
timing-belt-pulleys-idlers	Timing Belt Pulleys & Idlers
round-belts	Round Belts
round-belt-pulleys	Round Belt Pulleys
flat-belts	Flat Belts
flat-belt-idler-pulleys	Flat Belt Idler Pulleys
vertical-form-fill-seal-belts	Vertical Form Fill & Seal Belts
belt-tools-gauges	Belt Tools & Gauges
roller-chains-sprockets	Roller Chains & Sprockets
roller-chains	Roller Chains
roller-chain-links-connectors	Roller Chain Links & Connectors
roller-chain-sprockets-idlers	Roller Chain Sprockets & Idlers
chain-tools	Chain Tools
belt-chain-guides-tensioners-tighteners	Belt & Chain Guides, Tensioners & Tighteners
v-belt-guides	V-Belt Guides
round-belt-guides	Round Belt Guides
elastomeric-belt-chain-tensioners	Elastomeric Belt & Chain Tensioners
self-adjusting-belt-chain-tensioners	Self-Adjusting Belt & Chain Tensioners
drive-tighteners-shafts-adapters	Drive Tighteners, Shafts & Adapters
chain-guides	Chain Guides
linear-chain-tensioners	Linear Chain Tensioners
gearing	Gearing
spur-gears	Spur Gears
helical-gears	Helical Gears
gear-racks	Gear Racks
miter-gears	Miter Gears
bevel-gears	Bevel Gears
screw-gears	Screw Gears
worm-gears	Worm Gears
internal-gears	Internal Gears
ratchet-gears-pawls	Ratchet Gears & Pawls
vibrators	Vibrators
pneumatic-vibrators-air-cannons	Pneumatic Vibrators & Air Cannons
electric-vibrators	Electric Vibrators
hydraulic-vibrators	Hydraulic Vibrators
vibrator-mounting-brackets	Vibrator Mounting Brackets
vibrator-accessories	Vibrator Accessories
linear-motion	Linear Motion
precision-linear-shafts	Precision Linear Shafts
linear-bearings	Linear Bearings
linear-guide-systems-components	Linear Guide Systems & Components
ball-screws-lead-screws	Ball Screws & Lead Screws
linear-actuators-screw-jacks	Linear Actuators & Screw Jacks
connecting-rods	Connecting Rods
rotary-shafts-accessories	Rotary Shafts & Accessories
round-rotary-shafts	Round Rotary Shafts
keyed-rotary-shafts	Keyed Rotary Shafts
partially-keyed-rotary-shafts	Partially Keyed Rotary Shafts
d-profile-rotary-shafts	D-Profile Rotary Shafts
partially-d-profile-rotary-shafts	Partially D-Profile Rotary Shafts
d-profile-rotary-shafts-with-tapped-hole	D-Profile Rotary Shafts with Tapped Hole
tapped-hole-rotary-shafts	Tapped Hole Rotary Shafts
partially-threaded-rotary-shafts	Partially Threaded Rotary Shafts
stepped-rotary-shafts	Stepped Rotary Shafts
grooved-rotary-shafts	Grooved Rotary Shafts
ball-bearing-mandrels	Ball Bearing Mandrels
mounts-for-bearings-rotary-components	Mounts for Bearings & Rotary Components
rotary-shaft-sealing	Rotary Shaft Sealing
rotary-shaft-oil-seals	Rotary Shaft Oil Seals
rotary-shaft-grease-seals	Rotary Shaft Grease Seals
spring-energized-seals	Spring-Energized Seals
wear-sleeves	Wear Sleeves
labyrinth-seals	Labyrinth Seals
spherical-rod-ends-fixed-rod-ends-yoke-ends	Spherical Rod Ends, Fixed Rod Ends, & Yoke Ends
spherical-rod-ends	Spherical Rod Ends
fixed-rod-ends	Fixed Rod Ends
clevis-yoke-ends	Clevis & Yoke Ends
pumps	Pumps
dewatering-wastewater-pumps	Dewatering & Wastewater Pumps
sump-pumps-systems	Sump Pumps & Systems
effluent-pumps	Effluent Pumps
sewage-ejector-pumps-systems	Sewage Ejector Pumps & Systems
sewage-grinder-shredder-pumps-systems	Sewage Grinder & Shredder Pumps & Systems
sink-drain-pump-systems	Sink Drain Pump Systems
sludge-pumps	Sludge Pumps
trash-dewatering-utility-pumps	Trash, Dewatering & Utility Pumps
sump-basins-stands-guide-rails	Sump Basins, Stands & Guide Rails
repair-parts-for-dewatering-wastewater-pumps	Repair Parts for Dewatering & Wastewater Pumps
well-groundwater-pumps	Well & Groundwater Pumps
submersible-deep-well-pumps	Submersible Deep-Well Pumps
shallow-well-jet-pumps	Shallow-Well Jet Pumps
convertible-well-jet-pumps	Convertible Well Jet Pumps
hand-operated-pitcher-pumps	Hand-Operated Pitcher Pumps
jet-pump-ejectors-venturi	Jet Pump Ejectors & Venturi
well-water-tanks-accessories	Well Water Tanks & Accessories
well-points-couplings-drive-caps	Well Points, Couplings & Drive Caps
well-caps-seals	Well Caps & Seals
torque-arrestors-pitless-adapters	Torque Arrestors & Pitless Adapters
repair-parts-for-well-groundwater-pumps	Repair Parts for Well & Groundwater Pumps
circulating-boosting-pumps	Circulating & Boosting Pumps
circulating-inline-centrifugal-pumps	Circulating & Inline Centrifugal Pumps
booster-pumps	Booster Pumps
condensate-pumps-boiler-feed-systems	Condensate Pumps & Boiler Feed Systems
condensate-removal-pumps	Condensate Removal Pumps
condensate-return-pump-systems	Condensate Return Pump Systems
boiler-feed-pump-systems	Boiler Feed Pump Systems
pumps-for-condensate-return-boiler-feed-systems	Pumps for Condensate Return & Boiler Feed Systems
safety-overflow-switches-for-condensate-removal-pumps	Safety Overflow Switches for Condensate Removal Pumps
repair-parts-for-condensate-pumps-boiler-feed-systems	Repair Parts for Condensate Pumps & Boiler Feed Systems
pump-control-panels-switches-alarms	Pump Control Panels, Switches & Alarms
pump-control-panels	Pump Control Panels
pump-controllers-alternators	Pump Controllers & Alternators
float-switches-for-pumps-pump-control-panels	Float Switches for Pumps & Pump Control Panels
liquid-level-alarms	Liquid Level Alarms
sump-pump-check-valves	Sump Pump Check Valves
float-switch-accessories-parts	Float Switch Accessories & Parts
pump-motor-protectors	Pump Motor Protectors
diaphragm-pumps	Diaphragm Pumps
air-operated-double-diaphragm-pumps	Air-Operated Double Diaphragm Pumps
electric-operated-double-diaphragm-pumps	Electric-Operated Double Diaphragm Pumps
natural-gas-operated-double-diaphragm-pumps	Natural Gas-Operated Double Diaphragm Pumps
diaphragm-pump-repair-parts	Diaphragm Pump Repair Parts
pulsation-dampeners	Pulsation Dampeners
straight-self-priming-submersible-centrifugal-pumps	Straight, Self-Priming & Submersible Centrifugal Pumps
straight-centrifugal-pumps-motors-impellers-seals	Straight Centrifugal Pumps, Motors, Impellers & Seals
self-priming-pumps-motors-impellers-seal-kits	Self-Priming Pumps, Motors, Impellers & Seal Kits
submersible-centrifugal-pumps	Submersible Centrifugal Pumps
turbine-pumps	Turbine Pumps
pedestal-pumps	Pedestal Pumps
mounting-bases-for-centrifugal-pumps	Mounting Bases for Centrifugal Pumps
impellers-for-turbine-pumps	Impellers for Turbine Pumps
seals-gaskets-for-turbine-pumps	Seals & Gaskets for Turbine Pumps
mechanical-shaft-seals-for-pumps	Mechanical Shaft Seals for Pumps
rotary-gear-pumps	Rotary Gear Pumps
rotary-gear-pumps-with-motor	Rotary Gear Pumps with Motor
rotary-gear-pump-heads	Rotary Gear Pump Heads
pedestal-mount-rotary-gear-pumps	Pedestal-Mount Rotary Gear Pumps
motors-for-rotary-gear-pumps	Motors for Rotary Gear Pumps
repair-parts-for-rotary-gear-pumps	Repair Parts for Rotary Gear Pumps
rotary-vane-pumps	Rotary Vane Pumps
rotary-vane-pumps-with-motor	Rotary Vane Pumps with Motor
rotary-vane-pump-heads	Rotary Vane Pump Heads
mounting-parts-accessories-for-rotary-vane-pump-heads	Mounting Parts & Accessories for Rotary Vane Pump Heads
repair-kits-for-rotary-vane-pumps	Repair Kits for Rotary Vane Pumps
progressive-cavity-pumps	Progressive Cavity Pumps
standard-suction-progressive-cavity-pumps	Standard Suction Progressive Cavity Pumps
hopper-feed-progressive-cavity-pumps	Hopper-Feed Progressive Cavity Pumps
metering-progressive-cavity-pumps	Metering Progressive Cavity Pumps
repair-parts-for-progressive-cavity-pumps	Repair Parts for Progressive Cavity Pumps
drum-pumps	Drum Pumps
manually-operated-industrial-drum-pumps	Manually-Operated Industrial Drum Pumps
electric-industrial-drum-pumps	Electric Industrial Drum Pumps
air-operated-industrial-drum-pumps	Air-Operated Industrial Drum Pumps
cordless-battery-powered-drum-pumps	Cordless Battery-Powered Drum Pumps
hydraulic-operated-industrial-drum-pumps	Hydraulic-Operated Industrial Drum Pumps
manually-operated-sanitary-drum-pumps	Manually-Operated Sanitary Drum Pumps
electric-sanitary-drum-pumps	Electric Sanitary Drum Pumps
air-operated-sanitary-drum-pumps	Air-Operated Sanitary Drum Pumps
tank-drum-pump-systems	Tank & Drum Pump Systems
drum-pump-accessories-parts	Drum Pump Accessories & Parts
gasoline-diesel-jugs	Gasoline & Diesel Jugs
fuel-def-transfer-pumps	Fuel & DEF Transfer Pumps
fuel-transfer-pumps	Fuel Transfer Pumps
def-transfer-pumps	DEF Transfer Pumps
nozzles-for-fuel-def-transfer-pumps	Nozzles for Fuel & DEF Transfer Pumps
discharge-hoses-for-fuel-def-transfer-pumps	Discharge Hoses for Fuel & DEF Transfer Pumps
swivels-breakaways-adaptors-for-fuel-def-transfer-pumps	Swivels, Breakaways & Adaptors for Fuel & DEF Transfer Pumps
filters-for-fuel-transfer-pumps	Filters for Fuel Transfer Pumps
meters-for-fuel-def-transfer-pumps	Meters for Fuel & DEF Transfer Pumps
suction-tubes-hoses-for-fuel-def-transfer-pumps	Suction Tubes & Hoses for Fuel & DEF Transfer Pumps
couplings-valves-fittings-for-def-transfer-pumps	Couplings, Valves & Fittings for DEF Transfer Pumps
repair-parts-for-fuel-def-transfer-pumps	Repair Parts for Fuel & DEF Transfer Pumps
chemical-metering-pumps	Chemical Metering Pumps
diaphragm-chemical-metering-pumps	Diaphragm Chemical Metering Pumps
peristaltic-chemical-metering-pumps	Peristaltic Chemical Metering Pumps
peristaltic-hose-pumps	Peristaltic Hose Pumps
progressive-cavity-chemical-metering-pumps	Progressive Cavity Chemical Metering Pumps
fittings-valves-for-chemical-metering-pumps	Fittings & Valves for Chemical Metering Pumps
tubing-hoses-for-chemical-metering-pumps	Tubing & Hoses for Chemical Metering Pumps
in-line-mixers-flow-indicators-for-chemical-metering-pumps	In-Line Mixers & Flow Indicators for Chemical Metering Pumps
controllers-for-chemical-metering-pumps	Controllers for Chemical Metering Pumps
feed-tanks-for-chemical-metering-pumps	Feed Tanks for Chemical Metering Pumps
repair-kits-parts-for-peristaltic-metering-pumps	Repair Kits & Parts for Peristaltic Metering Pumps
repair-kits-parts-for-diaphragm-metering-pumps	Repair Kits & Parts for Diaphragm Metering Pumps
pump-enclosures	Pump Enclosures
mounting-brackets-shelves-for-chemical-metering-pumps	Mounting Brackets & Shelves for Chemical Metering Pumps
sprayer-washer-pumps	Sprayer & Washer Pumps
electric-sprayer-pumps	Electric Sprayer Pumps
air-operated-sprayer-pumps	Air-Operated Sprayer Pumps
roller-spray-pumps	Roller Spray Pumps
pressure-washer-pumps	Pressure Washer Pumps
repair-kits-for-electric-sprayer-pumps	Repair Kits for Electric Sprayer Pumps
repair-kits-for-roller-spray-pumps	Repair Kits for Roller Spray Pumps
pto-couplings-for-roller-spray-pumps	PTO Couplings for Roller Spray Pumps
chemical-injectors-for-pressure-washer-pumps	Chemical Injectors for Pressure Washer Pumps
mounts-for-pressure-washer-pumps	Mounts for Pressure Washer Pumps
fittings-for-sprayer-pumps	Fittings for Sprayer Pumps
pond-aeration-fountain-waterfall-pumps	Pond Aeration, Fountain & Waterfall Pumps
pond-wastewater-aerators	Pond & Wastewater Aerators
decorative-fountain-pumps	Decorative Fountain Pumps
pond-waterfall-pumps	Pond & Waterfall Pumps
pond-fountain-waterfall-treatment-cleaning-lights	Pond, Fountain & Waterfall Treatment, Cleaning & Lights
hydrostatic-test-pumps	Hydrostatic Test Pumps
electric-hydrostatic-test-pumps	Electric Hydrostatic Test Pumps
air-operated-hydrostatic-test-pumps	Air-Operated Hydrostatic Test Pumps
engine-driven-hydrostatic-test-pumps	Engine-Driven Hydrostatic Test Pumps
hand-operated-hydrostatic-test-pumps	Hand-Operated Hydrostatic Test Pumps
fire-hose-testers	Fire Hose Testers
hoses-for-hydrostatic-test-pumps	Hoses for Hydrostatic Test Pumps
repair-kits-parts-for-hydrostatic-test-pumps	Repair Kits & Parts for Hydrostatic Test Pumps
marine-pumps	Marine Pumps
marine-straight-centrifugal-pumps	Marine Straight Centrifugal Pumps
marine-submersible-straight-centrifugal-pumps	Marine Submersible Straight Centrifugal Pumps
marine-utility-pumps	Marine Utility Pumps
bait-live-well-pumps	Bait & Live Well Pumps
marine-bilge-pumps	Marine Bilge Pumps
engine-driven-fire-pumps	Engine-Driven Fire Pumps
jet-eductors	Jet Eductors
flow-level-measurement-controls	Flow & Level Measurement & Controls
tube-style-liquid-level-sight-glasses	Tube-Style Liquid Level Sight Glasses
flowmeters-totalizers	Flowmeters & Totalizers
sight-glass-flow-indicators	Sight Glass Flow Indicators
level-sensors-transmitters	Level Sensors & Transmitters
flow-switches	Flow Switches
pump-seals-packing	Pump Seals & Packing
compression-packing	Compression Packing
seal-kits-gaskets-for-booster-pumps	Seal Kits & Gaskets for Booster Pumps
pump-replacement-parts	Pump Replacement Parts
pumps-parts	Pumps Parts
raw-materials	Raw Materials
metals	Metals
aluminum	Aluminum
stainless-steel	Stainless Steel
carbon-steel	Carbon Steel
alloy-steel	Alloy Steel
tool-steel	Tool Steel
brass	Brass
bronze	Bronze
copper	Copper
titanium	Titanium
cast-iron	Cast Iron
nickel	Nickel
plastics	Plastics
plastic-sheets-bars	Plastic Sheets & Bars
plastic-films-rolls	Plastic Films & Rolls
plastic-rods-discs	Plastic Rods & Discs
plastic-tubes	Plastic Tubes
plastic-angles-channels	Plastic Angles & Channels
plastic-full-rounds-j-legs-snap-ons	Plastic Full Rounds, J Legs & Snap-Ons
plastic-perforated-sheets	Plastic Perforated Sheets
plastic-pellets-colorants	Plastic Pellets & Colorants
plastic-balls	Plastic Balls
plastic-half-rounds	Plastic Half Rounds
plastic-dog-bones	Plastic Dog Bones
plastic-application-tools	Plastic Application Tools
fiberglass-carbon-fiber-composites	Fiberglass & Carbon Fiber Composites
structural-fiberglass-reinforced-plastics	Structural Fiberglass Reinforced Plastics
electrical-insulating-fiberglass-epoxy-laminates	Electrical Insulating Fiberglass Epoxy Laminates
high-strength-carbon-fiber-reinforced-plastics	High-Strength Carbon Fiber Reinforced Plastics
rubber	Rubber
rubber-sheets-strips-rolls	Rubber Sheets, Strips & Rolls
rubber-rods	Rubber Rods
rubber-tubes	Rubber Tubes
rubber-balls	Rubber Balls
foam	Foam
foam-sheets-strips-rolls	Foam Sheets, Strips & Rolls
foam-tubes	Foam Tubes
foam-rings	Foam Rings
foam-cord-stock	Foam Cord Stock
wire-mesh-accessories	Wire Mesh & Accessories
wire-mesh-u-edging	Wire Mesh U-Edging
wire-mesh	Wire Mesh
cork	Cork
cork-sheets-strips-rolls	Cork Sheets, Strips & Rolls
tapered-cork	Tapered Cork
felt	Felt
filter-felt	Filter Felt
firm-abrasion-impact-resistant-felt	Firm Abrasion- & Impact-Resistant Felt
hard-buffing-high-use-felt	Hard Buffing & High-Use Felt
soft-absorbing-dampening-felt	Soft Absorbing & Dampening Felt
fabrics	Fabrics
burlap-fabric	Burlap Fabric
uncoated-fiberglass-fabric	Uncoated Fiberglass Fabric
ptfe-coated-non-stick-fiberglass-fabric	PTFE-Coated Non-Stick Fiberglass Fabric
silicone-coated-high-temperature-fiberglass-fabric	Silicone-Coated High-Temperature Fiberglass Fabric
graphite	Graphite
graphite-flat-bars-sheets-plates	Graphite Flat Bars, Sheets & Plates
graphite-rods	Graphite Rods
graphite-round-tubes	Graphite Round Tubes
safety	Safety
hand-arm-protection	Hand & Arm Protection
safety-gloves	Safety Gloves
protective-sleeves	Protective Sleeves
finger-protection	Finger Protection
glove-dispensers-accessories	Glove Dispensers & Accessories
footwear-footwear-accessories	Footwear & Footwear Accessories
safety-toe-work-boots-shoes	Safety-Toe Work Boots & Shoes
plain-toe-work-boots-shoes	Plain-Toe Work Boots & Shoes
rubber-boots-waders	Rubber Boots & Waders
overboots-overshoes	Overboots & Overshoes
traction-devices	Traction Devices
insoles	Insoles
work-socks-boot-liners	Work Socks & Boot Liners
footwear-cleaning-care-accessories	Footwear Cleaning, Care & Accessories
eye-face-protection	Eye & Face Protection
safety-glasses-accessories	Safety Glasses & Accessories
safety-goggles-accessories	Safety Goggles & Accessories
face-shields-accessories	Face Shields & Accessories
cleaners-dispensers-for-eye-face-protection	Cleaners & Dispensers for Eye & Face Protection
hearing-protection	Hearing Protection
earplugs	Earplugs
earplug-dispensers-refills	Earplug Dispensers & Refills
earmuffs	Earmuffs
noise-reducing-communication-headsets-earplugs	Noise-Reducing Communication Headsets & Earplugs
hearing-conservation-testing-systems	Hearing Conservation & Testing Systems
head-protection	Head Protection
hard-hats-safety-helmets	Hard Hats & Safety Helmets
bump-caps	Bump Caps
head-protection-tethers	Head Protection Tethers
head-protection-storage	Head Protection Storage
head-protection-labels	Head Protection Labels
protective-clothing	Protective Clothing
aluminized-heat-resistant-clothing	Aluminized Heat-Resistant Clothing
arc-flash-flame-resistant-protective-clothing	Arc Flash & Flame-Resistant Protective Clothing
chemical-liquid-particulate-protective-clothing	Chemical, Liquid & Particulate Protective Clothing
cleanroom-protective-clothing	Cleanroom Protective Clothing
cryogenic-protective-clothing	Cryogenic Protective Clothing
cut-resistant-protective-clothing	Cut-Resistant Protective Clothing
hairnets-bouffants-beard-nets	Hairnets, Bouffants & Beard Nets
high-visibility-protective-clothing	High-Visibility Protective Clothing
multi-hazard-protective-clothing	Multi-Hazard Protective Clothing
welding-protective-clothing	Welding Protective Clothing
dispensers-for-protective-clothing	Dispensers for Protective Clothing
elbow-knee-pads	Elbow & Knee Pads
workwear	Workwear
chemical-warmers	Chemical Warmers
cooling-vests-shirts	Cooling Vests & Shirts
electronically-heated-workwear	Electronically Heated Workwear
general-purpose-work-apparel	General Purpose Work Apparel
medical-scrubs	Medical Scrubs
lab-coats-and-jackets	Lab Coats and Jackets
rainwear	Rainwear
snakebite-protective-gaiters	Snakebite Protective Gaiters
duffel-bags-backpacks-draw-string-bags	Duffel Bags, Backpacks & Draw String Bags
fall-protection	Fall Protection
fall-protection-harnesses-body-belts	Fall Protection Harnesses & Body Belts
self-retracting-lifelines-fall-protection-lanyards	Self-Retracting Lifelines & Fall Protection Lanyards
anchorage-connectors	Anchorage Connectors
fall-protection-kits	Fall Protection Kits
fall-rescue-descent-equipment	Fall Rescue & Descent Equipment
ladder-lifeline-systems	Ladder Lifeline Systems
horizontal-lifelines	Horizontal Lifelines
vertical-rope-lifelines-rope-grabs	Vertical Rope Lifelines & Rope Grabs
carabiners-for-fall-protection	Carabiners for Fall Protection
guardrails-gates-warning-lines-for-fall-prevention	Guardrails, Gates & Warning Lines for Fall Prevention
pole-climbing-equipment	Pole Climbing Equipment
tool-tethering-dropped-object-safety	Tool Tethering & Dropped-Object Safety
confined-space	Confined Space
confined-space-fans-ventilation	Confined Space Fans & Ventilation
confined-space-entry-retrieval	Confined Space Entry & Retrieval
confined-space-permits-permit-holders	Confined Space Permits & Permit Holders
manhole-entry-retrieval-fall-prevention	Manhole Entry, Retrieval & Fall Prevention
respiratory-protection	Respiratory Protection
disposable-respirators-masks	Disposable Respirators & Masks
emergency-escape-respirators	Emergency Escape Respirators
papr-powered-air-purifying-respirator-systems-components	PAPR (Powered Air-Purifying Respirator) Systems & Components
respirator-cleaning-kits-wipes	Respirator Cleaning Kits & Wipes
respirator-fit-testing	Respirator Fit Testing
respiratory-equipment-storage	Respiratory Equipment Storage
reusable-respirators-replacement-filters-cartridges	Reusable Respirators, Replacement Filters & Cartridges
sar-supplied-air-respirator-systems-components	SAR (Supplied-Air Respirator) Systems & Components
scba-self-contained-breathing-apparatus-systems-components	SCBA (Self-Contained Breathing Apparatus) Systems & Components
gas-detection	Gas Detection
portable-gas-detection	Portable Gas Detection
fixed-gas-detection	Fixed Gas Detection
sorbents-spill-control-spill-containment	Sorbents, Spill Control & Spill Containment
sorbents-spill-kits	Sorbents & Spill Kits
spill-containment-pallets-platforms-dollies	Spill Containment Pallets, Platforms & Dollies
spill-trays-drip-pillows-leak-protection	Spill Trays, Drip Pillows & Leak Protection
drain-protection-stormwater-filtration	Drain Protection & Stormwater Filtration
spill-containment-berms-dikes-pools	Spill Containment Berms, Dikes & Pools
hose-wraps-bibs	Hose Wraps & Bibs
traffic-safety	Traffic Safety
traffic-cones-accessories	Traffic Cones & Accessories
traffic-delineator-posts-accessories	Traffic Delineator Posts & Accessories
traffic-channelizer-cones-pannels	Traffic Channelizer Cones & Pannels
traffic-barrels-accessories	Traffic Barrels & Accessories
traffic-barricades-accessories	Traffic Barricades & Accessories
pavement-markers-tape	Pavement Markers & Tape
roadway-utility-markers	Roadway & Utility Markers
speed-bumps-rumble-strips	Speed Bumps & Rumble Strips
parking-curbs	Parking Curbs
safety-security-mirrors	Safety & Security Mirrors
traffic-paddles-flags-batons	Traffic Paddles, Flags & Batons
safety-flares	Safety Flares
ada-compliant-warning-pads	ADA-Compliant Warning Pads
hole-trench-covers	Hole & Trench Covers
collision-warning-systems	Collision Warning Systems
signs-facility-identification-products	Signs & Facility Identification Products
label-makers-supplies	Label Makers & Supplies
signs-labels-tags	Signs, Labels & Tags
5s-storage-labeling	5S Storage & Labeling
safety-facility-banners-posters-mirrors	Safety & Facility Banners, Posters & Mirrors
floor-marking-tape-shapes-applicators	Floor Marking Tape, Shapes & Applicators
utility-location-marking	Utility & Location Marking
stencils	Stencils
stamping-tools	Stamping Tools
letters-numbers	Letters & Numbers
lockout-tagout	Lockout Tagout
lockout-padlocks	Lockout Padlocks
electrical-lockout-devices	Electrical Lockout Devices
valve-lockout-devices	Valve Lockout Devices
cable-lockout-devices	Cable Lockout Devices
steering-wheel-lockout-devices	Steering Wheel Lockout Devices
flange-lockout-devices	Flange Lockout Devices
gas-cylinder-lockout-devices	Gas Cylinder Lockout Devices
pneumatic-lockout-devices	Pneumatic Lockout Devices
lockout-hasps	Lockout Hasps
group-lockout-boxes	Group Lockout Boxes
tagout-tags	Tagout Tags
lockout-stations-kits	Lockout Stations & Kits
confined-space-covers	Confined Space Covers
electric-vehicle-lockout-devices	Electric Vehicle Lockout Devices
safety-storage	Safety Storage
safety-cabinets	Safety Cabinets
battery-storage-containment	Battery Storage & Containment
safety-cans-tanks	Safety Cans & Tanks
safety-disposal	Safety Disposal
aerosol-can-recycling-equipment	Aerosol Can Recycling Equipment
safety-alarms-warning-lights	Safety Alarms & Warning Lights
audible-alarms	Audible Alarms
warning-lights-strobes	Warning Lights & Strobes
combination-audible-visual-alarms	Combination Audible & Visual Alarms
accessories-replacement-parts-for-audible-alarms	Accessories & Replacement Parts for Audible Alarms
guards-covers-for-alarms-wall-fixtures	Guards & Covers for Alarms & Wall Fixtures
eyewash-equipment-safety-showers	Eyewash Equipment & Safety Showers
eyewash-stations	Eyewash Stations
safety-showers	Safety Showers
safety-showers-with-eyewash-station	Safety Showers with Eyewash Station
portable-eyewash-stations	Portable Eyewash Stations
portable-safety-showers-with-eyewash	Portable Safety Showers with Eyewash
thermostatic-mixing-valves-water-heaters-for-eyewash-equipment-safety-showers	Thermostatic Mixing Valves & Water Heaters for Eyewash Equipment & Safety Showers
alarm-systems-for-eyewash-equipment-safety-showers	Alarm Systems for Eyewash Equipment & Safety Showers
accessories-testing-supplies-for-eyewash-equipment-safety-showers	Accessories & Testing Supplies for Eyewash Equipment & Safety Showers
replacement-parts-for-eyewash-equipment-safety-showers	Replacement Parts for Eyewash Equipment & Safety Showers
supplemental-eyewash-bottles-stations	Supplemental Eyewash Bottles & Stations
floor-mats	Floor Mats
antifatigue-drainage-mats	Antifatigue & Drainage Mats
traction-floor-mats	Traction Floor Mats
entrance-mats	Entrance Mats
floor-protection-mats	Floor Protection Mats
sticky-surface-floor-mats	Sticky-Surface Floor Mats
footwear-sanitizing-mats	Footwear-Sanitizing Mats
static-control-mats	Static-Control Mats
electric-shock-protection-mats	Electric-Shock Protection Mats
heated-mats	Heated Mats
antislip-tapes-treads-stair-nosings	Antislip Tapes, Treads & Stair Nosings
antislip-tape	Antislip Tape
antislip-tape-treads	Antislip Tape Treads
antislip-stair-nosings	Antislip Stair Nosings
antislip-stair-treads	Antislip Stair Treads
antislip-stair-tread-covers-nosings	Antislip Stair Tread Covers & Nosings
antislip-stair-landing-covers	Antislip Stair Landing Covers
antislip-deck-sheets-plates	Antislip Deck Sheets & Plates
fire-protection	Fire Protection
fire-suppressants-for-electrical-enclosures-equipment	Fire Suppressants for Electrical Enclosures & Equipment
carbon-monoxide-smoke-detectors	Carbon Monoxide & Smoke Detectors
facility-fire-alarm-systems	Facility Fire Alarm Systems
fire-extinguishers-accessories	Fire Extinguishers & Accessories
fire-hoses-nozzles-storage	Fire Hoses, Nozzles & Storage
fire-hydrant-standpipe-accessories	Fire Hydrant & Standpipe Accessories
firefighting-foams	Firefighting Foams
fire-blankets	Fire Blankets
firefighting-tools	Firefighting Tools
fire-escape-ladders	Fire Escape Ladders
firestops-barriers	Firestops & Barriers
flame-resistant-retardant-treatments	Flame Resistant & Retardant Treatments
fire-rescue-fans	Fire & Rescue Fans
wildland-firefighting-tools-equipment	Wildland Firefighting Tools & Equipment
fire-suppressants-for-lithium-ion-batteries	Fire Suppressants for Lithium Ion Batteries
anti-freeze-protection-fluids-for-sprinkler-systems	Anti-freeze Protection Fluids for Sprinkler Systems
hydration-products	Hydration Products
bottled-water	Bottled Water
sports-drinks-thirst-quenchers	Sports Drinks & Thirst Quenchers
chest-coolers-accessories	Chest Coolers & Accessories
soft-sided-coolers	Soft-Sided Coolers
beverage-dispensing-coolers-accessories	Beverage-Dispensing Coolers & Accessories
reusable-ice-packs	Reusable Ice Packs
water-containers-for-storage-transport	Water Containers for Storage & Transport
water-bottles-cups-jugs	Water Bottles, Cups & Jugs
hydration-packs-accessories	Hydration Packs & Accessories
emergency-preparedness-products	Emergency Preparedness Products
temporary-emergency-shelters-incident-command-supplies	Temporary Emergency Shelters & Incident Command Supplies
emergency-survival-kits-rations	Emergency Survival Kits & Rations
weather-natural-disaster-preparedness	Weather & Natural Disaster Preparedness
decontamination-showers-equipment	Decontamination Showers & Equipment
first-aid-wound-care	First Aid & Wound Care
first-aid-kits	First Aid Kits
first-aid-bandages-wound-dressings	First Aid Bandages & Wound Dressings
topical-first-aid-medications-treatments	Topical First Aid Medications & Treatments
oral-inhalant-first-aid-medications-treatments	Oral & Inhalant First Aid Medications & Treatments
heat-packs-cold-packs	Heat Packs & Cold Packs
medicine-vending-machines	Medicine Vending Machines
medical-supplies-equipment	Medical Supplies & Equipment
aed-cpr-equipment	AED & CPR Equipment
airway-opening-oxygen-delivery-equipment	Airway Opening & Oxygen Delivery Equipment
ems-rescue-tools	EMS & Rescue Tools
emergency-exam-room-supplies	Emergency & Exam Room Supplies
exam-room-furnishings	Exam Room Furnishings
healthcare-lighting	Healthcare Lighting
iv-supplies	IV Supplies
medical-diagnostics	Medical Diagnostics
incontinence-supplies-commode-chairs	Incontinence Supplies & Commode Chairs
patient-resident-monitoring	Patient & Resident Monitoring
rehabilitation-durable-medical-equipment	Rehabilitation & Durable Medical Equipment
joint-back-support	Joint & Back Support
kneeling-pads	Kneeling Pads
elbow-knee-shoulder-supports	Elbow, Knee & Shoulder Supports
back-supports	Back Supports
wrist-supports-and-wraps	Wrist Supports and Wraps
arc-flash-protection	Arc Flash Protection
arc-protection-blankets	Arc Protection Blankets
electrical-safety-accessories	Electrical Safety Accessories
electrical-sticks-rescue-hooks	Electrical Sticks & Rescue Hooks
grounding-equipment	Grounding Equipment
insulating-line-hoses	Insulating Line Hoses
shock-protection-blankets	Shock Protection Blankets
training	Training
labor-law-posters-workplace-legal-notices	Labor Law Posters & Workplace Legal Notices
workplace-skills-training-systems	Workplace Skills Training Systems
workplace-safety-compliance-training	Workplace Safety & Compliance Training
human-resources-training	Human Resources Training
water-safety	Water Safety
water-suits-accessories	Water Suits & Accessories
life-jackets-pfds-rearming-kits	Life Jackets, PFDs & Rearming Kits
throwable-flotation-rescue-aids	Throwable Flotation Rescue Aids
rescue-boats	Rescue Boats
safety-equipment-replacement-parts	Safety Equipment Replacement Parts
safety-equipment-parts	Safety Equipment Parts
security	Security
access-barriers-crowd-control	Access Barriers & Crowd Control
bollards-bollard-covers	Bollards & Bollard Covers
retractable-belt-barriers	Retractable Belt Barriers
plastic-chain-barriers	Plastic Chain Barriers
rope-barriers	Rope Barriers
post-top-signs-accessories	Post Top Signs & Accessories
barrier-flagging-tape	Barrier & Flagging Tape
barrier-safety-fencing	Barrier & Safety Fencing
railing-expandable-modular-barricades	Railing, Expandable & Modular Barricades
turnstiles-swing-gates	Turnstiles & Swing Gates
gate-operator-systems-vehicle-detectors	Gate Operator Systems & Vehicle Detectors
metal-detectors-scanners-accessories	Metal Detectors, Scanners & Accessories
walk-through-metal-detectors	Walk-Through Metal Detectors
handheld-metal-detectors	Handheld Metal Detectors
metal-detector-scanner-accessories	Metal Detector & Scanner Accessories
explosive-detectors-neutralizers	Explosive Detectors & Neutralizers
security-access-doors	Security & Access Doors
access-inspection-service-doors	Access & Inspection Service Doors
security-doors-door-frames	Security Doors & Door Frames
door-louver-kits-window-kits-replacement-glass	Door Louver Kits, Window Kits & Replacement Glass
counter-shutters	Counter Shutters
folding-security-gates	Folding Security Gates
key-control-duplication	Key Control & Duplication
key-cabinets	Key Cabinets
key-tags	Key Tags
key-rings-clips-lanyards	Key Rings, Clips & Lanyards
lockboxes	Lockboxes
key-duplicators	Key Duplicators
accessories-for-key-duplicators	Accessories for Key Duplicators
key-blanks	Key Blanks
id-cards-printers-supplies	ID Cards, Printers & Supplies
id-card-printers-encoders-laminators	ID Card Printers, Encoders & Laminators
id-card-blanks-laminates-printer-ribbons	ID Card Blanks, Laminates & Printer Ribbons
accessories-for-id-card-printers	Accessories for ID Card Printers
security-badges-wristbands-hangers	Security Badges, Wristbands & Hangers
security-id-holders-accessories	Security ID Holders & Accessories
locks	Locks
keyed-padlocks-padlock-keys	Keyed Padlocks & Padlock Keys
combination-padlocks-control-keys	Combination Padlocks & Control Keys
bluetooth-padlocks	Bluetooth Padlocks
cable-locks	Cable Locks
padlock-cables-chains-anchors	Padlock Cables, Chains & Anchors
padlock-guards-padlock-guards-with-lock	Padlock Guards & Padlock Guards with Lock
cam-locker-cabinet-drawer-locks	Cam, Locker, Cabinet & Drawer Locks
mailboxes-mailbox-accessories	Mailboxes & Mailbox Accessories
mailboxes	Mailboxes
mailbox-posts-pedestals	Mailbox Posts & Pedestals
accessories-replacement-products-for-mailboxes	Accessories & Replacement Products for Mailboxes
safes	Safes
security-safes	Security Safes
depository-safes	Depository Safes
gun-safes	Gun Safes
pharmacy-safes	Pharmacy Safes
hotel-safes	Hotel Safes
portable-safes-diversion-safes	Portable Safes & Diversion Safes
accessories-for-safes	Accessories for Safes
security-alarms-warnings	Security Alarms & Warnings
door-alarms-warnings	Door Alarms & Warnings
accessories-for-door-alarms	Accessories for Door Alarms
security-systems	Security Systems
security-equipment-replacement-parts	Security Equipment Replacement Parts
security-equipment-parts	Security Equipment Parts
military-tactical-public-security-equipment	Military, Tactical & Public Security Equipment
clothing-protective-equipment-for-military-ems-law-enforcement	Clothing & Protective Equipment for Military, EMS & Law Enforcement
military-public-safety-firefighting-footwear	Military, Public Safety & Firefighting Footwear
duty-gear-holsters-tactical-backpacks	Duty Gear, Holsters & Tactical Backpacks
binoculars-scopes-thermal-imaging-night-vision-devices	Binoculars, Scopes, Thermal Imaging & Night Vision Devices
law-enforcement-public-security-protective-equipment	Law Enforcement & Public Security Protective Equipment
evidence-management-forensics-equipment	Evidence Management & Forensics Equipment
weapon-storage-maintenance-shooting-targets	Weapon Storage, Maintenance & Shooting Targets
firefighting-clothing-rescue-equipment	Firefighting Clothing & Rescue Equipment
security-seals	Security Seals
high-security-seals	High Security Seals
tamper-evident-seals	Tamper-Evident Seals
asset-tracking-protection	Asset Tracking & Protection
video-surveillance	Video Surveillance
video-surveillance-cameras-systems	Video Surveillance Cameras & Systems
vehicular-video-surveillance	Vehicular Video Surveillance
video-surveillance-devices-accessories	Video Surveillance Devices & Accessories
test-instruments	Test Instruments
electrical-power-testing	Electrical Power Testing
multimeters	Multimeters
accessories-for-multimeters-clamp-meters	Accessories for Multimeters & Clamp Meters
clamp-meters	Clamp Meters
resistance-testers	Resistance Testers
test-leads-test-probes	Test Leads & Test Probes
power-quality-testers	Power Quality Testers
voltage-detectors-voltage-testers-continuity-testers	Voltage Detectors, Voltage Testers & Continuity Testers
multimeter-clamp-meter-combination-kits	Multimeter & Clamp Meter Combination Kits
circuit-tracers-breakers	Circuit Tracers & Breakers
utility-ground-fault-locators	Utility & Ground Fault Locators
appliance-medical-testers	Appliance & Medical Testers
receptacle-gfci-testers-analyzers	Receptacle & GFCI Testers & Analyzers
high-voltage-testers	High-Voltage Testers
phasing-motor-rotation-meters	Phasing & Motor Rotation Meters
cable-height-meters	Cable Height Meters
capacitor-testers	Capacitor Testers
installation-testers	Installation Testers
test-instrument-carrying-cases	Test Instrument Carrying Cases
ac-current-line-splitters	AC Current Line Splitters
portable-oscilloscopes-accessories	Portable Oscilloscopes & Accessories
energy-management-supplies	Energy Management Supplies
static-monitoring-systems	Static Monitoring Systems
usb-testers	USB Testers
pressure-vacuum-measurement	Pressure & Vacuum Measurement
pressure-vacuum-gauges	Pressure & Vacuum Gauges
differential-pressure-gauges-indicators-transducers	Differential Pressure Gauges, Indicators & Transducers
pressure-vacuum-transmitters	Pressure & Vacuum Transmitters
differential-pressure-transmitters	Differential Pressure Transmitters
manometers-pressure-meters	Manometers & Pressure Meters
submersible-level-transmitters	Submersible Level Transmitters
pressure-gauge-transmitter-accessories	Pressure Gauge & Transmitter Accessories
airflow-static-pressure-accessories	Airflow & Static Pressure Accessories
temperature-and-environmental-measurement	Temperature and Environmental Measurement
infrared-temperature-measurement	Infrared Temperature Measurement
environmental-measurement	Environmental Measurement
temperature-probes-components	Temperature Probes & Components
handheld-benchtop-temperature-meters	Handheld & Benchtop Temperature Meters
fixed-location-thermometers-thermowells	Fixed-Location Thermometers & Thermowells
temperature-calibrators	Temperature Calibrators
clip-on-pocket-thermometers	Clip-On & Pocket Thermometers
controlled-critical-environment-thermometers-monitoring	Controlled Critical Environment Thermometers & Monitoring
temperature-strips-dots	Temperature Strips & Dots
liquid-in-glass-laboratory-thermometers	Liquid-in-Glass & Laboratory Thermometers
digital-temperature-humidity-switches	Digital Temperature & Humidity Switches
temperature-humidity-transmitters	Temperature & Humidity Transmitters
voice-data-testing	Voice & Data Testing
copper-cable-testing-instruments	Copper Cable Testing Instruments
tone-generators-and-speaker-probes-kits	Tone Generators and Speaker Probes & Kits
fiber-optic-cable-testing-instruments	Fiber Optic Cable Testing Instruments
network-testing-instruments	Network Testing Instruments
telephone-line-test-sets	Telephone Line Test Sets
time-domain-reflectometers	Time Domain Reflectometers
copper-cable-testing-accessories	Copper Cable Testing Accessories
fiber-optic-cable-testing-accessories	Fiber Optic Cable Testing Accessories
replacement-parts-for-construction-and-road-material-testing	Replacement Parts for Construction and Road Material Testing
leak-testing	Leak Testing
ultrasonic-leak-detectors	Ultrasonic Leak Detectors
ultrasonic-leak-detector-accessories	Ultrasonic Leak Detector Accessories
acoustic-imaging-cameras	Acoustic Imaging Cameras
vibration-testing	Vibration Testing
vibration-meters	Vibration Meters
vibration-meter-accessories	Vibration Meter Accessories
sound-testing	Sound Testing
sound-level-meters-kits	Sound Level Meters & Kits
sound-level-meter-cables-accessories	Sound Level Meter Cables & Accessories
sound-level-calibrators	Sound Level Calibrators
light-testing	Light Testing
light-meters	Light Meters
video-inspection-equipment	Video Inspection Equipment
borescopes	Borescopes
borescope-accessories	Borescope Accessories
rotational-speed-testing	Rotational Speed Testing
tachometers	Tachometers
tachometer-sensors	Tachometer Sensors
tachometer-accessories	Tachometer Accessories
stroboscopes	Stroboscopes
stroboscope-accessories	Stroboscope Accessories
thickness-testing	Thickness Testing
ultrasonic-thickness-gauges-accessories	Ultrasonic Thickness Gauges & Accessories
coating-thickness-gauges-accessories	Coating Thickness Gauges & Accessories
force-testing	Force Testing
force-gauge-accessories	Force Gauge Accessories
force-gauges	Force Gauges
nonelectrical-properties-testing	Nonelectrical Properties Testing
conductivity-level-equipment	Conductivity Level Equipment
cleaning-efficiency-meters-accessories	Cleaning Efficiency Meters & Accessories
stopwatches-timers	Stopwatches & Timers
radiation-detectors-accessories	Radiation Detectors & Accessories
hydronic-manometers	Hydronic Manometers
magnetic-field-meters	Magnetic Field Meters
adhesion-testers-accessories	Adhesion Testers & Accessories
instrument-training	Instrument Training
milk-pasteurization-testers-accessories	Milk Pasteurization Testers & Accessories
wire-length-meters-accessories	Wire Length Meters & Accessories
color-analyzers	Color Analyzers
samplers	Samplers
coating-pin-hole-detectors	Coating Pin Hole Detectors
liquid-level-temperature-controls	Liquid Level & Temperature Controls
soluble-salt-testers-accessories	Soluble Salt Testers & Accessories
air-movement-quality-testing	Air Movement & Quality Testing
air-movement-testing	Air Movement Testing
indoor-air-quality-testing	Indoor Air Quality Testing
data-recording	Data Recording
nonelectrical-properties-data-loggers-accessories	Nonelectrical Properties Data Loggers & Accessories
circular-chart-recorders-accessories	Circular Chart Recorders & Accessories
electrical-properties-data-loggers	Electrical Properties Data Loggers
strip-chart-temperature-recorders-accessories	Strip Chart Temperature Recorders & Accessories
portable-kwh-recorders-monitors	Portable KWH Recorders & Monitors
recorder-sensor-kits	Recorder Sensor Kits
combustion-testing	Combustion Testing
combustion-analyzers	Combustion Analyzers
combustion-analyzer-accessories	Combustion Analyzer Accessories
concrete-asphalt-pavement-testing	Concrete, Asphalt & Pavement Testing
concrete-testing	Concrete Testing
asphalt-testing	Asphalt Testing
pavement-testing	Pavement Testing
electronic-bench-testing	Electronic Bench Testing
bench-type-digital-multimeters	Bench Type Digital Multimeters
battery-capacity-analyzers-accessories	Battery Capacity Analyzers & Accessories
lcr-meters	LCR Meters
decade-boxes	Decade Boxes
electronic-loads	Electronic Loads
bench-testing-power-supplies-accessories	Bench Testing Power Supplies & Accessories
antistatic-safety-equipment	Antistatic Safety Equipment
bench-pressure-calibrators	Bench Pressure Calibrators
function-pulse-generators	Function & Pulse Generators
data-acquisition-systems-accessories	Data Acquisition Systems & Accessories
spectrum-analyzers-accessories	Spectrum Analyzers & Accessories
bench-type-oscilloscopes	Bench Type Oscilloscopes
process-pressure-calibration	Process & Pressure Calibration
calibrators-accessories	Calibrators & Accessories
ultrasonic-flowmeters-accessories	Ultrasonic Flowmeters & Accessories
panel-mount-tachometers	Panel Mount Tachometers
tools	Tools
hand-tools	Hand Tools
wrenches	Wrenches
screwdrivers-nut-drivers-keys	Screwdrivers, Nut Drivers & Keys
ratchets-drive-tools	Ratchets & Drive Tools
pliers	Pliers
hammers	Hammers
punching-tools-chisels	Punching Tools & Chisels
files	Files
pryers-pullers	Pryers & Pullers
scissors-snips-cutting-tools	Scissors, Snips & Cutting Tools
knives-blades	Knives & Blades
multi-tools	Multi-Tools
hand-saws-blades	Hand Saws & Blades
clamps	Clamps
vises-anvils	Vises & Anvils
hand-nailers-staplers-riveting-tools	Hand Nailers, Staplers & Riveting Tools
electrical-data-hand-tools	Electrical & Data Hand Tools
pipe-hose-conduit-hand-tools	Pipe, Hose & Conduit Hand Tools
drain-cleaning-plumbing-hand-tools	Drain Cleaning & Plumbing Hand Tools
wire-rope-swaging-tools	Wire Rope Swaging Tools
sheet-metal-folders-crimpers	Sheet Metal Folders & Crimpers
assorted-tool-sets-kits	Assorted Tool Sets & Kits
hand-tool-replacement-parts	Hand Tool Replacement Parts
inspection-retrieval-tools	Inspection & Retrieval Tools
scrapers-compound-spreading-hand-tools	Scrapers & Compound Spreading Hand Tools
drywall-trowels-tapers-mud-pans	Drywall Trowels, Tapers & Mud Pans
concrete-masonry-hand-tools	Concrete & Masonry Hand Tools
asphalt-hand-tools	Asphalt Hand Tools
flooring-tile-carpet-hand-tools	Flooring, Tile & Carpet Hand Tools
bolt-screw-extractor-tools	Bolt & Screw Extractor Tools
power-tools	Power Tools
cordless-tool-tracking-tags	Cordless Tool Tracking Tags
cordless-tool-jobsite-fans	Cordless Tool Jobsite Fans
cordless-tool-batteries-power-accessories	Cordless Tool Batteries & Power Accessories
cordless-tool-combination-kits	Cordless Tool Combination Kits
cordless-tool-jobsite-radios-speakers	Cordless Tool Jobsite Radios & Speakers
impact-wrenches-power-torque-wrenches-power-ratchets	Impact Wrenches, Power Torque Wrenches & Power Ratchets
cordless-tool-lighting	Cordless Tool Lighting
drills-drivers	Drills & Drivers
grinders-cut-off-tools	Grinders & Cut-Off Tools
heat-guns-heat-blowers-hot-knives	Heat Guns, Heat Blowers & Hot Knives
mud-mixers-concrete-vibrators	Mud Mixers & Concrete Vibrators
power-planers-jointers-joiners	Power Planers, Jointers & Joiners
electrician-s-power-tools	Electrician's Power Tools
plumbing-power-tools	Plumbing Power Tools
power-punching-tools	Power Punching Tools
sanding-finishing-tools	Sanding & Finishing Tools
engravers-accessories	Engravers & Accessories
power-saws-blades	Power Saws & Blades
power-shears-nibblers	Power Shears & Nibblers
nail-guns-staple-guns-rivet-tools	Nail Guns, Staple Guns & Rivet Tools
rebar-tying-tools-cutters-benders	Rebar Tying Tools, Cutters & Benders
rotary-hammers-demolition-hammers-breaker-hammers	Rotary Hammers, Demolition Hammers & Breaker Hammers
routers-bits-wood-shapers	Routers, Bits & Wood Shapers
dust-collectors-extractors	Dust Collectors & Extractors
power-tool-replacement-parts	Power Tool Replacement Parts
rotary-tools-oscillating-tools-cut-out-tools	Rotary Tools, Oscillating Tools & Cut-Out Tools
woodturning-lathes	Woodturning Lathes
railroad-power-tools	Railroad Power Tools
measuring-layout-tools	Measuring & Layout Tools
rail-track-gauges	Rail Track Gauges
tape-measures	Tape Measures
long-reeled-measuring-tapes	Long & Reeled Measuring Tapes
adhesive-tape-measures	Adhesive Tape Measures
digital-tape-measures-accessories	Digital Tape Measures & Accessories
oil-gauging-tapes	Oil Gauging Tapes
measuring-wheels-accessories	Measuring Wheels & Accessories
distance-meters-accessories	Distance Meters & Accessories
rulers	Rulers
levels-plumb-bobs	Levels & Plumb Bobs
laser-levels	Laser Levels
squares-angle-finders	Squares & Angle Finders
wall-scanners	Wall Scanners
length-measuring-machines	Length Measuring Machines
stud-finders	Stud Finders
marking-tools	Marking Tools
sockets-bits	Sockets & Bits
sockets-sets	Sockets & Sets
bit-sockets-sets	Bit Sockets & Sets
socket-adapters-extensions-accessories	Socket Adapters, Extensions & Accessories
screwdriver-bits	Screwdriver Bits
screwdriver-bit-sets	Screwdriver Bit Sets
double-ended-driver-bits	Double-Ended Driver Bits
nutsetters-sets	Nutsetters & Sets
bit-holders	Bit Holders
tool-storage	Tool Storage
jobsite-boxes-cabinets	Jobsite Boxes & Cabinets
tool-cabinets-chests-carts	Tool Cabinets, Chests & Carts
modular-tool-storage-systems	Modular Tool Storage Systems
tool-backpacks-rolling-tool-bags	Tool Backpacks & Rolling Tool Bags
tool-totes-wide-mouth-tool-bags	Tool Totes & Wide-Mouth Tool Bags
portable-tool-boxes-cases	Portable Tool Boxes & Cases
tool-pouches-holsters-sheaths	Tool Pouches, Holsters & Sheaths
tool-belts-aprons-suspenders-vests	Tool Belts, Aprons, Suspenders & Vests
flat-zippered-tool-bags	Flat Zippered Tool Bags
bucket-bags-aerial-bucket-tool-storage	Bucket Bags & Aerial Bucket Tool Storage
tool-organizers	Tool Organizers
tool-storage-accessories	Tool Storage Accessories
cordless-tool-battery-holders	Cordless Tool & Battery Holders
tool-balancers-retractors-accessories	Tool Balancers, Retractors & Accessories
tool-balancers-retractors	Tool Balancers & Retractors
balancer-retractor-chains-cables-saddles	Balancer & Retractor Chains, Cables & Saddles
lanyards	Lanyards
welding	Welding
arc-welding	Arc Welding
mig-welding	MIG Welding
tig-welding	TIG Welding
stick-welding	Stick Welding
multiprocess-welders	Multiprocess Welders
engine-driven-welders-accessories	Engine-Driven Welders & Accessories
battery-powered-welders	Battery-Powered Welders
welding-cobots	Welding Cobots
welding-cable-connectors-cable-grounds	Welding Cable, Connectors & Cable Grounds
welder-remote-controls	Welder Remote Controls
welder-covers	Welder Covers
welding-carts-running-gear	Welding Carts & Running Gear
welding-coolant-systems-accessories	Welding Coolant Systems & Accessories
welding-training-systems	Welding Training Systems
filler-metals	Filler Metals
stick-welding-electrodes	Stick Welding Electrodes
welding-wire	Welding Wire
tig-welding-rods	TIG Welding Rods
brazing-soldering-filler-metals	Brazing & Soldering Filler Metals
gas-welding-rods	Gas Welding Rods
gas-equipment	Gas Equipment
oxy-fuel-equipment	Oxy-Fuel Equipment
map-pro-propane-equipment	MAP-Pro & Propane Equipment
air-acetylene-equipment	Air-Acetylene Equipment
butane-torches-lighters	Butane Torches & Lighters
gas-regulators-flowmeters	Gas Regulators & Flowmeters
gas-cylinders-accessories	Gas Cylinders & Accessories
flint-lighters	Flint Lighters
laser-welding	Laser Welding
laser-welders	Laser Welders
plasma-cutting	Plasma Cutting
plasma-cutters	Plasma Cutters
plasma-torch-consumables	Plasma Torch Consumables
plasma-torches	Plasma Torches
plasma-cutting-guides	Plasma Cutting Guides
plasma-torch-adapter-kits	Plasma Torch Adapter Kits
plasma-cutter-air-filters	Plasma Cutter Air Filters
cnc-plasma-cutting-tables	CNC Plasma Cutting Tables
soldering	Soldering
soldering-irons-accessories	Soldering Irons & Accessories
soldering-stations-accessories	Soldering Stations & Accessories
desoldering-equipment	Desoldering Equipment
soldering-desoldering-tip-cleaners	Soldering & Desoldering Tip Cleaners
solder-pots	Solder Pots
soldering-iron-testers-thermometers	Soldering Iron Testers & Thermometers
soldering-workholders-positioners	Soldering Workholders & Positioners
acid-flux-brushes	Acid & Flux Brushes
conformal-coatings-removers	Conformal Coatings & Removers
air-carbon-arc-cutting-gouging	Air Carbon Arc Cutting & Gouging
air-carbon-arc-cutting-gouging-electrodes	Air Carbon Arc Cutting & Gouging Electrodes
air-carbon-arc-cutting-gouging-torches	Air Carbon Arc Cutting & Gouging Torches
air-carbon-arc-cutting-gouging-torch-parts-accessories	Air Carbon Arc Cutting & Gouging Torch Parts & Accessories
plastic-welding	Plastic Welding
plastic-welding-rods	Plastic Welding Rods
plastic-welding-tips	Plastic Welding Tips
plastic-welders	Plastic Welders
spot-welding	Spot Welding
spot-welding-tips	Spot Welding Tips
spot-welding-tongs	Spot Welding Tongs
stud-welding	Stud Welding
weld-studs	Weld Studs
stud-welding-collets-chucks	Stud Welding Collets & Chucks
stud-welding-stop-pins	Stud Welding Stop Pins
stud-welding-ferrule-grips	Stud Welding Ferrule Grips
stud-welders	Stud Welders
welding-soldering-area-protection	Welding & Soldering Area Protection
welding-blankets	Welding Blankets
welding-blanket-rolls	Welding Blanket Rolls
welding-curtains	Welding Curtains
welding-curtain-rolls	Welding Curtain Rolls
welding-screens	Welding Screens
welding-screen-curtain-accessories	Welding Screen & Curtain Accessories
welding-booths	Welding Booths
welding-tents	Welding Tents
welding-umbrellas	Welding Umbrellas
insulated-welding-pads	Insulated Welding Pads
pipeline-cooling-wraps	Pipeline Cooling Wraps
soldering-flame-barriers	Soldering Flame Barriers
welding-soldering-fume-extraction	Welding & Soldering Fume Extraction
fume-extractors	Fume Extractors
fume-extractor-filters	Fume Extractor Filters
fume-extractor-hoses-nozzles	Fume Extractor Hoses & Nozzles
fume-extractor-exhauster-arms	Fume Extractor & Exhauster Arms
weld-fixturing-marking-preparation	Weld Fixturing, Marking & Preparation
welding-tables-accessories	Welding Tables & Accessories
welding-magnets	Welding Magnets
pipe-welding-layout-preparation-tools	Pipe Welding Layout & Preparation Tools
rotary-welding-positioners	Rotary Welding Positioners
welding-markers	Welding Markers
electrochemical-marking-etching-tools	Electrochemical Marking & Etching Tools
antispatter	Antispatter
weld-through-primer	Weld-Through Primer
ceramic-weld-backing	Ceramic Weld Backing
weld-testing-inspection	Weld Testing & Inspection
dye-penetrant-testing	Dye Penetrant Testing
magnetic-particle-testing	Magnetic Particle Testing
weld-inspection-gauges	Weld Inspection Gauges
welding-temperature-indicators	Welding Temperature Indicators
weld-cleaning	Weld Cleaning
weld-cleaning-systems	Weld Cleaning Systems
weld-cleaning-solutions	Weld Cleaning Solutions
weld-cleaning-system-accessories	Weld Cleaning System Accessories
welding-torch-tip-nozzle-cleaning-tools	Welding Torch Tip & Nozzle Cleaning Tools
